,,,,,,,,,,
编号,名称,类型,属性,HP,攻击,防御,特攻,特防,速度,图片链接
1,Bulbasaur,Grass,Poison,45,49,49,65,65,45,https://img.pokemondb.net/sprites/scarlet-violet/icon/bulbasaur.png
2,Ivysaur,Grass,Poison,60,62,63,80,80,60,https://img.pokemondb.net/sprites/scarlet-violet/icon/ivysaur.png
3,Venusaur,Grass,Poison,80,82,83,100,100,80,https://img.pokemondb.net/sprites/scarlet-violet/icon/venusaur.png
4,Charmander,Fire, ,39,52,43,60,50,65,https://img.pokemondb.net/sprites/scarlet-violet/icon/charmander.png
5,Charmeleon,Fire, ,58,64,58,80,65,80,https://img.pokemondb.net/sprites/scarlet-violet/icon/charmeleon.png
6,Charizard,Fire,Flying,78,84,78,109,85,100,https://img.pokemondb.net/sprites/scarlet-violet/icon/charizard.png
7,Squirtle,Water, ,44,48,65,50,64,43,https://img.pokemondb.net/sprites/scarlet-violet/icon/squirtle.png
8,Wartortle,Water, ,59,63,80,65,80,58,https://img.pokemondb.net/sprites/scarlet-violet/icon/wartortle.png
9,Blastoise,Water, ,79,83,100,85,105,78,https://img.pokemondb.net/sprites/scarlet-violet/icon/blastoise.png
10,Caterpie,Bug, ,45,30,35,20,20,45,https://img.pokemondb.net/sprites/scarlet-violet/icon/caterpie.png
11,Metapod,Bug, ,50,20,55,25,25,30,https://img.pokemondb.net/sprites/scarlet-violet/icon/metapod.png
12,Butterfree,Bug,Flying,60,45,50,90,80,70,https://img.pokemondb.net/sprites/scarlet-violet/icon/butterfree.png
13,Weedle,Bug,Poison,40,35,30,20,20,50,https://img.pokemondb.net/sprites/scarlet-violet/icon/weedle.png
14,Kakuna,Bug,Poison,45,25,50,25,25,35,https://img.pokemondb.net/sprites/scarlet-violet/icon/kakuna.png
15,Beedrill,Bug,Poison,65,90,40,45,80,75,https://img.pokemondb.net/sprites/scarlet-violet/icon/beedrill.png
16,Pidgey,Normal,Flying,40,45,40,35,35,56,https://img.pokemondb.net/sprites/scarlet-violet/icon/pidgey.png
17,Pidgeotto,Normal,Flying,63,60,55,50,50,71,https://img.pokemondb.net/sprites/scarlet-violet/icon/pidgeotto.png
18,Pidgeot,Normal,Flying,83,80,75,70,70,101,https://img.pokemondb.net/sprites/scarlet-violet/icon/pidgeot.png
19,Rattata,Normal, ,30,56,35,25,35,72,https://img.pokemondb.net/sprites/scarlet-violet/icon/rattata.png
20,Raticate,Normal, ,55,81,60,50,70,97,https://img.pokemondb.net/sprites/scarlet-violet/icon/raticate.png
21,Spearow,Normal,Flying,40,60,30,31,31,70,https://img.pokemondb.net/sprites/scarlet-violet/icon/spearow.png
22,Fearow,Normal,Flying,65,90,65,61,61,100,https://img.pokemondb.net/sprites/scarlet-violet/icon/fearow.png
23,Ekans,Poison, ,35,60,44,40,54,55,https://img.pokemondb.net/sprites/scarlet-violet/icon/ekans.png
24,Arbok,Poison, ,60,95,69,65,79,80,https://img.pokemondb.net/sprites/scarlet-violet/icon/arbok.png
25,Pikachu,Electric, ,35,55,40,50,50,90,https://img.pokemondb.net/sprites/scarlet-violet/icon/pikachu.png
26,Raichu,Electric, ,60,90,55,90,80,110,https://img.pokemondb.net/sprites/scarlet-violet/icon/raichu.png
27,Sandshrew,Ground, ,50,75,85,20,30,40,https://img.pokemondb.net/sprites/scarlet-violet/icon/sandshrew.png
28,Sandslash,Ground, ,75,100,110,45,55,65,https://img.pokemondb.net/sprites/scarlet-violet/icon/sandslash.png
29,Female,Poison, ,55,47,52,40,40,41,https://img.pokemondb.net/sprites/scarlet-violet/icon/nidoran-female.png
30,Nidorina,Poison, ,70,62,67,55,55,56,https://img.pokemondb.net/sprites/scarlet-violet/icon/nidorina.png
31,Nidoqueen,Poison,Ground,90,92,87,75,85,76,https://img.pokemondb.net/sprites/scarlet-violet/icon/nidoqueen.png
32,Male,Poison, ,46,57,40,40,40,50,https://img.pokemondb.net/sprites/scarlet-violet/icon/nidoran-male.png
33,Nidorino,Poison, ,61,72,57,55,55,65,https://img.pokemondb.net/sprites/scarlet-violet/icon/nidorino.png
34,Nidoking,Poison,Ground,81,102,77,85,75,85,https://img.pokemondb.net/sprites/scarlet-violet/icon/nidoking.png
35,Clefairy,Fairy, ,70,45,48,60,65,35,https://img.pokemondb.net/sprites/scarlet-violet/icon/clefairy.png
36,Clefable,Fairy, ,95,70,73,95,90,60,https://img.pokemondb.net/sprites/scarlet-violet/icon/clefable.png
37,Vulpix,Fire, ,38,41,40,50,65,65,https://img.pokemondb.net/sprites/scarlet-violet/icon/vulpix.png
38,Ninetales,Fire, ,73,76,75,81,100,100,https://img.pokemondb.net/sprites/scarlet-violet/icon/ninetales.png
39,Jigglypuff,Normal,Fairy,115,45,20,45,25,20,https://img.pokemondb.net/sprites/scarlet-violet/icon/jigglypuff.png
40,Wigglytuff,Normal,Fairy,140,70,45,85,50,45,https://img.pokemondb.net/sprites/scarlet-violet/icon/wigglytuff.png
41,Zubat,Poison,Flying,40,45,35,30,40,55,https://img.pokemondb.net/sprites/scarlet-violet/icon/zubat.png
42,Golbat,Poison,Flying,75,80,70,65,75,90,https://img.pokemondb.net/sprites/scarlet-violet/icon/golbat.png
43,Oddish,Grass,Poison,45,50,55,75,65,30,https://img.pokemondb.net/sprites/scarlet-violet/icon/oddish.png
44,Gloom,Grass,Poison,60,65,70,85,75,40,https://img.pokemondb.net/sprites/scarlet-violet/icon/gloom.png
45,Vileplume,Grass,Poison,75,80,85,110,90,50,https://img.pokemondb.net/sprites/scarlet-violet/icon/vileplume.png
46,Paras,Bug,Grass,35,70,55,45,55,25,https://img.pokemondb.net/sprites/scarlet-violet/icon/paras.png
47,Parasect,Bug,Grass,60,95,80,60,80,30,https://img.pokemondb.net/sprites/scarlet-violet/icon/parasect.png
48,Venonat,Bug,Poison,60,55,50,40,55,45,https://img.pokemondb.net/sprites/scarlet-violet/icon/venonat.png
49,Venomoth,Bug,Poison,70,65,60,90,75,90,https://img.pokemondb.net/sprites/scarlet-violet/icon/venomoth.png
50,Diglett,Ground, ,10,55,25,35,45,95,https://img.pokemondb.net/sprites/scarlet-violet/icon/diglett.png
51,Dugtrio,Ground, ,35,100,50,50,70,120,https://img.pokemondb.net/sprites/scarlet-violet/icon/dugtrio.png
52,Meowth,Normal, ,40,45,35,40,40,90,https://img.pokemondb.net/sprites/scarlet-violet/icon/meowth.png
53,Persian,Normal, ,65,70,60,65,65,115,https://img.pokemondb.net/sprites/scarlet-violet/icon/persian.png
54,Psyduck,Water, ,50,52,48,65,50,55,https://img.pokemondb.net/sprites/scarlet-violet/icon/psyduck.png
55,Golduck,Water, ,80,82,78,95,80,85,https://img.pokemondb.net/sprites/scarlet-violet/icon/golduck.png
56,Mankey,Fighting, ,40,80,35,35,45,70,https://img.pokemondb.net/sprites/scarlet-violet/icon/mankey.png
57,Primeape,Fighting, ,65,105,60,60,70,95,https://img.pokemondb.net/sprites/scarlet-violet/icon/primeape.png
58,Growlithe,Fire, ,55,70,45,70,50,60,https://img.pokemondb.net/sprites/scarlet-violet/icon/growlithe.png
59,Arcanine,Fire, ,90,110,80,100,80,95,https://img.pokemondb.net/sprites/scarlet-violet/icon/arcanine.png
60,Poliwag,Water, ,40,50,40,40,40,90,https://img.pokemondb.net/sprites/scarlet-violet/icon/poliwag.png
61,Poliwhirl,Water, ,65,65,65,50,50,90,https://img.pokemondb.net/sprites/scarlet-violet/icon/poliwhirl.png
62,Poliwrath,Water,Fighting,90,95,95,70,90,70,https://img.pokemondb.net/sprites/scarlet-violet/icon/poliwrath.png
63,Abra,Psychic, ,25,20,15,105,55,90,https://img.pokemondb.net/sprites/scarlet-violet/icon/abra.png
64,Kadabra,Psychic, ,40,35,30,120,70,105,https://img.pokemondb.net/sprites/scarlet-violet/icon/kadabra.png
65,Alakazam,Psychic, ,55,50,45,135,95,120,https://img.pokemondb.net/sprites/scarlet-violet/icon/alakazam.png
66,Machop,Fighting, ,70,80,50,35,35,35,https://img.pokemondb.net/sprites/scarlet-violet/icon/machop.png
67,Machoke,Fighting, ,80,100,70,50,60,45,https://img.pokemondb.net/sprites/scarlet-violet/icon/machoke.png
68,Machamp,Fighting, ,90,130,80,65,85,55,https://img.pokemondb.net/sprites/scarlet-violet/icon/machamp.png
69,Bellsprout,Grass,Poison,50,75,35,70,30,40,https://img.pokemondb.net/sprites/scarlet-violet/icon/bellsprout.png
70,Weepinbell,Grass,Poison,65,90,50,85,45,55,https://img.pokemondb.net/sprites/scarlet-violet/icon/weepinbell.png
71,Victreebel,Grass,Poison,80,105,65,100,70,70,https://img.pokemondb.net/sprites/scarlet-violet/icon/victreebel.png
72,Tentacool,Water,Poison,40,40,35,50,100,70,https://img.pokemondb.net/sprites/scarlet-violet/icon/tentacool.png
73,Tentacruel,Water,Poison,80,70,65,80,120,100,https://img.pokemondb.net/sprites/scarlet-violet/icon/tentacruel.png
74,Geodude,Rock,Ground,40,80,100,30,30,20,https://img.pokemondb.net/sprites/scarlet-violet/icon/geodude.png
75,Graveler,Rock,Ground,55,95,115,45,45,35,https://img.pokemondb.net/sprites/scarlet-violet/icon/graveler.png
76,Golem,Rock,Ground,80,120,130,55,65,45,https://img.pokemondb.net/sprites/scarlet-violet/icon/golem.png
77,Ponyta,Fire, ,50,85,55,65,65,90,https://img.pokemondb.net/sprites/scarlet-violet/icon/ponyta.png
78,Rapidash,Fire, ,65,100,70,80,80,105,https://img.pokemondb.net/sprites/scarlet-violet/icon/rapidash.png
79,Slowpoke,Water,Psychic,90,65,65,40,40,15,https://img.pokemondb.net/sprites/scarlet-violet/icon/slowpoke.png
80,Slowbro,Water,Psychic,95,75,110,100,80,30,https://img.pokemondb.net/sprites/scarlet-violet/icon/slowbro.png
81,Magnemite,Electric,Steel,25,35,70,95,55,45,https://img.pokemondb.net/sprites/scarlet-violet/icon/magnemite.png
82,Magneton,Electric,Steel,50,60,95,120,70,70,https://img.pokemondb.net/sprites/scarlet-violet/icon/magneton.png
83,Farfetch'd,Normal,Flying,52,90,55,58,62,60,https://img.pokemondb.net/sprites/scarlet-violet/icon/farfetch-d.png
84,Doduo,Normal,Flying,35,85,45,35,35,75,https://img.pokemondb.net/sprites/scarlet-violet/icon/doduo.png
85,Dodrio,Normal,Flying,60,110,70,60,60,110,https://img.pokemondb.net/sprites/scarlet-violet/icon/dodrio.png
86,Seel,Water, ,65,45,55,45,70,45,https://img.pokemondb.net/sprites/scarlet-violet/icon/seel.png
87,Dewgong,Water,Ice,90,70,80,70,95,70,https://img.pokemondb.net/sprites/scarlet-violet/icon/dewgong.png
88,Grimer,Poison, ,80,80,50,40,50,25,https://img.pokemondb.net/sprites/scarlet-violet/icon/grimer.png
89,Muk,Poison, ,105,105,75,65,100,50,https://img.pokemondb.net/sprites/scarlet-violet/icon/muk.png
90,Shellder,Water, ,30,65,100,45,25,40,https://img.pokemondb.net/sprites/scarlet-violet/icon/shellder.png
91,Cloyster,Water,Ice,50,95,180,85,45,70,https://img.pokemondb.net/sprites/scarlet-violet/icon/cloyster.png
92,Gastly,Ghost,Poison,30,35,30,100,35,80,https://img.pokemondb.net/sprites/scarlet-violet/icon/gastly.png
93,Haunter,Ghost,Poison,45,50,45,115,55,95,https://img.pokemondb.net/sprites/scarlet-violet/icon/haunter.png
94,Gengar,Ghost,Poison,60,65,60,130,75,110,https://img.pokemondb.net/sprites/scarlet-violet/icon/gengar.png
95,Onix,Rock,Ground,35,45,160,30,45,70,https://img.pokemondb.net/sprites/scarlet-violet/icon/onix.png
96,Drowzee,Psychic, ,60,48,45,43,90,42,https://img.pokemondb.net/sprites/scarlet-violet/icon/drowzee.png
97,Hypno,Psychic, ,85,73,70,73,115,67,https://img.pokemondb.net/sprites/scarlet-violet/icon/hypno.png
98,Krabby,Water, ,30,105,90,25,25,50,https://img.pokemondb.net/sprites/scarlet-violet/icon/krabby.png
99,Kingler,Water, ,55,130,115,50,50,75,https://img.pokemondb.net/sprites/scarlet-violet/icon/kingler.png
100,Voltorb,Electric, ,40,30,50,55,55,100,https://img.pokemondb.net/sprites/scarlet-violet/icon/voltorb.png
101,Electrode,Electric, ,60,50,70,80,80,150,https://img.pokemondb.net/sprites/scarlet-violet/icon/electrode.png
102,Exeggcute,Grass,Psychic,60,40,80,60,45,40,https://img.pokemondb.net/sprites/scarlet-violet/icon/exeggcute.png
103,Exeggutor,Grass,Psychic,95,95,85,125,75,55,https://img.pokemondb.net/sprites/scarlet-violet/icon/exeggutor.png
104,Cubone,Ground, ,50,50,95,40,50,35,https://img.pokemondb.net/sprites/scarlet-violet/icon/cubone.png
105,Marowak,Ground, ,60,80,110,50,80,45,https://img.pokemondb.net/sprites/scarlet-violet/icon/marowak.png
106,Hitmonlee,Fighting, ,50,120,53,35,110,87,https://img.pokemondb.net/sprites/scarlet-violet/icon/hitmonlee.png
107,Hitmonchan,Fighting, ,50,105,79,35,110,76,https://img.pokemondb.net/sprites/scarlet-violet/icon/hitmonchan.png
108,Lickitung,Normal, ,90,55,75,60,75,30,https://img.pokemondb.net/sprites/scarlet-violet/icon/lickitung.png
109,Koffing,Poison, ,40,65,95,60,45,35,https://img.pokemondb.net/sprites/scarlet-violet/icon/koffing.png
110,Weezing,Poison, ,65,90,120,85,70,60,https://img.pokemondb.net/sprites/scarlet-violet/icon/weezing.png
111,Rhyhorn,Ground,Rock,80,85,95,30,30,25,https://img.pokemondb.net/sprites/scarlet-violet/icon/rhyhorn.png
112,Rhydon,Ground,Rock,105,130,120,45,45,40,https://img.pokemondb.net/sprites/scarlet-violet/icon/rhydon.png
113,Chansey,Normal, ,250,5,5,35,105,50,https://img.pokemondb.net/sprites/scarlet-violet/icon/chansey.png
114,Tangela,Grass, ,65,55,115,100,40,60,https://img.pokemondb.net/sprites/scarlet-violet/icon/tangela.png
115,Kangaskhan,Normal, ,105,95,80,40,80,90,https://img.pokemondb.net/sprites/scarlet-violet/icon/kangaskhan.png
116,Horsea,Water, ,30,40,70,70,25,60,https://img.pokemondb.net/sprites/scarlet-violet/icon/horsea.png
117,Seadra,Water, ,55,65,95,95,45,85,https://img.pokemondb.net/sprites/scarlet-violet/icon/seadra.png
118,Goldeen,Water, ,45,67,60,35,50,63,https://img.pokemondb.net/sprites/scarlet-violet/icon/goldeen.png
119,Seaking,Water, ,80,92,65,65,80,68,https://img.pokemondb.net/sprites/scarlet-violet/icon/seaking.png
120,Staryu,Water, ,30,45,55,70,55,85,https://img.pokemondb.net/sprites/scarlet-violet/icon/staryu.png
121,Starmie,Water,Psychic,60,75,85,100,85,115,https://img.pokemondb.net/sprites/scarlet-violet/icon/starmie.png
122,Mr. Mime,Psychic,Fairy,40,45,65,100,120,90,https://img.pokemondb.net/sprites/scarlet-violet/icon/mr-mime.png
123,Scyther,Bug,Flying,70,110,80,55,80,105,https://img.pokemondb.net/sprites/scarlet-violet/icon/scyther.png
124,Jynx,Ice,Psychic,65,50,35,115,95,95,https://img.pokemondb.net/sprites/scarlet-violet/icon/jynx.png
125,Electabuzz,Electric, ,65,83,57,95,85,105,https://img.pokemondb.net/sprites/scarlet-violet/icon/electabuzz.png
126,Magmar,Fire, ,65,95,57,100,85,93,https://img.pokemondb.net/sprites/scarlet-violet/icon/magmar.png
127,Pinsir,Bug, ,65,125,100,55,70,85,https://img.pokemondb.net/sprites/scarlet-violet/icon/pinsir.png
128,Tauros,Normal, ,75,100,95,40,70,110,https://img.pokemondb.net/sprites/scarlet-violet/icon/tauros.png
129,Magikarp,Water, ,20,10,55,15,20,80,https://img.pokemondb.net/sprites/scarlet-violet/icon/magikarp.png
130,Gyarados,Water,Flying,95,125,79,60,100,81,https://img.pokemondb.net/sprites/scarlet-violet/icon/gyarados.png
131,Lapras,Water,Ice,130,85,80,85,95,60,https://img.pokemondb.net/sprites/scarlet-violet/icon/lapras.png
132,Ditto,Normal, ,48,48,48,48,48,48,https://img.pokemondb.net/sprites/scarlet-violet/icon/ditto.png
133,Eevee,Normal, ,55,55,50,45,65,55,https://img.pokemondb.net/sprites/scarlet-violet/icon/eevee.png
134,Vaporeon,Water, ,130,65,60,110,95,65,https://img.pokemondb.net/sprites/scarlet-violet/icon/vaporeon.png
135,Jolteon,Electric, ,65,65,60,110,95,130,https://img.pokemondb.net/sprites/scarlet-violet/icon/jolteon.png
136,Flareon,Fire, ,65,130,60,95,110,65,https://img.pokemondb.net/sprites/scarlet-violet/icon/flareon.png
137,Porygon,Normal, ,65,60,70,85,75,40,https://img.pokemondb.net/sprites/scarlet-violet/icon/porygon.png
138,Omanyte,Rock,Water,35,40,100,90,55,35,https://img.pokemondb.net/sprites/scarlet-violet/icon/omanyte.png
139,Omastar,Rock,Water,70,60,125,115,70,55,https://img.pokemondb.net/sprites/scarlet-violet/icon/omastar.png
140,Kabuto,Rock,Water,30,80,90,55,45,55,https://img.pokemondb.net/sprites/scarlet-violet/icon/kabuto.png
141,Kabutops,Rock,Water,60,115,105,65,70,80,https://img.pokemondb.net/sprites/scarlet-violet/icon/kabutops.png
142,Aerodactyl,Rock,Flying,80,105,65,60,75,130,https://img.pokemondb.net/sprites/scarlet-violet/icon/aerodactyl.png
143,Snorlax,Normal, ,160,110,65,65,110,30,https://img.pokemondb.net/sprites/scarlet-violet/icon/snorlax.png
144,Articuno,Ice,Flying,90,85,100,95,125,85,https://img.pokemondb.net/sprites/scarlet-violet/icon/articuno.png
145,Zapdos,Electric,Flying,90,90,85,125,90,100,https://img.pokemondb.net/sprites/scarlet-violet/icon/zapdos.png
146,Moltres,Fire,Flying,90,100,90,125,85,90,https://img.pokemondb.net/sprites/scarlet-violet/icon/moltres.png
147,Dratini,Dragon, ,41,64,45,50,50,50,https://img.pokemondb.net/sprites/scarlet-violet/icon/dratini.png
148,Dragonair,Dragon, ,61,84,65,70,70,70,https://img.pokemondb.net/sprites/scarlet-violet/icon/dragonair.png
149,Dragonite,Dragon,Flying,91,134,95,100,100,80,https://img.pokemondb.net/sprites/scarlet-violet/icon/dragonite.png
150,Mewtwo,Psychic, ,106,110,90,154,90,130,https://img.pokemondb.net/sprites/scarlet-violet/icon/mewtwo.png
151,Mew,Psychic, ,100,100,100,100,100,100,https://img.pokemondb.net/sprites/scarlet-violet/icon/mew.png
152,Chikorita,Grass, ,45,49,65,49,65,45,https://img.pokemondb.net/sprites/scarlet-violet/icon/chikorita.png
153,Bayleef,Grass, ,60,62,80,63,80,60,https://img.pokemondb.net/sprites/scarlet-violet/icon/bayleef.png
154,Meganium,Grass, ,80,82,100,83,100,80,https://img.pokemondb.net/sprites/scarlet-violet/icon/meganium.png
155,Cyndaquil,Fire, ,39,52,43,60,50,65,https://img.pokemondb.net/sprites/scarlet-violet/icon/cyndaquil.png
156,Quilava,Fire, ,58,64,58,80,65,80,https://img.pokemondb.net/sprites/scarlet-violet/icon/quilava.png
157,Typhlosion,Fire, ,78,84,78,109,85,100,https://img.pokemondb.net/sprites/scarlet-violet/icon/typhlosion.png
158,Totodile,Water, ,50,65,64,44,48,43,https://img.pokemondb.net/sprites/scarlet-violet/icon/totodile.png
159,Croconaw,Water, ,65,80,80,59,63,58,https://img.pokemondb.net/sprites/scarlet-violet/icon/croconaw.png
160,Feraligatr,Water, ,85,105,100,79,83,78,https://img.pokemondb.net/sprites/scarlet-violet/icon/feraligatr.png
161,Sentret,Normal, ,35,46,34,35,45,20,https://img.pokemondb.net/sprites/scarlet-violet/icon/sentret.png
162,Furret,Normal, ,85,76,64,45,55,90,https://img.pokemondb.net/sprites/scarlet-violet/icon/furret.png
163,Hoothoot,Normal,Flying,60,30,30,36,56,50,https://img.pokemondb.net/sprites/scarlet-violet/icon/hoothoot.png
164,Noctowl,Normal,Flying,100,50,50,86,96,70,https://img.pokemondb.net/sprites/scarlet-violet/icon/noctowl.png
165,Ledyba,Bug,Flying,40,20,30,40,80,55,https://img.pokemondb.net/sprites/scarlet-violet/icon/ledyba.png
166,Ledian,Bug,Flying,55,35,50,55,110,85,https://img.pokemondb.net/sprites/scarlet-violet/icon/ledian.png
167,Spinarak,Bug,Poison,40,60,40,40,40,30,https://img.pokemondb.net/sprites/scarlet-violet/icon/spinarak.png
168,Ariados,Bug,Poison,70,90,70,60,70,40,https://img.pokemondb.net/sprites/scarlet-violet/icon/ariados.png
169,Crobat,Poison,Flying,85,90,80,70,80,130,https://img.pokemondb.net/sprites/scarlet-violet/icon/crobat.png
170,Chinchou,Water,Electric,75,38,38,56,56,67,https://img.pokemondb.net/sprites/scarlet-violet/icon/chinchou.png
171,Lanturn,Water,Electric,125,58,58,76,76,67,https://img.pokemondb.net/sprites/scarlet-violet/icon/lanturn.png
172,Pichu,Electric, ,20,40,15,35,35,60,https://img.pokemondb.net/sprites/scarlet-violet/icon/pichu.png
173,Cleffa,Fairy, ,50,25,28,45,55,15,https://img.pokemondb.net/sprites/scarlet-violet/icon/cleffa.png
174,Igglybuff,Normal,Fairy,90,30,15,40,20,15,https://img.pokemondb.net/sprites/scarlet-violet/icon/igglybuff.png
175,Togepi,Fairy, ,35,20,65,40,65,20,https://img.pokemondb.net/sprites/scarlet-violet/icon/togepi.png
176,Togetic,Fairy,Flying,55,40,85,80,105,40,https://img.pokemondb.net/sprites/scarlet-violet/icon/togetic.png
177,Natu,Psychic,Flying,40,50,45,70,45,70,https://img.pokemondb.net/sprites/scarlet-violet/icon/natu.png
178,Xatu,Psychic,Flying,65,75,70,95,70,95,https://img.pokemondb.net/sprites/scarlet-violet/icon/xatu.png
179,Mareep,Electric, ,55,40,40,65,45,35,https://img.pokemondb.net/sprites/scarlet-violet/icon/mareep.png
180,Flaaffy,Electric, ,70,55,55,80,60,45,https://img.pokemondb.net/sprites/scarlet-violet/icon/flaaffy.png
181,Ampharos,Electric, ,90,75,85,115,90,55,https://img.pokemondb.net/sprites/scarlet-violet/icon/ampharos.png
182,Bellossom,Grass, ,75,80,95,90,100,50,https://img.pokemondb.net/sprites/scarlet-violet/icon/bellossom.png
183,Marill,Water,Fairy,70,20,50,20,50,40,https://img.pokemondb.net/sprites/scarlet-violet/icon/marill.png
184,Azumarill,Water,Fairy,100,50,80,60,80,50,https://img.pokemondb.net/sprites/scarlet-violet/icon/azumarill.png
185,Sudowoodo,Rock, ,70,100,115,30,65,30,https://img.pokemondb.net/sprites/scarlet-violet/icon/sudowoodo.png
186,Politoed,Water, ,90,75,75,90,100,70,https://img.pokemondb.net/sprites/scarlet-violet/icon/politoed.png
187,Hoppip,Grass,Flying,35,35,40,35,55,50,https://img.pokemondb.net/sprites/scarlet-violet/icon/hoppip.png
188,Skiploom,Grass,Flying,55,45,50,45,65,80,https://img.pokemondb.net/sprites/scarlet-violet/icon/skiploom.png
189,Jumpluff,Grass,Flying,75,55,70,55,95,110,https://img.pokemondb.net/sprites/scarlet-violet/icon/jumpluff.png
190,Aipom,Normal, ,55,70,55,40,55,85,https://img.pokemondb.net/sprites/scarlet-violet/icon/aipom.png
191,Sunkern,Grass, ,30,30,30,30,30,30,https://img.pokemondb.net/sprites/scarlet-violet/icon/sunkern.png
192,Sunflora,Grass, ,75,75,55,105,85,30,https://img.pokemondb.net/sprites/scarlet-violet/icon/sunflora.png
193,Yanma,Bug,Flying,65,65,45,75,45,95,https://img.pokemondb.net/sprites/scarlet-violet/icon/yanma.png
194,Wooper,Water,Ground,55,45,45,25,25,15,https://img.pokemondb.net/sprites/scarlet-violet/icon/wooper.png
195,Quagsire,Water,Ground,95,85,85,65,65,35,https://img.pokemondb.net/sprites/scarlet-violet/icon/quagsire.png
196,Espeon,Psychic, ,65,65,60,130,95,110,https://img.pokemondb.net/sprites/scarlet-violet/icon/espeon.png
197,Umbreon,Dark, ,95,65,110,60,130,65,https://img.pokemondb.net/sprites/scarlet-violet/icon/umbreon.png
198,Murkrow,Dark,Flying,60,85,42,85,42,91,https://img.pokemondb.net/sprites/scarlet-violet/icon/murkrow.png
199,Slowking,Water,Psychic,95,75,80,100,110,30,https://img.pokemondb.net/sprites/scarlet-violet/icon/slowking.png
200,Misdreavus,Ghost, ,60,60,60,85,85,85,https://img.pokemondb.net/sprites/scarlet-violet/icon/misdreavus.png
201,Unown,Psychic, ,48,72,48,72,48,48,https://img.pokemondb.net/sprites/scarlet-violet/icon/unown.png
202,Wobbuffet,Psychic, ,190,33,58,33,58,33,https://img.pokemondb.net/sprites/scarlet-violet/icon/wobbuffet.png
203,Girafarig,Normal,Psychic,70,80,65,90,65,85,https://img.pokemondb.net/sprites/scarlet-violet/icon/girafarig.png
204,Pineco,Bug, ,50,65,90,35,35,15,https://img.pokemondb.net/sprites/scarlet-violet/icon/pineco.png
205,Forretress,Bug,Steel,75,90,140,60,60,40,https://img.pokemondb.net/sprites/scarlet-violet/icon/forretress.png
206,Dunsparce,Normal, ,100,70,70,65,65,45,https://img.pokemondb.net/sprites/scarlet-violet/icon/dunsparce.png
207,Gligar,Ground,Flying,65,75,105,35,65,85,https://img.pokemondb.net/sprites/scarlet-violet/icon/gligar.png
208,Steelix,Steel,Ground,75,85,200,55,65,30,https://img.pokemondb.net/sprites/scarlet-violet/icon/steelix.png
209,Snubbull,Fairy, ,60,80,50,40,40,30,https://img.pokemondb.net/sprites/scarlet-violet/icon/snubbull.png
210,Granbull,Fairy, ,90,120,75,60,60,45,https://img.pokemondb.net/sprites/scarlet-violet/icon/granbull.png
211,Qwilfish,Water,Poison,65,95,85,55,55,85,https://img.pokemondb.net/sprites/scarlet-violet/icon/qwilfish.png
212,Scizor,Bug,Steel,70,130,100,55,80,65,https://img.pokemondb.net/sprites/scarlet-violet/icon/scizor.png
213,Shuckle,Bug,Rock,20,10,230,10,230,5,https://img.pokemondb.net/sprites/scarlet-violet/icon/shuckle.png
214,Heracross,Bug,Fighting,80,125,75,40,95,85,https://img.pokemondb.net/sprites/scarlet-violet/icon/heracross.png
215,Sneasel,Dark,Ice,55,95,55,35,75,115,https://img.pokemondb.net/sprites/scarlet-violet/icon/sneasel.png
216,Teddiursa,Normal, ,60,80,50,50,50,40,https://img.pokemondb.net/sprites/scarlet-violet/icon/teddiursa.png
217,Ursaring,Normal, ,90,130,75,75,75,55,https://img.pokemondb.net/sprites/scarlet-violet/icon/ursaring.png
218,Slugma,Fire, ,40,40,40,70,40,20,https://img.pokemondb.net/sprites/scarlet-violet/icon/slugma.png
219,Magcargo,Fire,Rock,60,50,120,90,80,30,https://img.pokemondb.net/sprites/scarlet-violet/icon/magcargo.png
220,Swinub,Ice,Ground,50,50,40,30,30,50,https://img.pokemondb.net/sprites/scarlet-violet/icon/swinub.png
221,Piloswine,Ice,Ground,100,100,80,60,60,50,https://img.pokemondb.net/sprites/scarlet-violet/icon/piloswine.png
222,Corsola,Water,Rock,65,55,95,65,95,35,https://img.pokemondb.net/sprites/scarlet-violet/icon/corsola.png
223,Remoraid,Water, ,35,65,35,65,35,65,https://img.pokemondb.net/sprites/scarlet-violet/icon/remoraid.png
224,Octillery,Water, ,75,105,75,105,75,45,https://img.pokemondb.net/sprites/scarlet-violet/icon/octillery.png
225,Delibird,Ice,Flying,45,55,45,65,45,75,https://img.pokemondb.net/sprites/scarlet-violet/icon/delibird.png
226,Mantine,Water,Flying,85,40,70,80,140,70,https://img.pokemondb.net/sprites/scarlet-violet/icon/mantine.png
227,Skarmory,Steel,Flying,65,80,140,40,70,70,https://img.pokemondb.net/sprites/scarlet-violet/icon/skarmory.png
228,Houndour,Dark,Fire,45,60,30,80,50,65,https://img.pokemondb.net/sprites/scarlet-violet/icon/houndour.png
229,Houndoom,Dark,Fire,75,90,50,110,80,95,https://img.pokemondb.net/sprites/scarlet-violet/icon/houndoom.png
230,Kingdra,Water,Dragon,75,95,95,95,95,85,https://img.pokemondb.net/sprites/scarlet-violet/icon/kingdra.png
231,Phanpy,Ground, ,90,60,60,40,40,40,https://img.pokemondb.net/sprites/scarlet-violet/icon/phanpy.png
232,Donphan,Ground, ,90,120,120,60,60,50,https://img.pokemondb.net/sprites/scarlet-violet/icon/donphan.png
233,Porygon2,Normal, ,85,80,90,105,95,60,https://img.pokemondb.net/sprites/scarlet-violet/icon/porygon2.png
234,Stantler,Normal, ,73,95,62,85,65,85,https://img.pokemondb.net/sprites/scarlet-violet/icon/stantler.png
235,Smeargle,Normal, ,55,20,35,20,45,75,https://img.pokemondb.net/sprites/scarlet-violet/icon/smeargle.png
236,Tyrogue,Fighting, ,35,35,35,35,35,35,https://img.pokemondb.net/sprites/scarlet-violet/icon/tyrogue.png
237,Hitmontop,Fighting, ,50,95,95,35,110,70,https://img.pokemondb.net/sprites/scarlet-violet/icon/hitmontop.png
238,Smoochum,Ice,Psychic,45,30,15,85,65,65,https://img.pokemondb.net/sprites/scarlet-violet/icon/smoochum.png
239,Elekid,Electric, ,45,63,37,65,55,95,https://img.pokemondb.net/sprites/scarlet-violet/icon/elekid.png
240,Magby,Fire, ,45,75,37,70,55,83,https://img.pokemondb.net/sprites/scarlet-violet/icon/magby.png
241,Miltank,Normal, ,95,80,105,40,70,100,https://img.pokemondb.net/sprites/scarlet-violet/icon/miltank.png
242,Blissey,Normal, ,255,10,10,75,135,55,https://img.pokemondb.net/sprites/scarlet-violet/icon/blissey.png
243,Raikou,Electric, ,90,85,75,115,100,115,https://img.pokemondb.net/sprites/scarlet-violet/icon/raikou.png
244,Entei,Fire, ,115,115,85,90,75,100,https://img.pokemondb.net/sprites/scarlet-violet/icon/entei.png
245,Suicune,Water, ,100,75,115,90,115,85,https://img.pokemondb.net/sprites/scarlet-violet/icon/suicune.png
246,Larvitar,Rock,Ground,50,64,50,45,50,41,https://img.pokemondb.net/sprites/scarlet-violet/icon/larvitar.png
247,Pupitar,Rock,Ground,70,84,70,65,70,51,https://img.pokemondb.net/sprites/scarlet-violet/icon/pupitar.png
248,Tyranitar,Rock,Dark,100,134,110,95,100,61,https://img.pokemondb.net/sprites/scarlet-violet/icon/tyranitar.png
249,Lugia,Psychic,Flying,106,90,130,90,154,110,https://img.pokemondb.net/sprites/scarlet-violet/icon/lugia.png
250,Ho-oh,Fire,Flying,106,130,90,110,154,90,https://img.pokemondb.net/sprites/scarlet-violet/icon/ho-oh.png
251,Celebi,Psychic,Grass,100,100,100,100,100,100,https://img.pokemondb.net/sprites/scarlet-violet/icon/celebi.png
252,Treecko,Grass, ,40,45,35,65,55,70,https://img.pokemondb.net/sprites/scarlet-violet/icon/treecko.png
253,Grovyle,Grass, ,50,65,45,85,65,95,https://img.pokemondb.net/sprites/scarlet-violet/icon/grovyle.png
254,Sceptile,Grass, ,70,85,65,105,85,120,https://img.pokemondb.net/sprites/scarlet-violet/icon/sceptile.png
255,Torchic,Fire, ,45,60,40,70,50,45,https://img.pokemondb.net/sprites/scarlet-violet/icon/torchic.png
256,Combusken,Fire,Fighting,60,85,60,85,60,55,https://img.pokemondb.net/sprites/scarlet-violet/icon/combusken.png
257,Blaziken,Fire,Fighting,80,120,70,110,70,80,https://img.pokemondb.net/sprites/scarlet-violet/icon/blaziken.png
258,Mudkip,Water, ,50,70,50,50,50,40,https://img.pokemondb.net/sprites/scarlet-violet/icon/mudkip.png
259,Marshtomp,Water,Ground,70,85,70,60,70,50,https://img.pokemondb.net/sprites/scarlet-violet/icon/marshtomp.png
260,Swampert,Water,Ground,100,110,90,85,90,60,https://img.pokemondb.net/sprites/scarlet-violet/icon/swampert.png
261,Poochyena,Dark, ,35,55,35,30,30,35,https://img.pokemondb.net/sprites/scarlet-violet/icon/poochyena.png
262,Mightyena,Dark, ,70,90,70,60,60,70,https://img.pokemondb.net/sprites/scarlet-violet/icon/mightyena.png
263,Zigzagoon,Normal, ,38,30,41,30,41,60,https://img.pokemondb.net/sprites/scarlet-violet/icon/zigzagoon.png
264,Linoone,Normal, ,78,70,61,50,61,100,https://img.pokemondb.net/sprites/scarlet-violet/icon/linoone.png
265,Wurmple,Bug, ,45,45,35,20,30,20,https://img.pokemondb.net/sprites/scarlet-violet/icon/wurmple.png
266,Silcoon,Bug, ,50,35,55,25,25,15,https://img.pokemondb.net/sprites/scarlet-violet/icon/silcoon.png
267,Beautifly,Bug,Flying,60,70,50,100,50,65,https://img.pokemondb.net/sprites/scarlet-violet/icon/beautifly.png
268,Cascoon,Bug, ,50,35,55,25,25,15,https://img.pokemondb.net/sprites/scarlet-violet/icon/cascoon.png
269,Dustox,Bug,Poison,60,50,70,50,90,65,https://img.pokemondb.net/sprites/scarlet-violet/icon/dustox.png
270,Lotad,Water,Grass,40,30,30,40,50,30,https://img.pokemondb.net/sprites/scarlet-violet/icon/lotad.png
271,Lombre,Water,Grass,60,50,50,60,70,50,https://img.pokemondb.net/sprites/scarlet-violet/icon/lombre.png
272,Ludicolo,Water,Grass,80,70,70,90,100,70,https://img.pokemondb.net/sprites/scarlet-violet/icon/ludicolo.png
273,Seedot,Grass, ,40,40,50,30,30,30,https://img.pokemondb.net/sprites/scarlet-violet/icon/seedot.png
274,Nuzleaf,Grass,Dark,70,70,40,60,40,60,https://img.pokemondb.net/sprites/scarlet-violet/icon/nuzleaf.png
275,Shiftry,Grass,Dark,90,100,60,90,60,80,https://img.pokemondb.net/sprites/scarlet-violet/icon/shiftry.png
276,Taillow,Normal,Flying,40,55,30,30,30,85,https://img.pokemondb.net/sprites/scarlet-violet/icon/taillow.png
277,Swellow,Normal,Flying,60,85,60,75,50,125,https://img.pokemondb.net/sprites/scarlet-violet/icon/swellow.png
278,Wingull,Water,Flying,40,30,30,55,30,85,https://img.pokemondb.net/sprites/scarlet-violet/icon/wingull.png
279,Pelipper,Water,Flying,60,50,100,95,70,65,https://img.pokemondb.net/sprites/scarlet-violet/icon/pelipper.png
280,Ralts,Psychic,Fairy,28,25,25,45,35,40,https://img.pokemondb.net/sprites/scarlet-violet/icon/ralts.png
281,Kirlia,Psychic,Fairy,38,35,35,65,55,50,https://img.pokemondb.net/sprites/scarlet-violet/icon/kirlia.png
282,Gardevoir,Psychic,Fairy,68,65,65,125,115,80,https://img.pokemondb.net/sprites/scarlet-violet/icon/gardevoir.png
283,Surskit,Bug,Water,40,30,32,50,52,65,https://img.pokemondb.net/sprites/scarlet-violet/icon/surskit.png
284,Masquerain,Bug,Flying,70,60,62,100,82,80,https://img.pokemondb.net/sprites/scarlet-violet/icon/masquerain.png
285,Shroomish,Grass, ,60,40,60,40,60,35,https://img.pokemondb.net/sprites/scarlet-violet/icon/shroomish.png
286,Breloom,Grass,Fighting,60,130,80,60,60,70,https://img.pokemondb.net/sprites/scarlet-violet/icon/breloom.png
287,Slakoth,Normal, ,60,60,60,35,35,30,https://img.pokemondb.net/sprites/scarlet-violet/icon/slakoth.png
288,Vigoroth,Normal, ,80,80,80,55,55,90,https://img.pokemondb.net/sprites/scarlet-violet/icon/vigoroth.png
289,Slaking,Normal, ,150,160,100,95,65,100,https://img.pokemondb.net/sprites/scarlet-violet/icon/slaking.png
290,Nincada,Bug,Ground,31,45,90,30,30,40,https://img.pokemondb.net/sprites/scarlet-violet/icon/nincada.png
291,Ninjask,Bug,Flying,61,90,45,50,50,160,https://img.pokemondb.net/sprites/scarlet-violet/icon/ninjask.png
292,Shedinja,Bug,Ghost,1,90,45,30,30,40,https://img.pokemondb.net/sprites/scarlet-violet/icon/shedinja.png
293,Whismur,Normal, ,64,51,23,51,23,28,https://img.pokemondb.net/sprites/scarlet-violet/icon/whismur.png
294,Loudred,Normal, ,84,71,43,71,43,48,https://img.pokemondb.net/sprites/scarlet-violet/icon/loudred.png
295,Exploud,Normal, ,104,91,63,91,73,68,https://img.pokemondb.net/sprites/scarlet-violet/icon/exploud.png
296,Makuhita,Fighting, ,72,60,30,20,30,25,https://img.pokemondb.net/sprites/scarlet-violet/icon/makuhita.png
297,Hariyama,Fighting, ,144,120,60,40,60,50,https://img.pokemondb.net/sprites/scarlet-violet/icon/hariyama.png
298,Azurill,Normal,Fairy,50,20,40,20,40,20,https://img.pokemondb.net/sprites/scarlet-violet/icon/azurill.png
299,Nosepass,Rock, ,30,45,135,45,90,30,https://img.pokemondb.net/sprites/scarlet-violet/icon/nosepass.png
300,Skitty,Normal, ,50,45,45,35,35,50,https://img.pokemondb.net/sprites/scarlet-violet/icon/skitty.png
301,Delcatty,Normal, ,70,65,65,55,55,90,https://img.pokemondb.net/sprites/scarlet-violet/icon/delcatty.png
302,Sableye,Dark,Ghost,50,75,75,65,65,50,https://img.pokemondb.net/sprites/scarlet-violet/icon/sableye.png
303,Mawile,Steel,Fairy,50,85,85,55,55,50,https://img.pokemondb.net/sprites/scarlet-violet/icon/mawile.png
304,Aron,Steel,Rock,50,70,100,40,40,30,https://img.pokemondb.net/sprites/scarlet-violet/icon/aron.png
305,Lairon,Steel,Rock,60,90,140,50,50,40,https://img.pokemondb.net/sprites/scarlet-violet/icon/lairon.png
306,Aggron,Steel,Rock,70,110,180,60,60,50,https://img.pokemondb.net/sprites/scarlet-violet/icon/aggron.png
307,Meditite,Fighting,Psychic,30,40,55,40,55,60,https://img.pokemondb.net/sprites/scarlet-violet/icon/meditite.png
308,Medicham,Fighting,Psychic,60,60,75,60,75,80,https://img.pokemondb.net/sprites/scarlet-violet/icon/medicham.png
309,Electrike,Electric, ,40,45,40,65,40,65,https://img.pokemondb.net/sprites/scarlet-violet/icon/electrike.png
310,Manectric,Electric, ,70,75,60,105,60,105,https://img.pokemondb.net/sprites/scarlet-violet/icon/manectric.png
311,Plusle,Electric, ,60,50,40,85,75,95,https://img.pokemondb.net/sprites/scarlet-violet/icon/plusle.png
312,Minun,Electric, ,60,40,50,75,85,95,https://img.pokemondb.net/sprites/scarlet-violet/icon/minun.png
313,Volbeat,Bug, ,65,73,75,47,85,85,https://img.pokemondb.net/sprites/scarlet-violet/icon/volbeat.png
314,Illumise,Bug, ,65,47,75,73,85,85,https://img.pokemondb.net/sprites/scarlet-violet/icon/illumise.png
315,Roselia,Grass,Poison,50,60,45,100,80,65,https://img.pokemondb.net/sprites/scarlet-violet/icon/roselia.png
316,Gulpin,Poison, ,70,43,53,43,53,40,https://img.pokemondb.net/sprites/scarlet-violet/icon/gulpin.png
317,Swalot,Poison, ,100,73,83,73,83,55,https://img.pokemondb.net/sprites/scarlet-violet/icon/swalot.png
318,Carvanha,Water,Dark,45,90,20,65,20,65,https://img.pokemondb.net/sprites/scarlet-violet/icon/carvanha.png
319,Sharpedo,Water,Dark,70,120,40,95,40,95,https://img.pokemondb.net/sprites/scarlet-violet/icon/sharpedo.png
320,Wailmer,Water, ,130,70,35,70,35,60,https://img.pokemondb.net/sprites/scarlet-violet/icon/wailmer.png
321,Wailord,Water, ,170,90,45,90,45,60,https://img.pokemondb.net/sprites/scarlet-violet/icon/wailord.png
322,Numel,Fire,Ground,60,60,40,65,45,35,https://img.pokemondb.net/sprites/scarlet-violet/icon/numel.png
323,Camerupt,Fire,Ground,70,100,70,105,75,40,https://img.pokemondb.net/sprites/scarlet-violet/icon/camerupt.png
324,Torkoal,Fire, ,70,85,140,85,70,20,https://img.pokemondb.net/sprites/scarlet-violet/icon/torkoal.png
325,Spoink,Psychic, ,60,25,35,70,80,60,https://img.pokemondb.net/sprites/scarlet-violet/icon/spoink.png
326,Grumpig,Psychic, ,80,45,65,90,110,80,https://img.pokemondb.net/sprites/scarlet-violet/icon/grumpig.png
327,Spinda,Normal, ,60,60,60,60,60,60,https://img.pokemondb.net/sprites/scarlet-violet/icon/spinda.png
328,Trapinch,Ground, ,45,100,45,45,45,10,https://img.pokemondb.net/sprites/scarlet-violet/icon/trapinch.png
329,Vibrava,Ground,Dragon,50,70,50,50,50,70,https://img.pokemondb.net/sprites/scarlet-violet/icon/vibrava.png
330,Flygon,Ground,Dragon,80,100,80,80,80,100,https://img.pokemondb.net/sprites/scarlet-violet/icon/flygon.png
331,Cacnea,Grass, ,50,85,40,85,40,35,https://img.pokemondb.net/sprites/scarlet-violet/icon/cacnea.png
332,Cacturne,Grass,Dark,70,115,60,115,60,55,https://img.pokemondb.net/sprites/scarlet-violet/icon/cacturne.png
333,Swablu,Normal,Flying,45,40,60,40,75,50,https://img.pokemondb.net/sprites/scarlet-violet/icon/swablu.png
334,Altaria,Dragon,Flying,75,70,90,70,105,80,https://img.pokemondb.net/sprites/scarlet-violet/icon/altaria.png
335,Zangoose,Normal, ,73,115,60,60,60,90,https://img.pokemondb.net/sprites/scarlet-violet/icon/zangoose.png
336,Seviper,Poison, ,73,100,60,100,60,65,https://img.pokemondb.net/sprites/scarlet-violet/icon/seviper.png
337,Lunatone,Rock,Psychic,90,55,65,95,85,70,https://img.pokemondb.net/sprites/scarlet-violet/icon/lunatone.png
338,Solrock,Rock,Psychic,90,95,85,55,65,70,https://img.pokemondb.net/sprites/scarlet-violet/icon/solrock.png
339,Barboach,Water,Ground,50,48,43,46,41,60,https://img.pokemondb.net/sprites/scarlet-violet/icon/barboach.png
340,Whiscash,Water,Ground,110,78,73,76,71,60,https://img.pokemondb.net/sprites/scarlet-violet/icon/whiscash.png
341,Corphish,Water, ,43,80,65,50,35,35,https://img.pokemondb.net/sprites/scarlet-violet/icon/corphish.png
342,Crawdaunt,Water,Dark,63,120,85,90,55,55,https://img.pokemondb.net/sprites/scarlet-violet/icon/crawdaunt.png
343,Baltoy,Ground,Psychic,40,40,55,40,70,55,https://img.pokemondb.net/sprites/scarlet-violet/icon/baltoy.png
344,Claydol,Ground,Psychic,60,70,105,70,120,75,https://img.pokemondb.net/sprites/scarlet-violet/icon/claydol.png
345,Lileep,Rock,Grass,66,41,77,61,87,23,https://img.pokemondb.net/sprites/scarlet-violet/icon/lileep.png
346,Cradily,Rock,Grass,86,81,97,81,107,43,https://img.pokemondb.net/sprites/scarlet-violet/icon/cradily.png
347,Anorith,Rock,Bug,45,95,50,40,50,75,https://img.pokemondb.net/sprites/scarlet-violet/icon/anorith.png
348,Armaldo,Rock,Bug,75,125,100,70,80,45,https://img.pokemondb.net/sprites/scarlet-violet/icon/armaldo.png
349,Feebas,Water, ,20,15,20,10,55,80,https://img.pokemondb.net/sprites/scarlet-violet/icon/feebas.png
350,Milotic,Water, ,95,60,79,100,125,81,https://img.pokemondb.net/sprites/scarlet-violet/icon/milotic.png
351,Castform,Normal, ,70,70,70,70,70,70,https://img.pokemondb.net/sprites/scarlet-violet/icon/castform.png
351,Sunny Form,Fire, ,70,70,70,70,70,70,https://img.pokemondb.net/sprites/scarlet-violet/icon/castform-sunny-form.png
351,Rainy Form,Water, ,70,70,70,70,70,70,https://img.pokemondb.net/sprites/scarlet-violet/icon/castform-rainy-form.png
351,Snowy Form,Ice, ,70,70,70,70,70,70,https://img.pokemondb.net/sprites/scarlet-violet/icon/castform-snowy-form.png
352,Kecleon,Normal, ,60,90,70,60,120,40,https://img.pokemondb.net/sprites/scarlet-violet/icon/kecleon.png
353,Shuppet,Ghost, ,44,75,35,63,33,45,https://img.pokemondb.net/sprites/scarlet-violet/icon/shuppet.png
354,Banette,Ghost, ,64,115,65,83,63,65,https://img.pokemondb.net/sprites/scarlet-violet/icon/banette.png
355,Duskull,Ghost, ,20,40,90,30,90,25,https://img.pokemondb.net/sprites/scarlet-violet/icon/duskull.png
356,Dusclops,Ghost, ,40,70,130,60,130,25,https://img.pokemondb.net/sprites/scarlet-violet/icon/dusclops.png
357,Tropius,Grass,Flying,99,68,83,72,87,51,https://img.pokemondb.net/sprites/scarlet-violet/icon/tropius.png
358,Chimecho,Psychic, ,75,50,80,95,90,65,https://img.pokemondb.net/sprites/scarlet-violet/icon/chimecho.png
359,Absol,Dark, ,65,130,60,75,60,75,https://img.pokemondb.net/sprites/scarlet-violet/icon/absol.png
360,Wynaut,Psychic, ,95,23,48,23,48,23,https://img.pokemondb.net/sprites/scarlet-violet/icon/wynaut.png
361,Snorunt,Ice, ,50,50,50,50,50,50,https://img.pokemondb.net/sprites/scarlet-violet/icon/snorunt.png
362,Glalie,Ice, ,80,80,80,80,80,80,https://img.pokemondb.net/sprites/scarlet-violet/icon/glalie.png
363,Spheal,Ice,Water,70,40,50,55,50,25,https://img.pokemondb.net/sprites/scarlet-violet/icon/spheal.png
364,Sealeo,Ice,Water,90,60,70,75,70,45,https://img.pokemondb.net/sprites/scarlet-violet/icon/sealeo.png
365,Walrein,Ice,Water,110,80,90,95,90,65,https://img.pokemondb.net/sprites/scarlet-violet/icon/walrein.png
366,Clamperl,Water, ,35,64,85,74,55,32,https://img.pokemondb.net/sprites/scarlet-violet/icon/clamperl.png
367,Huntail,Water, ,55,104,105,94,75,52,https://img.pokemondb.net/sprites/scarlet-violet/icon/huntail.png
368,Gorebyss,Water, ,55,84,105,114,75,52,https://img.pokemondb.net/sprites/scarlet-violet/icon/gorebyss.png
369,Relicanth,Water,Rock,100,90,130,45,65,55,https://img.pokemondb.net/sprites/scarlet-violet/icon/relicanth.png
370,Luvdisc,Water, ,43,30,55,40,65,97,https://img.pokemondb.net/sprites/scarlet-violet/icon/luvdisc.png
371,Bagon,Dragon, ,45,75,60,40,30,50,https://img.pokemondb.net/sprites/scarlet-violet/icon/bagon.png
372,Shelgon,Dragon, ,65,95,100,60,50,50,https://img.pokemondb.net/sprites/scarlet-violet/icon/shelgon.png
373,Salamence,Dragon,Flying,95,135,80,110,80,100,https://img.pokemondb.net/sprites/scarlet-violet/icon/salamence.png
374,Beldum,Steel,Psychic,40,55,80,35,60,30,https://img.pokemondb.net/sprites/scarlet-violet/icon/beldum.png
375,Metang,Steel,Psychic,60,75,100,55,80,50,https://img.pokemondb.net/sprites/scarlet-violet/icon/metang.png
376,Metagross,Steel,Psychic,80,135,130,95,90,70,https://img.pokemondb.net/sprites/scarlet-violet/icon/metagross.png
377,Regirock,Rock, ,80,100,200,50,100,50,https://img.pokemondb.net/sprites/scarlet-violet/icon/regirock.png
378,Regice,Ice, ,80,50,100,100,200,50,https://img.pokemondb.net/sprites/scarlet-violet/icon/regice.png
379,Registeel,Steel, ,80,75,150,75,150,50,https://img.pokemondb.net/sprites/scarlet-violet/icon/registeel.png
380,Latias,Dragon,Psychic,80,80,90,110,130,110,https://img.pokemondb.net/sprites/scarlet-violet/icon/latias.png
381,Latios,Dragon,Psychic,80,90,80,130,110,110,https://img.pokemondb.net/sprites/scarlet-violet/icon/latios.png
382,Kyogre,Water, ,100,100,90,150,140,90,https://img.pokemondb.net/sprites/scarlet-violet/icon/kyogre.png
383,Groudon,Ground, ,100,150,140,100,90,90,https://img.pokemondb.net/sprites/scarlet-violet/icon/groudon.png
384,Rayquaza,Dragon,Flying,105,150,90,150,90,95,https://img.pokemondb.net/sprites/scarlet-violet/icon/rayquaza.png
385,Jirachi,Steel,Psychic,100,100,100,100,100,100,https://img.pokemondb.net/sprites/scarlet-violet/icon/jirachi.png
386,Normal Forme,Psychic, ,50,150,50,150,50,150,https://img.pokemondb.net/sprites/scarlet-violet/icon/deoxys-normal-forme.png
386,Attack Forme,Psychic, ,50,180,20,180,20,150,https://img.pokemondb.net/sprites/scarlet-violet/icon/deoxys-attack-forme.png
386,Defense Forme,Psychic, ,50,70,160,70,160,90,https://img.pokemondb.net/sprites/scarlet-violet/icon/deoxys-defense-forme.png
386,Speed Forme,Psychic, ,50,95,90,95,90,180,https://img.pokemondb.net/sprites/scarlet-violet/icon/deoxys-speed-forme.png
387,Turtwig,Grass, ,55,68,64,45,55,31,https://img.pokemondb.net/sprites/scarlet-violet/icon/turtwig.png
388,Grotle,Grass, ,75,89,85,55,65,36,https://img.pokemondb.net/sprites/scarlet-violet/icon/grotle.png
389,Torterra,Grass,Ground,95,109,105,75,85,56,https://img.pokemondb.net/sprites/scarlet-violet/icon/torterra.png
390,Chimchar,Fire, ,44,58,44,58,44,61,https://img.pokemondb.net/sprites/scarlet-violet/icon/chimchar.png
391,Monferno,Fire,Fighting,64,78,52,78,52,81,https://img.pokemondb.net/sprites/scarlet-violet/icon/monferno.png
392,Infernape,Fire,Fighting,76,104,71,104,71,108,https://img.pokemondb.net/sprites/scarlet-violet/icon/infernape.png
393,Piplup,Water, ,53,51,53,61,56,40,https://img.pokemondb.net/sprites/scarlet-violet/icon/piplup.png
394,Prinplup,Water, ,64,66,68,81,76,50,https://img.pokemondb.net/sprites/scarlet-violet/icon/prinplup.png
395,Empoleon,Water,Steel,84,86,88,111,101,60,https://img.pokemondb.net/sprites/scarlet-violet/icon/empoleon.png
396,Starly,Normal,Flying,40,55,30,30,30,60,https://img.pokemondb.net/sprites/scarlet-violet/icon/starly.png
397,Staravia,Normal,Flying,55,75,50,40,40,80,https://img.pokemondb.net/sprites/scarlet-violet/icon/staravia.png
398,Staraptor,Normal,Flying,85,120,70,50,60,100,https://img.pokemondb.net/sprites/scarlet-violet/icon/staraptor.png
399,Bidoof,Normal, ,59,45,40,35,40,31,https://img.pokemondb.net/sprites/scarlet-violet/icon/bidoof.png
400,Bibarel,Normal,Water,79,85,60,55,60,71,https://img.pokemondb.net/sprites/scarlet-violet/icon/bibarel.png
401,Kricketot,Bug, ,37,25,41,25,41,25,https://img.pokemondb.net/sprites/scarlet-violet/icon/kricketot.png
402,Kricketune,Bug, ,77,85,51,55,51,65,https://img.pokemondb.net/sprites/scarlet-violet/icon/kricketune.png
403,Shinx,Electric, ,45,65,34,40,34,45,https://img.pokemondb.net/sprites/scarlet-violet/icon/shinx.png
404,Luxio,Electric, ,60,85,49,60,49,60,https://img.pokemondb.net/sprites/scarlet-violet/icon/luxio.png
405,Luxray,Electric, ,80,120,79,95,79,70,https://img.pokemondb.net/sprites/scarlet-violet/icon/luxray.png
406,Budew,Grass,Poison,40,30,35,50,70,55,https://img.pokemondb.net/sprites/scarlet-violet/icon/budew.png
407,Roserade,Grass,Poison,60,70,65,125,105,90,https://img.pokemondb.net/sprites/scarlet-violet/icon/roserade.png
408,Cranidos,Rock, ,67,125,40,30,30,58,https://img.pokemondb.net/sprites/scarlet-violet/icon/cranidos.png
409,Rampardos,Rock, ,97,165,60,65,50,58,https://img.pokemondb.net/sprites/scarlet-violet/icon/rampardos.png
410,Shieldon,Rock,Steel,30,42,118,42,88,30,https://img.pokemondb.net/sprites/scarlet-violet/icon/shieldon.png
411,Bastiodon,Rock,Steel,60,52,168,47,138,30,https://img.pokemondb.net/sprites/scarlet-violet/icon/bastiodon.png
412,Plant Cloak,Bug, ,40,29,45,29,45,36,https://img.pokemondb.net/sprites/scarlet-violet/icon/burmy-plant-cloak.png
412,Sandy Cloak,Bug, ,40,29,45,29,45,36,https://img.pokemondb.net/sprites/scarlet-violet/icon/burmy-sandy-cloak.png
412,Trash Cloak,Bug, ,40,29,45,29,45,36,https://img.pokemondb.net/sprites/scarlet-violet/icon/burmy-trash-cloak.png
413,Plant Cloak,Bug,Grass,60,59,85,79,105,36,https://img.pokemondb.net/sprites/scarlet-violet/icon/wormadam-plant-cloak.png
413,Sandy Cloak,Bug,Ground,60,79,105,59,85,36,https://img.pokemondb.net/sprites/scarlet-violet/icon/wormadam-sandy-cloak.png
413,Trash Cloak,Bug,Steel,60,69,95,69,95,36,https://img.pokemondb.net/sprites/scarlet-violet/icon/wormadam-trash-cloak.png
414,Mothim,Bug,Flying,70,94,50,94,50,66,https://img.pokemondb.net/sprites/scarlet-violet/icon/mothim.png
415,Combee,Bug,Flying,30,30,42,30,42,70,https://img.pokemondb.net/sprites/scarlet-violet/icon/combee.png
416,Vespiquen,Bug,Flying,70,80,102,80,102,40,https://img.pokemondb.net/sprites/scarlet-violet/icon/vespiquen.png
417,Pachirisu,Electric, ,60,45,70,45,90,95,https://img.pokemondb.net/sprites/scarlet-violet/icon/pachirisu.png
418,Buizel,Water, ,55,65,35,60,30,85,https://img.pokemondb.net/sprites/scarlet-violet/icon/buizel.png
419,Floatzel,Water, ,85,105,55,85,50,115,https://img.pokemondb.net/sprites/scarlet-violet/icon/floatzel.png
420,Cherubi,Grass, ,45,35,45,62,53,35,https://img.pokemondb.net/sprites/scarlet-violet/icon/cherubi.png
421,Cherrim,Grass, ,70,60,70,87,78,85,https://img.pokemondb.net/sprites/scarlet-violet/icon/cherrim.png
422,Shellos,Water, ,76,48,48,57,62,34,https://img.pokemondb.net/sprites/scarlet-violet/icon/shellos.png
423,Gastrodon,Water,Ground,111,83,68,92,82,39,https://img.pokemondb.net/sprites/scarlet-violet/icon/gastrodon.png
424,Ambipom,Normal, ,75,100,66,60,66,115,https://img.pokemondb.net/sprites/scarlet-violet/icon/ambipom.png
425,Drifloon,Ghost,Flying,90,50,34,60,44,70,https://img.pokemondb.net/sprites/scarlet-violet/icon/drifloon.png
426,Drifblim,Ghost,Flying,150,80,44,90,54,80,https://img.pokemondb.net/sprites/scarlet-violet/icon/drifblim.png
427,Buneary,Normal, ,55,66,44,44,56,85,https://img.pokemondb.net/sprites/scarlet-violet/icon/buneary.png
428,Lopunny,Normal, ,65,76,84,54,96,105,https://img.pokemondb.net/sprites/scarlet-violet/icon/lopunny.png
429,Mismagius,Ghost, ,60,60,60,105,105,105,https://img.pokemondb.net/sprites/scarlet-violet/icon/mismagius.png
430,Honchkrow,Dark,Flying,100,125,52,105,52,71,https://img.pokemondb.net/sprites/scarlet-violet/icon/honchkrow.png
431,Glameow,Normal, ,49,55,42,42,37,85,https://img.pokemondb.net/sprites/scarlet-violet/icon/glameow.png
432,Purugly,Normal, ,71,82,64,64,59,112,https://img.pokemondb.net/sprites/scarlet-violet/icon/purugly.png
433,Chingling,Psychic, ,45,30,50,65,50,45,https://img.pokemondb.net/sprites/scarlet-violet/icon/chingling.png
434,Stunky,Poison,Dark,63,63,47,41,41,74,https://img.pokemondb.net/sprites/scarlet-violet/icon/stunky.png
435,Skuntank,Poison,Dark,103,93,67,71,61,84,https://img.pokemondb.net/sprites/scarlet-violet/icon/skuntank.png
436,Bronzor,Steel,Psychic,57,24,86,24,86,23,https://img.pokemondb.net/sprites/scarlet-violet/icon/bronzor.png
437,Bronzong,Steel,Psychic,67,89,116,79,116,33,https://img.pokemondb.net/sprites/scarlet-violet/icon/bronzong.png
438,Bonsly,Rock, ,50,80,95,10,45,10,https://img.pokemondb.net/sprites/scarlet-violet/icon/bonsly.png
439,Mime Jr.,Psychic,Fairy,20,25,45,70,90,60,https://img.pokemondb.net/sprites/scarlet-violet/icon/mime-jr.png
440,Happiny,Normal, ,100,5,5,15,65,30,https://img.pokemondb.net/sprites/scarlet-violet/icon/happiny.png
441,Chatot,Normal,Flying,76,65,45,92,42,91,https://img.pokemondb.net/sprites/scarlet-violet/icon/chatot.png
442,Spiritomb,Ghost,Dark,50,92,108,92,108,35,https://img.pokemondb.net/sprites/scarlet-violet/icon/spiritomb.png
443,Gible,Dragon,Ground,58,70,45,40,45,42,https://img.pokemondb.net/sprites/scarlet-violet/icon/gible.png
444,Gabite,Dragon,Ground,68,90,65,50,55,82,https://img.pokemondb.net/sprites/scarlet-violet/icon/gabite.png
445,Garchomp,Dragon,Ground,108,130,95,80,85,102,https://img.pokemondb.net/sprites/scarlet-violet/icon/garchomp.png
446,Munchlax,Normal, ,135,85,40,40,85,5,https://img.pokemondb.net/sprites/scarlet-violet/icon/munchlax.png
447,Riolu,Fighting, ,40,70,40,35,40,60,https://img.pokemondb.net/sprites/scarlet-violet/icon/riolu.png
448,Lucario,Fighting,Steel,70,110,70,115,70,90,https://img.pokemondb.net/sprites/scarlet-violet/icon/lucario.png
449,Hippopotas,Ground, ,68,72,78,38,42,32,https://img.pokemondb.net/sprites/scarlet-violet/icon/hippopotas.png
450,Hippowdon,Ground, ,108,112,118,68,72,47,https://img.pokemondb.net/sprites/scarlet-violet/icon/hippowdon.png
451,Skorupi,Poison,Bug,40,50,90,30,55,65,https://img.pokemondb.net/sprites/scarlet-violet/icon/skorupi.png
452,Drapion,Poison,Dark,70,90,110,60,75,95,https://img.pokemondb.net/sprites/scarlet-violet/icon/drapion.png
453,Croagunk,Poison,Fighting,48,61,40,61,40,50,https://img.pokemondb.net/sprites/scarlet-violet/icon/croagunk.png
454,Toxicroak,Poison,Fighting,83,106,65,86,65,85,https://img.pokemondb.net/sprites/scarlet-violet/icon/toxicroak.png
455,Carnivine,Grass, ,74,100,72,90,72,46,https://img.pokemondb.net/sprites/scarlet-violet/icon/carnivine.png
456,Finneon,Water, ,49,49,56,49,61,66,https://img.pokemondb.net/sprites/scarlet-violet/icon/finneon.png
457,Lumineon,Water, ,69,69,76,69,86,91,https://img.pokemondb.net/sprites/scarlet-violet/icon/lumineon.png
458,Mantyke,Water,Flying,45,20,50,60,120,50,https://img.pokemondb.net/sprites/scarlet-violet/icon/mantyke.png
459,Snover,Grass,Ice,60,62,50,62,60,40,https://img.pokemondb.net/sprites/scarlet-violet/icon/snover.png
460,Abomasnow,Grass,Ice,90,92,75,92,85,60,https://img.pokemondb.net/sprites/scarlet-violet/icon/abomasnow.png
461,Weavile,Dark,Ice,70,120,65,45,85,125,https://img.pokemondb.net/sprites/scarlet-violet/icon/weavile.png
462,Magnezone,Electric,Steel,70,70,115,130,90,60,https://img.pokemondb.net/sprites/scarlet-violet/icon/magnezone.png
463,Lickilicky,Normal, ,110,85,95,80,95,50,https://img.pokemondb.net/sprites/scarlet-violet/icon/lickilicky.png
464,Rhyperior,Ground,Rock,115,140,130,55,55,40,https://img.pokemondb.net/sprites/scarlet-violet/icon/rhyperior.png
465,Tangrowth,Grass, ,100,100,125,110,50,50,https://img.pokemondb.net/sprites/scarlet-violet/icon/tangrowth.png
466,Electivire,Electric, ,75,123,67,95,85,95,https://img.pokemondb.net/sprites/scarlet-violet/icon/electivire.png
467,Magmortar,Fire, ,75,95,67,125,95,83,https://img.pokemondb.net/sprites/scarlet-violet/icon/magmortar.png
468,Togekiss,Fairy,Flying,85,50,95,120,115,80,https://img.pokemondb.net/sprites/scarlet-violet/icon/togekiss.png
469,Yanmega,Bug,Flying,86,76,86,116,56,95,https://img.pokemondb.net/sprites/scarlet-violet/icon/yanmega.png
470,Leafeon,Grass, ,65,110,130,60,65,95,https://img.pokemondb.net/sprites/scarlet-violet/icon/leafeon.png
471,Glaceon,Ice, ,65,60,110,130,95,65,https://img.pokemondb.net/sprites/scarlet-violet/icon/glaceon.png
472,Gliscor,Ground,Flying,75,95,125,45,75,95,https://img.pokemondb.net/sprites/scarlet-violet/icon/gliscor.png
473,Mamoswine,Ice,Ground,110,130,80,70,60,80,https://img.pokemondb.net/sprites/scarlet-violet/icon/mamoswine.png
474,Porygon-Z,Normal, ,85,80,70,135,75,90,https://img.pokemondb.net/sprites/scarlet-violet/icon/porygon-z.png
475,Gallade,Psychic,Fighting,68,125,65,65,115,80,https://img.pokemondb.net/sprites/scarlet-violet/icon/gallade.png
476,Probopass,Rock,Steel,60,55,145,75,150,40,https://img.pokemondb.net/sprites/scarlet-violet/icon/probopass.png
477,Dusknoir,Ghost, ,45,100,135,65,135,45,https://img.pokemondb.net/sprites/scarlet-violet/icon/dusknoir.png
478,Froslass,Ice,Ghost,70,80,70,80,70,110,https://img.pokemondb.net/sprites/scarlet-violet/icon/froslass.png
479,Rotom,Electric,Ghost,50,50,77,95,77,91,https://img.pokemondb.net/sprites/scarlet-violet/icon/rotom.png
479,Heat Rotom,Electric,Fire,50,65,107,105,107,86,https://img.pokemondb.net/sprites/scarlet-violet/icon/rotom-heat.png
479,Wash Rotom,Electric,Water,50,65,107,105,107,86,https://img.pokemondb.net/sprites/scarlet-violet/icon/rotom-wash.png
479,Frost Rotom,Electric,Ice,50,65,107,105,107,86,https://img.pokemondb.net/sprites/scarlet-violet/icon/rotom-frost.png
479,Fan Rotom,Electric,Flying,50,65,107,105,107,86,https://img.pokemondb.net/sprites/scarlet-violet/icon/rotom-fan.png
479,Mow Rotom,Electric,Grass,50,65,107,105,107,86,https://img.pokemondb.net/sprites/scarlet-violet/icon/rotom-mow.png
480,Uxie,Psychic, ,75,75,130,75,130,95,https://img.pokemondb.net/sprites/scarlet-violet/icon/uxie.png
481,Mesprit,Psychic, ,80,105,105,105,105,80,https://img.pokemondb.net/sprites/scarlet-violet/icon/mesprit.png
482,Azelf,Psychic, ,75,125,70,125,70,115,https://img.pokemondb.net/sprites/scarlet-violet/icon/azelf.png
483,Dialga,Steel,Dragon,100,120,120,150,100,90,https://img.pokemondb.net/sprites/scarlet-violet/icon/dialga.png
484,Palkia,Water,Dragon,90,120,100,150,120,100,https://img.pokemondb.net/sprites/scarlet-violet/icon/palkia.png
485,Heatran,Fire,Steel,91,90,106,130,106,77,https://img.pokemondb.net/sprites/scarlet-violet/icon/heatran.png
486,Regigigas,Normal, ,110,160,110,80,110,100,https://img.pokemondb.net/sprites/scarlet-violet/icon/regigigas.png
487,Altered Forme,Ghost,Dragon,150,100,120,100,120,90,https://img.pokemondb.net/sprites/scarlet-violet/icon/giratina-altered-forme.png
487,Origin Forme,Ghost,Dragon,150,120,100,120,100,90,https://img.pokemondb.net/sprites/scarlet-violet/icon/giratina-origin-forme.png
488,Cresselia,Psychic, ,120,70,110,75,120,85,https://img.pokemondb.net/sprites/scarlet-violet/icon/cresselia.png
489,Phione,Water, ,80,80,80,80,80,80,https://img.pokemondb.net/sprites/scarlet-violet/icon/phione.png
490,Manaphy,Water, ,100,100,100,100,100,100,https://img.pokemondb.net/sprites/scarlet-violet/icon/manaphy.png
491,Darkrai,Dark, ,70,90,90,135,90,125,https://img.pokemondb.net/sprites/scarlet-violet/icon/darkrai.png
492,Land Forme,Grass, ,100,100,100,100,100,100,https://img.pokemondb.net/sprites/scarlet-violet/icon/shaymin-land-forme.png
492,Sky Forme,Grass,Flying,100,103,75,120,75,127,https://img.pokemondb.net/sprites/scarlet-violet/icon/shaymin-sky-forme.png
493,Arceus,Normal, ,120,120,120,120,120,120,https://img.pokemondb.net/sprites/scarlet-violet/icon/arceus.png
494,Victini,Psychic,Fire,100,100,100,100,100,100,https://img.pokemondb.net/sprites/scarlet-violet/icon/victini.png
495,Snivy,Grass, ,45,45,55,45,55,63,https://img.pokemondb.net/sprites/scarlet-violet/icon/snivy.png
496,Servine,Grass, ,60,60,75,60,75,83,https://img.pokemondb.net/sprites/scarlet-violet/icon/servine.png
497,Serperior,Grass, ,75,75,95,75,95,113,https://img.pokemondb.net/sprites/scarlet-violet/icon/serperior.png
498,Tepig,Fire, ,65,63,45,45,45,45,https://img.pokemondb.net/sprites/scarlet-violet/icon/tepig.png
499,Pignite,Fire,Fighting,90,93,55,70,55,55,https://img.pokemondb.net/sprites/scarlet-violet/icon/pignite.png
500,Emboar,Fire,Fighting,110,123,65,100,65,65,https://img.pokemondb.net/sprites/scarlet-violet/icon/emboar.png
501,Oshawott,Water, ,55,55,45,63,45,45,https://img.pokemondb.net/sprites/scarlet-violet/icon/oshawott.png
502,Dewott,Water, ,75,75,60,83,60,60,https://img.pokemondb.net/sprites/scarlet-violet/icon/dewott.png
503,Samurott,Water, ,95,100,85,108,70,70,https://img.pokemondb.net/sprites/scarlet-violet/icon/samurott.png
504,Patrat,Normal, ,45,55,39,35,39,42,https://img.pokemondb.net/sprites/scarlet-violet/icon/patrat.png
505,Watchog,Normal, ,60,85,69,60,69,77,https://img.pokemondb.net/sprites/scarlet-violet/icon/watchog.png
506,Lillipup,Normal, ,45,60,45,25,45,55,https://img.pokemondb.net/sprites/scarlet-violet/icon/lillipup.png
507,Herdier,Normal, ,65,80,65,35,65,60,https://img.pokemondb.net/sprites/scarlet-violet/icon/herdier.png
508,Stoutland,Normal, ,85,110,90,45,90,80,https://img.pokemondb.net/sprites/scarlet-violet/icon/stoutland.png
509,Purrloin,Dark, ,41,50,37,50,37,66,https://img.pokemondb.net/sprites/scarlet-violet/icon/purrloin.png
510,Liepard,Dark, ,64,88,50,88,50,106,https://img.pokemondb.net/sprites/scarlet-violet/icon/liepard.png
511,Pansage,Grass, ,50,53,48,53,48,64,https://img.pokemondb.net/sprites/scarlet-violet/icon/pansage.png
512,Simisage,Grass, ,75,98,63,98,63,101,https://img.pokemondb.net/sprites/scarlet-violet/icon/simisage.png
513,Pansear,Fire, ,50,53,48,53,48,64,https://img.pokemondb.net/sprites/scarlet-violet/icon/pansear.png
514,Simisear,Fire, ,75,98,63,98,63,101,https://img.pokemondb.net/sprites/scarlet-violet/icon/simisear.png
515,Panpour,Water, ,50,53,48,53,48,64,https://img.pokemondb.net/sprites/scarlet-violet/icon/panpour.png
516,Simipour,Water, ,75,98,63,98,63,101,https://img.pokemondb.net/sprites/scarlet-violet/icon/simipour.png
517,Munna,Psychic, ,76,25,45,67,55,24,https://img.pokemondb.net/sprites/scarlet-violet/icon/munna.png
518,Musharna,Psychic, ,116,55,85,107,95,29,https://img.pokemondb.net/sprites/scarlet-violet/icon/musharna.png
519,Pidove,Normal,Flying,50,55,50,36,30,43,https://img.pokemondb.net/sprites/scarlet-violet/icon/pidove.png
520,Tranquill,Normal,Flying,62,77,62,50,42,65,https://img.pokemondb.net/sprites/scarlet-violet/icon/tranquill.png
521,Unfezant,Normal,Flying,80,115,80,65,55,93,https://img.pokemondb.net/sprites/scarlet-violet/icon/unfezant.png
522,Blitzle,Electric, ,45,60,32,50,32,76,https://img.pokemondb.net/sprites/scarlet-violet/icon/blitzle.png
523,Zebstrika,Electric, ,75,100,63,80,63,116,https://img.pokemondb.net/sprites/scarlet-violet/icon/zebstrika.png
524,Roggenrola,Rock, ,55,75,85,25,25,15,https://img.pokemondb.net/sprites/scarlet-violet/icon/roggenrola.png
525,Boldore,Rock, ,70,105,105,50,40,20,https://img.pokemondb.net/sprites/scarlet-violet/icon/boldore.png
526,Gigalith,Rock, ,85,135,130,60,80,25,https://img.pokemondb.net/sprites/scarlet-violet/icon/gigalith.png
527,Woobat,Psychic,Flying,65,45,43,55,43,72,https://img.pokemondb.net/sprites/scarlet-violet/icon/woobat.png
528,Swoobat,Psychic,Flying,67,57,55,77,55,114,https://img.pokemondb.net/sprites/scarlet-violet/icon/swoobat.png
529,Drilbur,Ground, ,60,85,40,30,45,68,https://img.pokemondb.net/sprites/scarlet-violet/icon/drilbur.png
530,Excadrill,Ground,Steel,110,135,60,50,65,88,https://img.pokemondb.net/sprites/scarlet-violet/icon/excadrill.png
531,Audino,Normal, ,103,60,86,60,86,50,https://img.pokemondb.net/sprites/scarlet-violet/icon/audino.png
532,Timburr,Fighting, ,75,80,55,25,35,35,https://img.pokemondb.net/sprites/scarlet-violet/icon/timburr.png
533,Gurdurr,Fighting, ,85,105,85,40,50,40,https://img.pokemondb.net/sprites/scarlet-violet/icon/gurdurr.png
534,Conkeldurr,Fighting, ,105,140,95,55,65,45,https://img.pokemondb.net/sprites/scarlet-violet/icon/conkeldurr.png
535,Tympole,Water, ,50,50,40,50,40,64,https://img.pokemondb.net/sprites/scarlet-violet/icon/tympole.png
536,Palpitoad,Water,Ground,75,65,55,65,55,69,https://img.pokemondb.net/sprites/scarlet-violet/icon/palpitoad.png
537,Seismitoad,Water,Ground,105,95,75,85,75,74,https://img.pokemondb.net/sprites/scarlet-violet/icon/seismitoad.png
538,Throh,Fighting, ,120,100,85,30,85,45,https://img.pokemondb.net/sprites/scarlet-violet/icon/throh.png
539,Sawk,Fighting, ,75,125,75,30,75,85,https://img.pokemondb.net/sprites/scarlet-violet/icon/sawk.png
540,Sewaddle,Bug,Grass,45,53,70,40,60,42,https://img.pokemondb.net/sprites/scarlet-violet/icon/sewaddle.png
541,Swadloon,Bug,Grass,55,63,90,50,80,42,https://img.pokemondb.net/sprites/scarlet-violet/icon/swadloon.png
542,Leavanny,Bug,Grass,75,103,80,70,80,92,https://img.pokemondb.net/sprites/scarlet-violet/icon/leavanny.png
543,Venipede,Bug,Poison,30,45,59,30,39,57,https://img.pokemondb.net/sprites/scarlet-violet/icon/venipede.png
544,Whirlipede,Bug,Poison,40,55,99,40,79,47,https://img.pokemondb.net/sprites/scarlet-violet/icon/whirlipede.png
545,Scolipede,Bug,Poison,60,100,89,55,69,112,https://img.pokemondb.net/sprites/scarlet-violet/icon/scolipede.png
546,Cottonee,Grass,Fairy,40,27,60,37,50,66,https://img.pokemondb.net/sprites/scarlet-violet/icon/cottonee.png
547,Whimsicott,Grass,Fairy,60,67,85,77,75,116,https://img.pokemondb.net/sprites/scarlet-violet/icon/whimsicott.png
548,Petilil,Grass, ,45,35,50,70,50,30,https://img.pokemondb.net/sprites/scarlet-violet/icon/petilil.png
549,Lilligant,Grass, ,70,60,75,110,75,90,https://img.pokemondb.net/sprites/scarlet-violet/icon/lilligant.png
550,Red-Striped Form,Water, ,70,92,65,80,55,98,https://img.pokemondb.net/sprites/scarlet-violet/icon/basculin-red-striped-form.png
550,Blue-Striped Form,Water, ,70,92,65,80,55,98,https://img.pokemondb.net/sprites/scarlet-violet/icon/basculin-blue-striped-form.png
551,Sandile,Ground,Dark,50,72,35,35,35,65,https://img.pokemondb.net/sprites/scarlet-violet/icon/sandile.png
552,Krokorok,Ground,Dark,60,82,45,45,45,74,https://img.pokemondb.net/sprites/scarlet-violet/icon/krokorok.png
553,Krookodile,Ground,Dark,95,117,80,65,70,92,https://img.pokemondb.net/sprites/scarlet-violet/icon/krookodile.png
554,Darumaka,Fire, ,70,90,45,15,45,50,https://img.pokemondb.net/sprites/scarlet-violet/icon/darumaka.png
555,Standard Mode,Fire, ,105,140,55,30,55,95,https://img.pokemondb.net/sprites/scarlet-violet/icon/darmanitan-standard-mode.png
555,Zen Mode,Fire,Psychic,105,30,105,140,105,55,https://img.pokemondb.net/sprites/scarlet-violet/icon/darmanitan-zen-mode.png
556,Maractus,Grass, ,75,86,67,106,67,60,https://img.pokemondb.net/sprites/scarlet-violet/icon/maractus.png
557,Dwebble,Bug,Rock,50,65,85,35,35,55,https://img.pokemondb.net/sprites/scarlet-violet/icon/dwebble.png
558,Crustle,Bug,Rock,70,105,125,65,75,45,https://img.pokemondb.net/sprites/scarlet-violet/icon/crustle.png
559,Scraggy,Dark,Fighting,50,75,70,35,70,48,https://img.pokemondb.net/sprites/scarlet-violet/icon/scraggy.png
560,Scrafty,Dark,Fighting,65,90,115,45,115,58,https://img.pokemondb.net/sprites/scarlet-violet/icon/scrafty.png
561,Sigilyph,Psychic,Flying,72,58,80,103,80,97,https://img.pokemondb.net/sprites/scarlet-violet/icon/sigilyph.png
562,Yamask,Ghost, ,38,30,85,55,65,30,https://img.pokemondb.net/sprites/scarlet-violet/icon/yamask.png
563,Cofagrigus,Ghost, ,58,50,145,95,105,30,https://img.pokemondb.net/sprites/scarlet-violet/icon/cofagrigus.png
564,Tirtouga,Water,Rock,54,78,103,53,45,22,https://img.pokemondb.net/sprites/scarlet-violet/icon/tirtouga.png
565,Carracosta,Water,Rock,74,108,133,83,65,32,https://img.pokemondb.net/sprites/scarlet-violet/icon/carracosta.png
566,Archen,Rock,Flying,55,112,45,74,45,70,https://img.pokemondb.net/sprites/scarlet-violet/icon/archen.png
567,Archeops,Rock,Flying,75,140,65,112,65,110,https://img.pokemondb.net/sprites/scarlet-violet/icon/archeops.png
568,Trubbish,Poison, ,50,50,62,40,62,65,https://img.pokemondb.net/sprites/scarlet-violet/icon/trubbish.png
569,Garbodor,Poison, ,80,95,82,60,82,75,https://img.pokemondb.net/sprites/scarlet-violet/icon/garbodor.png
570,Zorua,Dark, ,40,65,40,80,40,65,https://img.pokemondb.net/sprites/scarlet-violet/icon/zorua.png
571,Zoroark,Dark, ,60,105,60,120,60,105,https://img.pokemondb.net/sprites/scarlet-violet/icon/zoroark.png
572,Minccino,Normal, ,55,50,40,40,40,75,https://img.pokemondb.net/sprites/scarlet-violet/icon/minccino.png
573,Cinccino,Normal, ,75,95,60,65,60,115,https://img.pokemondb.net/sprites/scarlet-violet/icon/cinccino.png
574,Gothita,Psychic, ,45,30,50,55,65,45,https://img.pokemondb.net/sprites/scarlet-violet/icon/gothita.png
575,Gothorita,Psychic, ,60,45,70,75,85,55,https://img.pokemondb.net/sprites/scarlet-violet/icon/gothorita.png
576,Gothitelle,Psychic, ,70,55,95,95,110,65,https://img.pokemondb.net/sprites/scarlet-violet/icon/gothitelle.png
577,Solosis,Psychic, ,45,30,40,105,50,20,https://img.pokemondb.net/sprites/scarlet-violet/icon/solosis.png
578,Duosion,Psychic, ,65,40,50,125,60,30,https://img.pokemondb.net/sprites/scarlet-violet/icon/duosion.png
579,Reuniclus,Psychic, ,110,65,75,125,85,30,https://img.pokemondb.net/sprites/scarlet-violet/icon/reuniclus.png
580,Ducklett,Water,Flying,62,44,50,44,50,55,https://img.pokemondb.net/sprites/scarlet-violet/icon/ducklett.png
581,Swanna,Water,Flying,75,87,63,87,63,98,https://img.pokemondb.net/sprites/scarlet-violet/icon/swanna.png
582,Vanillite,Ice, ,36,50,50,65,60,44,https://img.pokemondb.net/sprites/scarlet-violet/icon/vanillite.png
583,Vanillish,Ice, ,51,65,65,80,75,59,https://img.pokemondb.net/sprites/scarlet-violet/icon/vanillish.png
584,Vanilluxe,Ice, ,71,95,85,110,95,79,https://img.pokemondb.net/sprites/scarlet-violet/icon/vanilluxe.png
585,Deerling,Normal,Grass,60,60,50,40,50,75,https://img.pokemondb.net/sprites/scarlet-violet/icon/deerling.png
586,Sawsbuck,Normal,Grass,80,100,70,60,70,95,https://img.pokemondb.net/sprites/scarlet-violet/icon/sawsbuck.png
587,Emolga,Electric,Flying,55,75,60,75,60,103,https://img.pokemondb.net/sprites/scarlet-violet/icon/emolga.png
588,Karrablast,Bug, ,50,75,45,40,45,60,https://img.pokemondb.net/sprites/scarlet-violet/icon/karrablast.png
589,Escavalier,Bug,Steel,70,135,105,60,105,20,https://img.pokemondb.net/sprites/scarlet-violet/icon/escavalier.png
590,Foongus,Grass,Poison,69,55,45,55,55,15,https://img.pokemondb.net/sprites/scarlet-violet/icon/foongus.png
591,Amoonguss,Grass,Poison,114,85,70,85,80,30,https://img.pokemondb.net/sprites/scarlet-violet/icon/amoonguss.png
592,Frillish,Water,Ghost,55,40,50,65,85,40,https://img.pokemondb.net/sprites/scarlet-violet/icon/frillish.png
593,Jellicent,Water,Ghost,100,60,70,85,105,60,https://img.pokemondb.net/sprites/scarlet-violet/icon/jellicent.png
594,Alomomola,Water, ,165,75,80,40,45,65,https://img.pokemondb.net/sprites/scarlet-violet/icon/alomomola.png
595,Joltik,Bug,Electric,50,47,50,57,50,65,https://img.pokemondb.net/sprites/scarlet-violet/icon/joltik.png
596,Galvantula,Bug,Electric,70,77,60,97,60,108,https://img.pokemondb.net/sprites/scarlet-violet/icon/galvantula.png
597,Ferroseed,Grass,Steel,44,50,91,24,86,10,https://img.pokemondb.net/sprites/scarlet-violet/icon/ferroseed.png
598,Ferrothorn,Grass,Steel,74,94,131,54,116,20,https://img.pokemondb.net/sprites/scarlet-violet/icon/ferrothorn.png
599,Klink,Steel, ,40,55,70,45,60,30,https://img.pokemondb.net/sprites/scarlet-violet/icon/klink.png
600,Klang,Steel, ,60,80,95,70,85,50,https://img.pokemondb.net/sprites/scarlet-violet/icon/klang.png
601,Klinklang,Steel, ,60,100,115,70,85,90,https://img.pokemondb.net/sprites/scarlet-violet/icon/klinklang.png
602,Tynamo,Electric, ,35,55,40,45,40,60,https://img.pokemondb.net/sprites/scarlet-violet/icon/tynamo.png
603,Eelektrik,Electric, ,65,85,70,75,70,40,https://img.pokemondb.net/sprites/scarlet-violet/icon/eelektrik.png
604,Eelektross,Electric, ,85,115,80,105,80,50,https://img.pokemondb.net/sprites/scarlet-violet/icon/eelektross.png
605,Elgyem,Psychic, ,55,55,55,85,55,30,https://img.pokemondb.net/sprites/scarlet-violet/icon/elgyem.png
606,Beheeyem,Psychic, ,75,75,75,125,95,40,https://img.pokemondb.net/sprites/scarlet-violet/icon/beheeyem.png
607,Litwick,Ghost,Fire,50,30,55,65,55,20,https://img.pokemondb.net/sprites/scarlet-violet/icon/litwick.png
608,Lampent,Ghost,Fire,60,40,60,95,60,55,https://img.pokemondb.net/sprites/scarlet-violet/icon/lampent.png
609,Chandelure,Ghost,Fire,60,55,90,145,90,80,https://img.pokemondb.net/sprites/scarlet-violet/icon/chandelure.png
610,Axew,Dragon, ,46,87,60,30,40,57,https://img.pokemondb.net/sprites/scarlet-violet/icon/axew.png
611,Fraxure,Dragon, ,66,117,70,40,50,67,https://img.pokemondb.net/sprites/scarlet-violet/icon/fraxure.png
612,Haxorus,Dragon, ,76,147,90,60,70,97,https://img.pokemondb.net/sprites/scarlet-violet/icon/haxorus.png
613,Cubchoo,Ice, ,55,70,40,60,40,40,https://img.pokemondb.net/sprites/scarlet-violet/icon/cubchoo.png
614,Beartic,Ice, ,95,130,80,70,80,50,https://img.pokemondb.net/sprites/scarlet-violet/icon/beartic.png
615,Cryogonal,Ice, ,80,50,50,95,135,105,https://img.pokemondb.net/sprites/scarlet-violet/icon/cryogonal.png
616,Shelmet,Bug, ,50,40,85,40,65,25,https://img.pokemondb.net/sprites/scarlet-violet/icon/shelmet.png
617,Accelgor,Bug, ,80,70,40,100,60,145,https://img.pokemondb.net/sprites/scarlet-violet/icon/accelgor.png
618,Stunfisk,Ground,Electric,109,66,84,81,99,32,https://img.pokemondb.net/sprites/scarlet-violet/icon/stunfisk.png
619,Mienfoo,Fighting, ,45,85,50,55,50,65,https://img.pokemondb.net/sprites/scarlet-violet/icon/mienfoo.png
620,Mienshao,Fighting, ,65,125,60,95,60,105,https://img.pokemondb.net/sprites/scarlet-violet/icon/mienshao.png
621,Druddigon,Dragon, ,77,120,90,60,90,48,https://img.pokemondb.net/sprites/scarlet-violet/icon/druddigon.png
622,Golett,Ground,Ghost,59,74,50,35,50,35,https://img.pokemondb.net/sprites/scarlet-violet/icon/golett.png
623,Golurk,Ground,Ghost,89,124,80,55,80,55,https://img.pokemondb.net/sprites/scarlet-violet/icon/golurk.png
624,Pawniard,Dark,Steel,45,85,70,40,40,60,https://img.pokemondb.net/sprites/scarlet-violet/icon/pawniard.png
625,Bisharp,Dark,Steel,65,125,100,60,70,70,https://img.pokemondb.net/sprites/scarlet-violet/icon/bisharp.png
626,Bouffalant,Normal, ,95,110,95,40,95,55,https://img.pokemondb.net/sprites/scarlet-violet/icon/bouffalant.png
627,Rufflet,Normal,Flying,70,83,50,37,50,60,https://img.pokemondb.net/sprites/scarlet-violet/icon/rufflet.png
628,Braviary,Normal,Flying,100,123,75,57,75,80,https://img.pokemondb.net/sprites/scarlet-violet/icon/braviary.png
629,Vullaby,Dark,Flying,70,55,75,45,65,60,https://img.pokemondb.net/sprites/scarlet-violet/icon/vullaby.png
630,Mandibuzz,Dark,Flying,110,65,105,55,95,80,https://img.pokemondb.net/sprites/scarlet-violet/icon/mandibuzz.png
631,Heatmor,Fire, ,85,97,66,105,66,65,https://img.pokemondb.net/sprites/scarlet-violet/icon/heatmor.png
632,Durant,Bug,Steel,58,109,112,48,48,109,https://img.pokemondb.net/sprites/scarlet-violet/icon/durant.png
633,Deino,Dark,Dragon,52,65,50,45,50,38,https://img.pokemondb.net/sprites/scarlet-violet/icon/deino.png
634,Zweilous,Dark,Dragon,72,85,70,65,70,58,https://img.pokemondb.net/sprites/scarlet-violet/icon/zweilous.png
635,Hydreigon,Dark,Dragon,92,105,90,125,90,98,https://img.pokemondb.net/sprites/scarlet-violet/icon/hydreigon.png
636,Larvesta,Bug,Fire,55,85,55,50,55,60,https://img.pokemondb.net/sprites/scarlet-violet/icon/larvesta.png
637,Volcarona,Bug,Fire,85,60,65,135,105,100,https://img.pokemondb.net/sprites/scarlet-violet/icon/volcarona.png
638,Cobalion,Steel,Fighting,91,90,129,90,72,108,https://img.pokemondb.net/sprites/scarlet-violet/icon/cobalion.png
639,Terrakion,Rock,Fighting,91,129,90,72,90,108,https://img.pokemondb.net/sprites/scarlet-violet/icon/terrakion.png
640,Virizion,Grass,Fighting,91,90,72,90,129,108,https://img.pokemondb.net/sprites/scarlet-violet/icon/virizion.png
641,Incarnate Forme,Flying, ,79,115,70,125,80,111,https://img.pokemondb.net/sprites/scarlet-violet/icon/tornadus-incarnate-forme.png
641,Therian Forme,Flying, ,79,100,80,110,90,121,https://img.pokemondb.net/sprites/scarlet-violet/icon/tornadus-therian-forme.png
642,Incarnate Forme,Electric,Flying,79,115,70,125,80,111,https://img.pokemondb.net/sprites/scarlet-violet/icon/thundurus-incarnate-forme.png
642,Therian Forme,Electric,Flying,79,105,70,145,80,101,https://img.pokemondb.net/sprites/scarlet-violet/icon/thundurus-therian-forme.png
643,Reshiram,Dragon,Fire,100,120,100,150,120,90,https://img.pokemondb.net/sprites/scarlet-violet/icon/reshiram.png
644,Zekrom,Dragon,Electric,100,150,120,120,100,90,https://img.pokemondb.net/sprites/scarlet-violet/icon/zekrom.png
645,Incarnate Forme,Ground,Flying,89,125,90,115,80,101,https://img.pokemondb.net/sprites/scarlet-violet/icon/landorus-incarnate-forme.png
645,Therian Forme,Ground,Flying,89,145,90,105,80,91,https://img.pokemondb.net/sprites/scarlet-violet/icon/landorus-therian-forme.png
646,Kyurem,Dragon,Ice,125,130,90,130,90,95,https://img.pokemondb.net/sprites/scarlet-violet/icon/kyurem.png
646,White Kyurem,Dragon,Ice,125,120,90,170,100,95,https://img.pokemondb.net/sprites/scarlet-violet/icon/kyurem-white.png
646,Black Kyurem,Dragon,Ice,125,170,100,120,90,95,https://img.pokemondb.net/sprites/scarlet-violet/icon/kyurem-black.png
647,Ordinary Form,Water,Fighting,91,72,90,129,90,108,https://img.pokemondb.net/sprites/scarlet-violet/icon/keldeo-ordinary-form.png
647,Resolute Form,Water,Fighting,91,72,90,129,90,108,https://img.pokemondb.net/sprites/scarlet-violet/icon/keldeo-resolute-form.png
648,Aria Forme,Normal,Psychic,100,77,77,128,128,90,https://img.pokemondb.net/sprites/scarlet-violet/icon/meloetta-aria-forme.png
648,Pirouette Forme,Normal,Fighting,100,128,90,77,77,128,https://img.pokemondb.net/sprites/scarlet-violet/icon/meloetta-pirouette-forme.png
649,Genesect,Bug,Steel,71,120,95,120,95,99,https://img.pokemondb.net/sprites/scarlet-violet/icon/genesect.png
3,Mega Venusaur,Grass,Poison,80,100,123,122,120,80,https://img.pokemondb.net/sprites/scarlet-violet/icon/venusaur-mega.png
6,Mega Charizard X,Fire,Dragon,78,130,111,130,85,100,https://img.pokemondb.net/sprites/scarlet-violet/icon/charizard-mega-x.png
6,Mega Charizard Y,Fire,Flying,78,104,78,159,115,100,https://img.pokemondb.net/sprites/scarlet-violet/icon/charizard-mega-y.png
9,Mega Blastoise,Water, ,79,103,120,135,115,78,https://img.pokemondb.net/sprites/scarlet-violet/icon/blastoise-mega.png
15,Mega Beedrill,Bug,Poison,65,150,40,15,80,145,https://img.pokemondb.net/sprites/scarlet-violet/icon/beedrill-mega.png
18,Mega Pidgeot,Normal,Flying,83,80,80,135,80,121,https://img.pokemondb.net/sprites/scarlet-violet/icon/pidgeot-mega.png
65,Mega Alakazam,Psychic, ,55,50,65,175,105,150,https://img.pokemondb.net/sprites/scarlet-violet/icon/alakazam-mega.png
80,Mega Slowbro,Water,Psychic,95,75,180,130,80,30,https://img.pokemondb.net/sprites/scarlet-violet/icon/slowbro-mega.png
94,Mega Gengar,Ghost,Poison,60,65,80,170,95,130,https://img.pokemondb.net/sprites/scarlet-violet/icon/gengar-mega.png
115,Mega Kangaskhan,Normal, ,105,125,100,60,100,100,https://img.pokemondb.net/sprites/scarlet-violet/icon/kangaskhan-mega.png
127,Mega Pinsir,Bug,Flying,65,155,120,65,90,105,https://img.pokemondb.net/sprites/scarlet-violet/icon/pinsir-mega.png
130,Mega Gyarados,Water,Dark,95,155,109,70,130,81,https://img.pokemondb.net/sprites/scarlet-violet/icon/gyarados-mega.png
142,Mega Aerodactyl,Rock,Flying,80,135,85,70,95,150,https://img.pokemondb.net/sprites/scarlet-violet/icon/aerodactyl-mega.png
150,Mega Mewtwo X,Psychic,Fighting,106,190,100,154,100,130,https://img.pokemondb.net/sprites/scarlet-violet/icon/mewtwo-mega-x.png
150,Mega Mewtwo Y,Psychic, ,106,150,70,194,120,140,https://img.pokemondb.net/sprites/scarlet-violet/icon/mewtwo-mega-y.png
181,Mega Ampharos,Electric,Dragon,90,95,105,165,110,45,https://img.pokemondb.net/sprites/scarlet-violet/icon/ampharos-mega.png
208,Mega Steelix,Steel,Ground,75,125,230,55,95,30,https://img.pokemondb.net/sprites/scarlet-violet/icon/steelix-mega.png
212,Mega Scizor,Bug,Steel,70,150,140,65,100,75,https://img.pokemondb.net/sprites/scarlet-violet/icon/scizor-mega.png
214,Mega Heracross,Bug,Fighting,80,185,115,40,105,75,https://img.pokemondb.net/sprites/scarlet-violet/icon/heracross-mega.png
229,Mega Houndoom,Dark,Fire,75,90,90,140,90,115,https://img.pokemondb.net/sprites/scarlet-violet/icon/houndoom-mega.png
248,Mega Tyranitar,Rock,Dark,100,164,150,95,120,71,https://img.pokemondb.net/sprites/scarlet-violet/icon/tyranitar-mega.png
254,Mega Sceptile,Grass,Dragon,70,110,75,145,85,145,https://img.pokemondb.net/sprites/scarlet-violet/icon/sceptile-mega.png
257,Mega Blaziken,Fire,Fighting,80,160,80,130,80,100,https://img.pokemondb.net/sprites/scarlet-violet/icon/blaziken-mega.png
260,Mega Swampert,Water,Ground,100,150,110,95,110,70,https://img.pokemondb.net/sprites/scarlet-violet/icon/swampert-mega.png
282,Mega Gardevoir,Psychic,Fairy,68,85,65,165,135,100,https://img.pokemondb.net/sprites/scarlet-violet/icon/gardevoir-mega.png
302,Mega Sableye,Dark,Ghost,50,85,125,85,115,20,https://img.pokemondb.net/sprites/scarlet-violet/icon/sableye-mega.png
303,Mega Mawile,Steel,Fairy,50,105,125,55,95,50,https://img.pokemondb.net/sprites/scarlet-violet/icon/mawile-mega.png
306,Mega Aggron,Steel, ,70,140,230,60,80,50,https://img.pokemondb.net/sprites/scarlet-violet/icon/aggron-mega.png
308,Mega Medicham,Fighting,Psychic,60,100,85,80,85,100,https://img.pokemondb.net/sprites/scarlet-violet/icon/medicham-mega.png
310,Mega Manectric,Electric, ,70,75,80,135,80,135,https://img.pokemondb.net/sprites/scarlet-violet/icon/manectric-mega.png
319,Mega Sharpedo,Water,Dark,70,140,70,110,65,105,https://img.pokemondb.net/sprites/scarlet-violet/icon/sharpedo-mega.png
323,Mega Camerupt,Fire,Ground,70,120,100,145,105,20,https://img.pokemondb.net/sprites/scarlet-violet/icon/camerupt-mega.png
334,Mega Altaria,Dragon,Fairy,75,110,110,110,105,80,https://img.pokemondb.net/sprites/scarlet-violet/icon/altaria-mega.png
354,Mega Banette,Ghost, ,64,165,75,93,83,75,https://img.pokemondb.net/sprites/scarlet-violet/icon/banette-mega.png
359,Mega Absol,Dark, ,65,150,60,115,60,115,https://img.pokemondb.net/sprites/scarlet-violet/icon/absol-mega.png
362,Mega Glalie,Ice, ,80,120,80,120,80,100,https://img.pokemondb.net/sprites/scarlet-violet/icon/glalie-mega.png
373,Mega Salamence,Dragon,Flying,95,145,130,120,90,120,https://img.pokemondb.net/sprites/scarlet-violet/icon/salamence-mega.png
376,Mega Metagross,Steel,Psychic,80,145,150,105,110,110,https://img.pokemondb.net/sprites/scarlet-violet/icon/metagross-mega.png
380,Mega Latias,Dragon,Psychic,80,100,120,140,150,110,https://img.pokemondb.net/sprites/scarlet-violet/icon/latias-mega.png
381,Mega Latios,Dragon,Psychic,80,130,100,160,120,110,https://img.pokemondb.net/sprites/scarlet-violet/icon/latios-mega.png
382,Primal Kyogre,Water, ,100,150,90,180,160,90,https://img.pokemondb.net/sprites/scarlet-violet/icon/kyogre-primal.png
383,Primal Groudon,Ground,Fire,100,180,160,150,90,90,https://img.pokemondb.net/sprites/scarlet-violet/icon/groudon-primal.png
384,Mega Rayquaza,Dragon,Flying,105,180,100,180,100,115,https://img.pokemondb.net/sprites/scarlet-violet/icon/rayquaza-mega.png
428,Mega Lopunny,Normal,Fighting,65,136,94,54,96,135,https://img.pokemondb.net/sprites/scarlet-violet/icon/lopunny-mega.png
445,Mega Garchomp,Dragon,Ground,108,170,115,120,95,92,https://img.pokemondb.net/sprites/scarlet-violet/icon/garchomp-mega.png
448,Mega Lucario,Fighting,Steel,70,145,88,140,70,112,https://img.pokemondb.net/sprites/scarlet-violet/icon/lucario-mega.png
460,Mega Abomasnow,Grass,Ice,90,132,105,132,105,30,https://img.pokemondb.net/sprites/scarlet-violet/icon/abomasnow-mega.png
475,Mega Gallade,Psychic,Fighting,68,165,95,65,115,110,https://img.pokemondb.net/sprites/scarlet-violet/icon/gallade-mega.png
531,Mega Audino,Normal,Fairy,103,60,126,80,126,50,https://img.pokemondb.net/sprites/scarlet-violet/icon/audino-mega.png
650,Chespin,Grass, ,56,61,65,48,45,38,https://img.pokemondb.net/sprites/scarlet-violet/icon/chespin.png
651,Quilladin,Grass, ,61,78,95,56,58,57,https://img.pokemondb.net/sprites/scarlet-violet/icon/quilladin.png
652,Chesnaught,Grass,Fighting,88,107,122,74,75,64,https://img.pokemondb.net/sprites/scarlet-violet/icon/chesnaught.png
653,Fennekin,Fire, ,40,45,40,62,60,60,https://img.pokemondb.net/sprites/scarlet-violet/icon/fennekin.png
654,Braixen,Fire, ,59,59,58,90,70,73,https://img.pokemondb.net/sprites/scarlet-violet/icon/braixen.png
655,Delphox,Fire,Psychic,75,69,72,114,100,104,https://img.pokemondb.net/sprites/scarlet-violet/icon/delphox.png
656,Froakie,Water, ,41,56,40,62,44,71,https://img.pokemondb.net/sprites/scarlet-violet/icon/froakie.png
657,Frogadier,Water, ,54,63,52,83,56,97,https://img.pokemondb.net/sprites/scarlet-violet/icon/frogadier.png
658,Greninja,Water,Dark,72,95,67,103,71,122,https://img.pokemondb.net/sprites/scarlet-violet/icon/greninja.png
659,Bunnelby,Normal, ,38,36,38,32,36,57,https://img.pokemondb.net/sprites/scarlet-violet/icon/bunnelby.png
660,Diggersby,Normal,Ground,85,56,77,50,77,78,https://img.pokemondb.net/sprites/scarlet-violet/icon/diggersby.png
661,Fletchling,Normal,Flying,45,50,43,40,38,62,https://img.pokemondb.net/sprites/scarlet-violet/icon/fletchling.png
662,Fletchinder,Fire,Flying,62,73,55,56,52,84,https://img.pokemondb.net/sprites/scarlet-violet/icon/fletchinder.png
663,Talonflame,Fire,Flying,78,81,71,74,69,126,https://img.pokemondb.net/sprites/scarlet-violet/icon/talonflame.png
664,Scatterbug,Bug, ,38,35,40,27,25,35,https://img.pokemondb.net/sprites/scarlet-violet/icon/scatterbug.png
665,Spewpa,Bug, ,45,22,60,27,30,29,https://img.pokemondb.net/sprites/scarlet-violet/icon/spewpa.png
666,Vivillon,Bug,Flying,80,52,50,90,50,89,https://img.pokemondb.net/sprites/scarlet-violet/icon/vivillon.png
667,Litleo,Fire,Normal,62,50,58,73,54,72,https://img.pokemondb.net/sprites/scarlet-violet/icon/litleo.png
668,Pyroar,Fire,Normal,86,68,72,109,66,106,https://img.pokemondb.net/sprites/scarlet-violet/icon/pyroar.png
669,Flabébé,Fairy, ,44,38,39,61,79,42,https://img.pokemondb.net/sprites/scarlet-violet/icon/flabebe.png
670,Floette,Fairy, ,54,45,47,75,98,52,https://img.pokemondb.net/sprites/scarlet-violet/icon/floette.png
671,Florges,Fairy, ,78,65,68,112,154,75,https://img.pokemondb.net/sprites/scarlet-violet/icon/florges.png
672,Skiddo,Grass, ,66,65,48,62,57,52,https://img.pokemondb.net/sprites/scarlet-violet/icon/skiddo.png
673,Gogoat,Grass, ,123,100,62,97,81,68,https://img.pokemondb.net/sprites/scarlet-violet/icon/gogoat.png
674,Pancham,Fighting, ,67,82,62,46,48,43,https://img.pokemondb.net/sprites/scarlet-violet/icon/pancham.png
675,Pangoro,Fighting,Dark,95,124,78,69,71,58,https://img.pokemondb.net/sprites/scarlet-violet/icon/pangoro.png
676,Furfrou,Normal, ,75,80,60,65,90,102,https://img.pokemondb.net/sprites/scarlet-violet/icon/furfrou.png
677,Espurr,Psychic, ,62,48,54,63,60,68,https://img.pokemondb.net/sprites/scarlet-violet/icon/espurr.png
678,Male,Psychic, ,74,48,76,83,81,104,https://img.pokemondb.net/sprites/scarlet-violet/icon/meowstic-male.png
678,Female,Psychic, ,74,48,76,83,81,104,https://img.pokemondb.net/sprites/scarlet-violet/icon/meowstic-female.png
679,Honedge,Steel,Ghost,45,80,100,35,37,28,https://img.pokemondb.net/sprites/scarlet-violet/icon/honedge.png
680,Doublade,Steel,Ghost,59,110,150,45,49,35,https://img.pokemondb.net/sprites/scarlet-violet/icon/doublade.png
681,Shield Forme,Steel,Ghost,60,50,140,50,140,60,https://img.pokemondb.net/sprites/scarlet-violet/icon/aegislash-shield-forme.png
681,Blade Forme,Steel,Ghost,60,140,50,140,50,60,https://img.pokemondb.net/sprites/scarlet-violet/icon/aegislash-blade-forme.png
682,Spritzee,Fairy, ,78,52,60,63,65,23,https://img.pokemondb.net/sprites/scarlet-violet/icon/spritzee.png
683,Aromatisse,Fairy, ,101,72,72,99,89,29,https://img.pokemondb.net/sprites/scarlet-violet/icon/aromatisse.png
684,Swirlix,Fairy, ,62,48,66,59,57,49,https://img.pokemondb.net/sprites/scarlet-violet/icon/swirlix.png
685,Slurpuff,Fairy, ,82,80,86,85,75,72,https://img.pokemondb.net/sprites/scarlet-violet/icon/slurpuff.png
686,Inkay,Dark,Psychic,53,54,53,37,46,45,https://img.pokemondb.net/sprites/scarlet-violet/icon/inkay.png
687,Malamar,Dark,Psychic,86,92,88,68,75,73,https://img.pokemondb.net/sprites/scarlet-violet/icon/malamar.png
688,Binacle,Rock,Water,42,52,67,39,56,50,https://img.pokemondb.net/sprites/scarlet-violet/icon/binacle.png
689,Barbaracle,Rock,Water,72,105,115,54,86,68,https://img.pokemondb.net/sprites/scarlet-violet/icon/barbaracle.png
690,Skrelp,Poison,Water,50,60,60,60,60,30,https://img.pokemondb.net/sprites/scarlet-violet/icon/skrelp.png
691,Dragalge,Poison,Dragon,65,75,90,97,123,44,https://img.pokemondb.net/sprites/scarlet-violet/icon/dragalge.png
692,Clauncher,Water, ,50,53,62,58,63,44,https://img.pokemondb.net/sprites/scarlet-violet/icon/clauncher.png
693,Clawitzer,Water, ,71,73,88,120,89,59,https://img.pokemondb.net/sprites/scarlet-violet/icon/clawitzer.png
694,Helioptile,Electric,Normal,44,38,33,61,43,70,https://img.pokemondb.net/sprites/scarlet-violet/icon/helioptile.png
695,Heliolisk,Electric,Normal,62,55,52,109,94,109,https://img.pokemondb.net/sprites/scarlet-violet/icon/heliolisk.png
696,Tyrunt,Rock,Dragon,58,89,77,45,45,48,https://img.pokemondb.net/sprites/scarlet-violet/icon/tyrunt.png
697,Tyrantrum,Rock,Dragon,82,121,119,69,59,71,https://img.pokemondb.net/sprites/scarlet-violet/icon/tyrantrum.png
698,Amaura,Rock,Ice,77,59,50,67,63,46,https://img.pokemondb.net/sprites/scarlet-violet/icon/amaura.png
699,Aurorus,Rock,Ice,123,77,72,99,92,58,https://img.pokemondb.net/sprites/scarlet-violet/icon/aurorus.png
700,Sylveon,Fairy, ,95,65,65,110,130,60,https://img.pokemondb.net/sprites/scarlet-violet/icon/sylveon.png
701,Hawlucha,Fighting,Flying,78,92,75,74,63,118,https://img.pokemondb.net/sprites/scarlet-violet/icon/hawlucha.png
702,Dedenne,Electric,Fairy,67,58,57,81,67,101,https://img.pokemondb.net/sprites/scarlet-violet/icon/dedenne.png
703,Carbink,Rock,Fairy,50,50,150,50,150,50,https://img.pokemondb.net/sprites/scarlet-violet/icon/carbink.png
704,Goomy,Dragon, ,45,50,35,55,75,40,https://img.pokemondb.net/sprites/scarlet-violet/icon/goomy.png
705,Sliggoo,Dragon, ,68,75,53,83,113,60,https://img.pokemondb.net/sprites/scarlet-violet/icon/sliggoo.png
706,Goodra,Dragon, ,90,100,70,110,150,80,https://img.pokemondb.net/sprites/scarlet-violet/icon/goodra.png
707,Klefki,Steel,Fairy,57,80,91,80,87,75,https://img.pokemondb.net/sprites/scarlet-violet/icon/klefki.png
708,Phantump,Ghost,Grass,43,70,48,50,60,38,https://img.pokemondb.net/sprites/scarlet-violet/icon/phantump.png
709,Trevenant,Ghost,Grass,85,110,76,65,82,56,https://img.pokemondb.net/sprites/scarlet-violet/icon/trevenant.png
710,Average Size,Ghost,Grass,49,66,70,44,55,51,https://img.pokemondb.net/sprites/scarlet-violet/icon/pumpkaboo-average-size.png
710,Small Size,Ghost,Grass,44,66,70,44,55,56,https://img.pokemondb.net/sprites/scarlet-violet/icon/pumpkaboo-small-size.png
710,Large Size,Ghost,Grass,54,66,70,44,55,46,https://img.pokemondb.net/sprites/scarlet-violet/icon/pumpkaboo-large-size.png
710,Super Size,Ghost,Grass,59,66,70,44,55,41,https://img.pokemondb.net/sprites/scarlet-violet/icon/pumpkaboo-super-size.png
711,Average Size,Ghost,Grass,65,90,122,58,75,84,https://img.pokemondb.net/sprites/scarlet-violet/icon/gourgeist-average-size.png
711,Small Size,Ghost,Grass,55,85,122,58,75,99,https://img.pokemondb.net/sprites/scarlet-violet/icon/gourgeist-small-size.png
711,Large Size,Ghost,Grass,75,95,122,58,75,69,https://img.pokemondb.net/sprites/scarlet-violet/icon/gourgeist-large-size.png
711,Super Size,Ghost,Grass,85,100,122,58,75,54,https://img.pokemondb.net/sprites/scarlet-violet/icon/gourgeist-super-size.png
712,Bergmite,Ice, ,55,69,85,32,35,28,https://img.pokemondb.net/sprites/scarlet-violet/icon/bergmite.png
713,Avalugg,Ice, ,95,117,184,44,46,28,https://img.pokemondb.net/sprites/scarlet-violet/icon/avalugg.png
714,Noibat,Flying,Dragon,40,30,35,45,40,55,https://img.pokemondb.net/sprites/scarlet-violet/icon/noibat.png
715,Noivern,Flying,Dragon,85,70,80,97,80,123,https://img.pokemondb.net/sprites/scarlet-violet/icon/noivern.png
716,Xerneas,Fairy, ,126,131,95,131,98,99,https://img.pokemondb.net/sprites/scarlet-violet/icon/xerneas.png
717,Yveltal,Dark,Flying,126,131,95,131,98,99,https://img.pokemondb.net/sprites/scarlet-violet/icon/yveltal.png
718,Zygarde50% Forme,Dragon,Ground,108,100,121,81,95,95,https://img.pokemondb.net/sprites/scarlet-violet/icon/zygarde50-forme.png
719,Diancie,Rock,Fairy,50,100,150,100,150,50,https://img.pokemondb.net/sprites/scarlet-violet/icon/diancie.png
719,Mega Diancie,Rock,Fairy,50,160,110,160,110,110,https://img.pokemondb.net/sprites/scarlet-violet/icon/diancie-mega.png
720,Hoopa Confined,Psychic,Ghost,80,110,60,150,130,70,https://img.pokemondb.net/sprites/scarlet-violet/icon/hoopa-confined.png
720,Hoopa Unbound,Psychic,Dark,80,160,60,170,130,80,https://img.pokemondb.net/sprites/scarlet-violet/icon/hoopa-unbound.png
721,Volcanion,Fire,Water,80,110,120,130,90,70,https://img.pokemondb.net/sprites/scarlet-violet/icon/volcanion.png
19,Alolan Rattata,Dark,Normal,30,56,35,25,35,72,https://img.pokemondb.net/sprites/scarlet-violet/icon/rattata-alolan.png
20,Alolan Raticate,Dark,Normal,75,71,70,40,80,77,https://img.pokemondb.net/sprites/scarlet-violet/icon/raticate-alolan.png
25,Partner Pikachu,Electric, ,45,80,50,75,60,120,https://img.pokemondb.net/sprites/scarlet-violet/icon/pikachu-partner.png
26,Alolan Raichu,Electric,Psychic,60,85,50,95,85,110,https://img.pokemondb.net/sprites/scarlet-violet/icon/raichu-alolan.png
27,Alolan Sandshrew,Ice,Steel,50,75,90,10,35,40,https://img.pokemondb.net/sprites/scarlet-violet/icon/sandshrew-alolan.png
28,Alolan Sandslash,Ice,Steel,75,100,120,25,65,65,https://img.pokemondb.net/sprites/scarlet-violet/icon/sandslash-alolan.png
37,Alolan Vulpix,Ice, ,38,41,40,50,65,65,https://img.pokemondb.net/sprites/scarlet-violet/icon/vulpix-alolan.png
38,Alolan Ninetales,Ice,Fairy,73,67,75,81,100,109,https://img.pokemondb.net/sprites/scarlet-violet/icon/ninetales-alolan.png
50,Alolan Diglett,Ground,Steel,10,55,30,35,45,90,https://img.pokemondb.net/sprites/scarlet-violet/icon/diglett-alolan.png
51,Alolan Dugtrio,Ground,Steel,35,100,60,50,70,110,https://img.pokemondb.net/sprites/scarlet-violet/icon/dugtrio-alolan.png
52,Alolan Meowth,Dark, ,40,35,35,50,40,90,https://img.pokemondb.net/sprites/scarlet-violet/icon/meowth-alolan.png
53,Alolan Persian,Dark, ,65,60,60,75,65,115,https://img.pokemondb.net/sprites/scarlet-violet/icon/persian-alolan.png
74,Alolan Geodude,Rock,Electric,40,80,100,30,30,20,https://img.pokemondb.net/sprites/scarlet-violet/icon/geodude-alolan.png
75,Alolan Graveler,Rock,Electric,55,95,115,45,45,35,https://img.pokemondb.net/sprites/scarlet-violet/icon/graveler-alolan.png
76,Alolan Golem,Rock,Electric,80,120,130,55,65,45,https://img.pokemondb.net/sprites/scarlet-violet/icon/golem-alolan.png
88,Alolan Grimer,Poison,Dark,80,80,50,40,50,25,https://img.pokemondb.net/sprites/scarlet-violet/icon/grimer-alolan.png
89,Alolan Muk,Poison,Dark,105,105,75,65,100,50,https://img.pokemondb.net/sprites/scarlet-violet/icon/muk-alolan.png
103,Alolan Exeggutor,Grass,Dragon,95,105,85,125,75,45,https://img.pokemondb.net/sprites/scarlet-violet/icon/exeggutor-alolan.png
105,Alolan Marowak,Fire,Ghost,60,80,110,50,80,45,https://img.pokemondb.net/sprites/scarlet-violet/icon/marowak-alolan.png
133,Partner Eevee,Normal, ,65,75,70,65,85,75,https://img.pokemondb.net/sprites/scarlet-violet/icon/eevee-partner.png
658,Ash-Greninja,Water,Dark,72,145,67,153,71,132,https://img.pokemondb.net/sprites/scarlet-violet/icon/greninja-ash.png
718,Zygarde10% Forme,Dragon,Ground,54,100,71,61,85,115,https://img.pokemondb.net/sprites/scarlet-violet/icon/zygarde10-forme.png
718,Complete Forme,Dragon,Ground,216,100,121,91,95,85,https://img.pokemondb.net/sprites/scarlet-violet/icon/zygarde-complete-forme.png
722,Rowlet,Grass,Flying,68,55,55,50,50,42,https://img.pokemondb.net/sprites/scarlet-violet/icon/rowlet.png
723,Dartrix,Grass,Flying,78,75,75,70,70,52,https://img.pokemondb.net/sprites/scarlet-violet/icon/dartrix.png
724,Decidueye,Grass,Ghost,78,107,75,100,100,70,https://img.pokemondb.net/sprites/scarlet-violet/icon/decidueye.png
725,Litten,Fire, ,45,65,40,60,40,70,https://img.pokemondb.net/sprites/scarlet-violet/icon/litten.png
726,Torracat,Fire, ,65,85,50,80,50,90,https://img.pokemondb.net/sprites/scarlet-violet/icon/torracat.png
727,Incineroar,Fire,Dark,95,115,90,80,90,60,https://img.pokemondb.net/sprites/scarlet-violet/icon/incineroar.png
728,Popplio,Water, ,50,54,54,66,56,40,https://img.pokemondb.net/sprites/scarlet-violet/icon/popplio.png
729,Brionne,Water, ,60,69,69,91,81,50,https://img.pokemondb.net/sprites/scarlet-violet/icon/brionne.png
730,Primarina,Water,Fairy,80,74,74,126,116,60,https://img.pokemondb.net/sprites/scarlet-violet/icon/primarina.png
731,Pikipek,Normal,Flying,35,75,30,30,30,65,https://img.pokemondb.net/sprites/scarlet-violet/icon/pikipek.png
732,Trumbeak,Normal,Flying,55,85,50,40,50,75,https://img.pokemondb.net/sprites/scarlet-violet/icon/trumbeak.png
733,Toucannon,Normal,Flying,80,120,75,75,75,60,https://img.pokemondb.net/sprites/scarlet-violet/icon/toucannon.png
734,Yungoos,Normal, ,48,70,30,30,30,45,https://img.pokemondb.net/sprites/scarlet-violet/icon/yungoos.png
735,Gumshoos,Normal, ,88,110,60,55,60,45,https://img.pokemondb.net/sprites/scarlet-violet/icon/gumshoos.png
736,Grubbin,Bug, ,47,62,45,55,45,46,https://img.pokemondb.net/sprites/scarlet-violet/icon/grubbin.png
737,Charjabug,Bug,Electric,57,82,95,55,75,36,https://img.pokemondb.net/sprites/scarlet-violet/icon/charjabug.png
738,Vikavolt,Bug,Electric,77,70,90,145,75,43,https://img.pokemondb.net/sprites/scarlet-violet/icon/vikavolt.png
739,Crabrawler,Fighting, ,47,82,57,42,47,63,https://img.pokemondb.net/sprites/scarlet-violet/icon/crabrawler.png
740,Crabominable,Fighting,Ice,97,132,77,62,67,43,https://img.pokemondb.net/sprites/scarlet-violet/icon/crabominable.png
741,Baile Style,Fire,Flying,75,70,70,98,70,93,https://img.pokemondb.net/sprites/scarlet-violet/icon/oricorio-baile-style.png
741,Pom-Pom Style,Electric,Flying,75,70,70,98,70,93,https://img.pokemondb.net/sprites/scarlet-violet/icon/oricorio-pom-pom-style.png
741,Pa'u Style,Psychic,Flying,75,70,70,98,70,93,https://img.pokemondb.net/sprites/scarlet-violet/icon/oricorio-pa-u-style.png
741,Sensu Style,Ghost,Flying,75,70,70,98,70,93,https://img.pokemondb.net/sprites/scarlet-violet/icon/oricorio-sensu-style.png
742,Cutiefly,Bug,Fairy,40,45,40,55,40,84,https://img.pokemondb.net/sprites/scarlet-violet/icon/cutiefly.png
743,Ribombee,Bug,Fairy,60,55,60,95,70,124,https://img.pokemondb.net/sprites/scarlet-violet/icon/ribombee.png
744,Rockruff,Rock, ,45,65,40,30,40,60,https://img.pokemondb.net/sprites/scarlet-violet/icon/rockruff.png
744,Own Tempo Rockruff,Rock, ,45,65,40,30,40,60,https://img.pokemondb.net/sprites/scarlet-violet/icon/rockruff-own-tempo.png
745,Midday Form,Rock, ,75,115,65,55,65,112,https://img.pokemondb.net/sprites/scarlet-violet/icon/lycanroc-midday-form.png
745,Midnight Form,Rock, ,85,115,75,55,75,82,https://img.pokemondb.net/sprites/scarlet-violet/icon/lycanroc-midnight-form.png
745,Dusk Form,Rock, ,75,117,65,55,65,110,https://img.pokemondb.net/sprites/scarlet-violet/icon/lycanroc-dusk-form.png
746,Solo Form,Water, ,45,20,20,25,25,40,https://img.pokemondb.net/sprites/scarlet-violet/icon/wishiwashi-solo-form.png
746,School Form,Water, ,45,140,130,140,135,30,https://img.pokemondb.net/sprites/scarlet-violet/icon/wishiwashi-school-form.png
747,Mareanie,Poison,Water,50,53,62,43,52,45,https://img.pokemondb.net/sprites/scarlet-violet/icon/mareanie.png
748,Toxapex,Poison,Water,50,63,152,53,142,35,https://img.pokemondb.net/sprites/scarlet-violet/icon/toxapex.png
749,Mudbray,Ground, ,70,100,70,45,55,45,https://img.pokemondb.net/sprites/scarlet-violet/icon/mudbray.png
750,Mudsdale,Ground, ,100,125,100,55,85,35,https://img.pokemondb.net/sprites/scarlet-violet/icon/mudsdale.png
751,Dewpider,Water,Bug,38,40,52,40,72,27,https://img.pokemondb.net/sprites/scarlet-violet/icon/dewpider.png
752,Araquanid,Water,Bug,68,70,92,50,132,42,https://img.pokemondb.net/sprites/scarlet-violet/icon/araquanid.png
753,Fomantis,Grass, ,40,55,35,50,35,35,https://img.pokemondb.net/sprites/scarlet-violet/icon/fomantis.png
754,Lurantis,Grass, ,70,105,90,80,90,45,https://img.pokemondb.net/sprites/scarlet-violet/icon/lurantis.png
755,Morelull,Grass,Fairy,40,35,55,65,75,15,https://img.pokemondb.net/sprites/scarlet-violet/icon/morelull.png
756,Shiinotic,Grass,Fairy,60,45,80,90,100,30,https://img.pokemondb.net/sprites/scarlet-violet/icon/shiinotic.png
757,Salandit,Poison,Fire,48,44,40,71,40,77,https://img.pokemondb.net/sprites/scarlet-violet/icon/salandit.png
758,Salazzle,Poison,Fire,68,64,60,111,60,117,https://img.pokemondb.net/sprites/scarlet-violet/icon/salazzle.png
759,Stufful,Normal,Fighting,70,75,50,45,50,50,https://img.pokemondb.net/sprites/scarlet-violet/icon/stufful.png
760,Bewear,Normal,Fighting,120,125,80,55,60,60,https://img.pokemondb.net/sprites/scarlet-violet/icon/bewear.png
761,Bounsweet,Grass, ,42,30,38,30,38,32,https://img.pokemondb.net/sprites/scarlet-violet/icon/bounsweet.png
762,Steenee,Grass, ,52,40,48,40,48,62,https://img.pokemondb.net/sprites/scarlet-violet/icon/steenee.png
763,Tsareena,Grass, ,72,120,98,50,98,72,https://img.pokemondb.net/sprites/scarlet-violet/icon/tsareena.png
764,Comfey,Fairy, ,51,52,90,82,110,100,https://img.pokemondb.net/sprites/scarlet-violet/icon/comfey.png
765,Oranguru,Normal,Psychic,90,60,80,90,110,60,https://img.pokemondb.net/sprites/scarlet-violet/icon/oranguru.png
766,Passimian,Fighting, ,100,120,90,40,60,80,https://img.pokemondb.net/sprites/scarlet-violet/icon/passimian.png
767,Wimpod,Bug,Water,25,35,40,20,30,80,https://img.pokemondb.net/sprites/scarlet-violet/icon/wimpod.png
768,Golisopod,Bug,Water,75,125,140,60,90,40,https://img.pokemondb.net/sprites/scarlet-violet/icon/golisopod.png
769,Sandygast,Ghost,Ground,55,55,80,70,45,15,https://img.pokemondb.net/sprites/scarlet-violet/icon/sandygast.png
770,Palossand,Ghost,Ground,85,75,110,100,75,35,https://img.pokemondb.net/sprites/scarlet-violet/icon/palossand.png
771,Pyukumuku,Water, ,55,60,130,30,130,5,https://img.pokemondb.net/sprites/scarlet-violet/icon/pyukumuku.png
772,Type: Null,Normal, ,95,95,95,95,95,59,https://img.pokemondb.net/sprites/scarlet-violet/icon/type-null.png
773,Silvally,Normal, ,95,95,95,95,95,95,https://img.pokemondb.net/sprites/scarlet-violet/icon/silvally.png
774,Meteor Form,Rock,Flying,60,60,100,60,100,60,https://img.pokemondb.net/sprites/scarlet-violet/icon/minior-meteor-form.png
774,Core Form,Rock,Flying,60,100,60,100,60,120,https://img.pokemondb.net/sprites/scarlet-violet/icon/minior-core-form.png
775,Komala,Normal, ,65,115,65,75,95,65,https://img.pokemondb.net/sprites/scarlet-violet/icon/komala.png
776,Turtonator,Fire,Dragon,60,78,135,91,85,36,https://img.pokemondb.net/sprites/scarlet-violet/icon/turtonator.png
777,Togedemaru,Electric,Steel,65,98,63,40,73,96,https://img.pokemondb.net/sprites/scarlet-violet/icon/togedemaru.png
778,Mimikyu,Ghost,Fairy,55,90,80,50,105,96,https://img.pokemondb.net/sprites/scarlet-violet/icon/mimikyu.png
779,Bruxish,Water,Psychic,68,105,70,70,70,92,https://img.pokemondb.net/sprites/scarlet-violet/icon/bruxish.png
780,Drampa,Normal,Dragon,78,60,85,135,91,36,https://img.pokemondb.net/sprites/scarlet-violet/icon/drampa.png
781,Dhelmise,Ghost,Grass,70,131,100,86,90,40,https://img.pokemondb.net/sprites/scarlet-violet/icon/dhelmise.png
782,Jangmo-o,Dragon, ,45,55,65,45,45,45,https://img.pokemondb.net/sprites/scarlet-violet/icon/jangmo-o.png
783,Hakamo-o,Dragon,Fighting,55,75,90,65,70,65,https://img.pokemondb.net/sprites/scarlet-violet/icon/hakamo-o.png
784,Kommo-o,Dragon,Fighting,75,110,125,100,105,85,https://img.pokemondb.net/sprites/scarlet-violet/icon/kommo-o.png
785,Tapu Koko,Electric,Fairy,70,115,85,95,75,130,https://img.pokemondb.net/sprites/scarlet-violet/icon/tapu-koko.png
786,Tapu Lele,Psychic,Fairy,70,85,75,130,115,95,https://img.pokemondb.net/sprites/scarlet-violet/icon/tapu-lele.png
787,Tapu Bulu,Grass,Fairy,70,130,115,85,95,75,https://img.pokemondb.net/sprites/scarlet-violet/icon/tapu-bulu.png
788,Tapu Fini,Water,Fairy,70,75,115,95,130,85,https://img.pokemondb.net/sprites/scarlet-violet/icon/tapu-fini.png
789,Cosmog,Psychic, ,43,29,31,29,31,37,https://img.pokemondb.net/sprites/scarlet-violet/icon/cosmog.png
790,Cosmoem,Psychic, ,43,29,131,29,131,37,https://img.pokemondb.net/sprites/scarlet-violet/icon/cosmoem.png
791,Solgaleo,Psychic,Steel,137,137,107,113,89,97,https://img.pokemondb.net/sprites/scarlet-violet/icon/solgaleo.png
792,Lunala,Psychic,Ghost,137,113,89,137,107,97,https://img.pokemondb.net/sprites/scarlet-violet/icon/lunala.png
793,Nihilego,Rock,Poison,109,53,47,127,131,103,https://img.pokemondb.net/sprites/scarlet-violet/icon/nihilego.png
794,Buzzwole,Bug,Fighting,107,139,139,53,53,79,https://img.pokemondb.net/sprites/scarlet-violet/icon/buzzwole.png
795,Pheromosa,Bug,Fighting,71,137,37,137,37,151,https://img.pokemondb.net/sprites/scarlet-violet/icon/pheromosa.png
796,Xurkitree,Electric, ,83,89,71,173,71,83,https://img.pokemondb.net/sprites/scarlet-violet/icon/xurkitree.png
797,Celesteela,Steel,Flying,97,101,103,107,101,61,https://img.pokemondb.net/sprites/scarlet-violet/icon/celesteela.png
798,Kartana,Grass,Steel,59,181,131,59,31,109,https://img.pokemondb.net/sprites/scarlet-violet/icon/kartana.png
799,Guzzlord,Dark,Dragon,223,101,53,97,53,43,https://img.pokemondb.net/sprites/scarlet-violet/icon/guzzlord.png
800,Necrozma,Psychic, ,97,107,101,127,89,79,https://img.pokemondb.net/sprites/scarlet-violet/icon/necrozma.png
800,Dusk Mane Necrozma,Psychic,Steel,97,157,127,113,109,77,https://img.pokemondb.net/sprites/scarlet-violet/icon/necrozma-dusk-mane.png
800,Dawn Wings Necrozma,Psychic,Ghost,97,113,109,157,127,77,https://img.pokemondb.net/sprites/scarlet-violet/icon/necrozma-dawn-wings.png
800,Ultra Necrozma,Psychic,Dragon,97,167,97,167,97,129,https://img.pokemondb.net/sprites/scarlet-violet/icon/necrozma-ultra.png
801,Magearna,Steel,Fairy,80,95,115,130,115,65,https://img.pokemondb.net/sprites/scarlet-violet/icon/magearna.png
802,Marshadow,Fighting,Ghost,90,125,80,90,90,125,https://img.pokemondb.net/sprites/scarlet-violet/icon/marshadow.png
803,Poipole,Poison, ,67,73,67,73,67,73,https://img.pokemondb.net/sprites/scarlet-violet/icon/poipole.png
804,Naganadel,Poison,Dragon,73,73,73,127,73,121,https://img.pokemondb.net/sprites/scarlet-violet/icon/naganadel.png
805,Stakataka,Rock,Steel,61,131,211,53,101,13,https://img.pokemondb.net/sprites/scarlet-violet/icon/stakataka.png
806,Blacephalon,Fire,Ghost,53,127,53,151,79,107,https://img.pokemondb.net/sprites/scarlet-violet/icon/blacephalon.png
807,Zeraora,Electric, ,88,112,75,102,80,143,https://img.pokemondb.net/sprites/scarlet-violet/icon/zeraora.png
808,Meltan,Steel, ,46,65,65,55,35,34,https://img.pokemondb.net/sprites/scarlet-violet/icon/meltan.png
809,Melmetal,Steel, ,135,143,143,80,65,34,https://img.pokemondb.net/sprites/scarlet-violet/icon/melmetal.png
52,Galarian Meowth,Steel, ,50,65,55,40,40,40,https://img.pokemondb.net/sprites/scarlet-violet/icon/meowth-galarian.png
58,Hisuian Growlithe,Fire,Rock,60,75,45,65,50,55,https://img.pokemondb.net/sprites/scarlet-violet/icon/growlithe-hisuian.png
59,Hisuian Arcanine,Fire,Rock,95,115,80,95,80,90,https://img.pokemondb.net/sprites/scarlet-violet/icon/arcanine-hisuian.png
77,Galarian Ponyta,Psychic, ,50,85,55,65,65,90,https://img.pokemondb.net/sprites/scarlet-violet/icon/ponyta-galarian.png
78,Galarian Rapidash,Psychic,Fairy,65,100,70,80,80,105,https://img.pokemondb.net/sprites/scarlet-violet/icon/rapidash-galarian.png
79,Galarian Slowpoke,Psychic, ,90,65,65,40,40,15,https://img.pokemondb.net/sprites/scarlet-violet/icon/slowpoke-galarian.png
80,Galarian Slowbro,Poison,Psychic,95,100,95,100,70,30,https://img.pokemondb.net/sprites/scarlet-violet/icon/slowbro-galarian.png
83,Galarian Farfetch'd,Fighting, ,52,95,55,58,62,55,https://img.pokemondb.net/sprites/scarlet-violet/icon/farfetch-d-galarian.png
100,Hisuian Voltorb,Electric,Grass,40,30,50,55,55,100,https://img.pokemondb.net/sprites/scarlet-violet/icon/voltorb-hisuian.png
101,Hisuian Electrode,Electric,Grass,60,50,70,80,80,150,https://img.pokemondb.net/sprites/scarlet-violet/icon/electrode-hisuian.png
110,Galarian Weezing,Poison,Fairy,65,90,120,85,70,60,https://img.pokemondb.net/sprites/scarlet-violet/icon/weezing-galarian.png
122,Galarian Mr. Mime,Ice,Psychic,50,65,65,90,90,100,https://img.pokemondb.net/sprites/scarlet-violet/icon/mr-mime-galarian.png
144,Galarian Articuno,Psychic,Flying,90,85,85,125,100,95,https://img.pokemondb.net/sprites/scarlet-violet/icon/articuno-galarian.png
145,Galarian Zapdos,Fighting,Flying,90,125,90,85,90,100,https://img.pokemondb.net/sprites/scarlet-violet/icon/zapdos-galarian.png
146,Galarian Moltres,Dark,Flying,90,85,90,100,125,90,https://img.pokemondb.net/sprites/scarlet-violet/icon/moltres-galarian.png
157,Hisuian Typhlosion,Fire,Ghost,73,84,78,119,85,95,https://img.pokemondb.net/sprites/scarlet-violet/icon/typhlosion-hisuian.png
199,Galarian Slowking,Poison,Psychic,95,65,80,110,110,30,https://img.pokemondb.net/sprites/scarlet-violet/icon/slowking-galarian.png
211,Hisuian Qwilfish,Dark,Poison,65,95,85,55,55,85,https://img.pokemondb.net/sprites/scarlet-violet/icon/qwilfish-hisuian.png
215,Hisuian Sneasel,Fighting,Poison,55,95,55,35,75,115,https://img.pokemondb.net/sprites/scarlet-violet/icon/sneasel-hisuian.png
222,Galarian Corsola,Ghost, ,60,55,100,65,100,30,https://img.pokemondb.net/sprites/scarlet-violet/icon/corsola-galarian.png
263,Galarian Zigzagoon,Dark,Normal,38,30,41,30,41,60,https://img.pokemondb.net/sprites/scarlet-violet/icon/zigzagoon-galarian.png
264,Galarian Linoone,Dark,Normal,78,70,61,50,61,100,https://img.pokemondb.net/sprites/scarlet-violet/icon/linoone-galarian.png
483,Origin Forme,Steel,Dragon,100,100,120,150,120,90,https://img.pokemondb.net/sprites/scarlet-violet/icon/dialga-origin-forme.png
484,Origin Forme,Water,Dragon,90,100,100,150,120,120,https://img.pokemondb.net/sprites/scarlet-violet/icon/palkia-origin-forme.png
503,Hisuian Samurott,Water,Dark,90,108,80,100,65,85,https://img.pokemondb.net/sprites/scarlet-violet/icon/samurott-hisuian.png
549,Hisuian Lilligant,Grass,Fighting,70,105,75,50,75,105,https://img.pokemondb.net/sprites/scarlet-violet/icon/lilligant-hisuian.png
550,White-Striped Form,Water, ,70,92,65,80,55,98,https://img.pokemondb.net/sprites/scarlet-violet/icon/basculin-white-striped-form.png
554,Galarian Darumaka,Ice, ,70,90,45,15,45,50,https://img.pokemondb.net/sprites/scarlet-violet/icon/darumaka-galarian.png
555,Galarian Standard Mode,Ice, ,105,140,55,30,55,95,https://img.pokemondb.net/sprites/scarlet-violet/icon/darmanitan-galarian-standard-mode.png
555,Galarian Zen Mode,Ice,Fire,105,160,55,30,55,135,https://img.pokemondb.net/sprites/scarlet-violet/icon/darmanitan-galarian-zen-mode.png
562,Galarian Yamask,Ground,Ghost,38,55,85,30,65,30,https://img.pokemondb.net/sprites/scarlet-violet/icon/yamask-galarian.png
570,Hisuian Zorua,Normal,Ghost,35,60,40,85,40,70,https://img.pokemondb.net/sprites/scarlet-violet/icon/zorua-hisuian.png
571,Hisuian Zoroark,Normal,Ghost,55,100,60,125,60,110,https://img.pokemondb.net/sprites/scarlet-violet/icon/zoroark-hisuian.png
618,Galarian Stunfisk,Ground,Steel,109,81,99,66,84,32,https://img.pokemondb.net/sprites/scarlet-violet/icon/stunfisk-galarian.png
628,Hisuian Braviary,Psychic,Flying,110,83,70,112,70,65,https://img.pokemondb.net/sprites/scarlet-violet/icon/braviary-hisuian.png
705,Hisuian Sliggoo,Steel,Dragon,58,75,83,83,113,40,https://img.pokemondb.net/sprites/scarlet-violet/icon/sliggoo-hisuian.png
706,Hisuian Goodra,Steel,Dragon,80,100,100,110,150,60,https://img.pokemondb.net/sprites/scarlet-violet/icon/goodra-hisuian.png
713,Hisuian Avalugg,Ice,Rock,95,127,184,34,36,38,https://img.pokemondb.net/sprites/scarlet-violet/icon/avalugg-hisuian.png
724,Hisuian Decidueye,Grass,Fighting,88,112,80,95,95,60,https://img.pokemondb.net/sprites/scarlet-violet/icon/decidueye-hisuian.png
810,Grookey,Grass, ,50,65,50,40,40,65,https://img.pokemondb.net/sprites/scarlet-violet/icon/grookey.png
811,Thwackey,Grass, ,70,85,70,55,60,80,https://img.pokemondb.net/sprites/scarlet-violet/icon/thwackey.png
812,Rillaboom,Grass, ,100,125,90,60,70,85,https://img.pokemondb.net/sprites/scarlet-violet/icon/rillaboom.png
813,Scorbunny,Fire, ,50,71,40,40,40,69,https://img.pokemondb.net/sprites/scarlet-violet/icon/scorbunny.png
814,Raboot,Fire, ,65,86,60,55,60,94,https://img.pokemondb.net/sprites/scarlet-violet/icon/raboot.png
815,Cinderace,Fire, ,80,116,75,65,75,119,https://img.pokemondb.net/sprites/scarlet-violet/icon/cinderace.png
816,Sobble,Water, ,50,40,40,70,40,70,https://img.pokemondb.net/sprites/scarlet-violet/icon/sobble.png
817,Drizzile,Water, ,65,60,55,95,55,90,https://img.pokemondb.net/sprites/scarlet-violet/icon/drizzile.png
818,Inteleon,Water, ,70,85,65,125,65,120,https://img.pokemondb.net/sprites/scarlet-violet/icon/inteleon.png
819,Skwovet,Normal, ,70,55,55,35,35,25,https://img.pokemondb.net/sprites/scarlet-violet/icon/skwovet.png
820,Greedent,Normal, ,120,95,95,55,75,20,https://img.pokemondb.net/sprites/scarlet-violet/icon/greedent.png
821,Rookidee,Flying, ,38,47,35,33,35,57,https://img.pokemondb.net/sprites/scarlet-violet/icon/rookidee.png
822,Corvisquire,Flying, ,68,67,55,43,55,77,https://img.pokemondb.net/sprites/scarlet-violet/icon/corvisquire.png
823,Corviknight,Flying,Steel,98,87,105,53,85,67,https://img.pokemondb.net/sprites/scarlet-violet/icon/corviknight.png
824,Blipbug,Bug, ,25,20,20,25,45,45,https://img.pokemondb.net/sprites/scarlet-violet/icon/blipbug.png
825,Dottler,Bug,Psychic,50,35,80,50,90,30,https://img.pokemondb.net/sprites/scarlet-violet/icon/dottler.png
826,Orbeetle,Bug,Psychic,60,45,110,80,120,90,https://img.pokemondb.net/sprites/scarlet-violet/icon/orbeetle.png
827,Nickit,Dark, ,40,28,28,47,52,50,https://img.pokemondb.net/sprites/scarlet-violet/icon/nickit.png
828,Thievul,Dark, ,70,58,58,87,92,90,https://img.pokemondb.net/sprites/scarlet-violet/icon/thievul.png
829,Gossifleur,Grass, ,40,40,60,40,60,10,https://img.pokemondb.net/sprites/scarlet-violet/icon/gossifleur.png
830,Eldegoss,Grass, ,60,50,90,80,120,60,https://img.pokemondb.net/sprites/scarlet-violet/icon/eldegoss.png
831,Wooloo,Normal, ,42,40,55,40,45,48,https://img.pokemondb.net/sprites/scarlet-violet/icon/wooloo.png
832,Dubwool,Normal, ,72,80,100,60,90,88,https://img.pokemondb.net/sprites/scarlet-violet/icon/dubwool.png
833,Chewtle,Water, ,50,64,50,38,38,44,https://img.pokemondb.net/sprites/scarlet-violet/icon/chewtle.png
834,Drednaw,Water,Rock,90,115,90,48,68,74,https://img.pokemondb.net/sprites/scarlet-violet/icon/drednaw.png
835,Yamper,Electric, ,59,45,50,40,50,26,https://img.pokemondb.net/sprites/scarlet-violet/icon/yamper.png
836,Boltund,Electric, ,69,90,60,90,60,121,https://img.pokemondb.net/sprites/scarlet-violet/icon/boltund.png
837,Rolycoly,Rock, ,30,40,50,40,50,30,https://img.pokemondb.net/sprites/scarlet-violet/icon/rolycoly.png
838,Carkol,Rock,Fire,80,60,90,60,70,50,https://img.pokemondb.net/sprites/scarlet-violet/icon/carkol.png
839,Coalossal,Rock,Fire,110,80,120,80,90,30,https://img.pokemondb.net/sprites/scarlet-violet/icon/coalossal.png
840,Applin,Grass,Dragon,40,40,80,40,40,20,https://img.pokemondb.net/sprites/scarlet-violet/icon/applin.png
841,Flapple,Grass,Dragon,70,110,80,95,60,70,https://img.pokemondb.net/sprites/scarlet-violet/icon/flapple.png
842,Appletun,Grass,Dragon,110,85,80,100,80,30,https://img.pokemondb.net/sprites/scarlet-violet/icon/appletun.png
843,Silicobra,Ground, ,52,57,75,35,50,46,https://img.pokemondb.net/sprites/scarlet-violet/icon/silicobra.png
844,Sandaconda,Ground, ,72,107,125,65,70,71,https://img.pokemondb.net/sprites/scarlet-violet/icon/sandaconda.png
845,Cramorant,Flying,Water,70,85,55,85,95,85,https://img.pokemondb.net/sprites/scarlet-violet/icon/cramorant.png
846,Arrokuda,Water, ,41,63,40,40,30,66,https://img.pokemondb.net/sprites/scarlet-violet/icon/arrokuda.png
847,Barraskewda,Water, ,61,123,60,60,50,136,https://img.pokemondb.net/sprites/scarlet-violet/icon/barraskewda.png
848,Toxel,Electric,Poison,40,38,35,54,35,40,https://img.pokemondb.net/sprites/scarlet-violet/icon/toxel.png
849,Amped Form,Electric,Poison,75,98,70,114,70,75,https://img.pokemondb.net/sprites/scarlet-violet/icon/toxtricity-amped-form.png
849,Low Key Form,Electric,Poison,75,98,70,114,70,75,https://img.pokemondb.net/sprites/scarlet-violet/icon/toxtricity-low-key-form.png
850,Sizzlipede,Fire,Bug,50,65,45,50,50,45,https://img.pokemondb.net/sprites/scarlet-violet/icon/sizzlipede.png
851,Centiskorch,Fire,Bug,100,115,65,90,90,65,https://img.pokemondb.net/sprites/scarlet-violet/icon/centiskorch.png
852,Clobbopus,Fighting, ,50,68,60,50,50,32,https://img.pokemondb.net/sprites/scarlet-violet/icon/clobbopus.png
853,Grapploct,Fighting, ,80,118,90,70,80,42,https://img.pokemondb.net/sprites/scarlet-violet/icon/grapploct.png
854,Sinistea,Ghost, ,40,45,45,74,54,50,https://img.pokemondb.net/sprites/scarlet-violet/icon/sinistea.png
855,Polteageist,Ghost, ,60,65,65,134,114,70,https://img.pokemondb.net/sprites/scarlet-violet/icon/polteageist.png
856,Hatenna,Psychic, ,42,30,45,56,53,39,https://img.pokemondb.net/sprites/scarlet-violet/icon/hatenna.png
857,Hattrem,Psychic, ,57,40,65,86,73,49,https://img.pokemondb.net/sprites/scarlet-violet/icon/hattrem.png
858,Hatterene,Psychic,Fairy,57,90,95,136,103,29,https://img.pokemondb.net/sprites/scarlet-violet/icon/hatterene.png
859,Impidimp,Dark,Fairy,45,45,30,55,40,50,https://img.pokemondb.net/sprites/scarlet-violet/icon/impidimp.png
860,Morgrem,Dark,Fairy,65,60,45,75,55,70,https://img.pokemondb.net/sprites/scarlet-violet/icon/morgrem.png
861,Grimmsnarl,Dark,Fairy,95,120,65,95,75,60,https://img.pokemondb.net/sprites/scarlet-violet/icon/grimmsnarl.png
862,Obstagoon,Dark,Normal,93,90,101,60,81,95,https://img.pokemondb.net/sprites/scarlet-violet/icon/obstagoon.png
863,Perrserker,Steel, ,70,110,100,50,60,50,https://img.pokemondb.net/sprites/scarlet-violet/icon/perrserker.png
864,Cursola,Ghost, ,60,95,50,145,130,30,https://img.pokemondb.net/sprites/scarlet-violet/icon/cursola.png
865,Sirfetch'd,Fighting, ,62,135,95,68,82,65,https://img.pokemondb.net/sprites/scarlet-violet/icon/sirfetch-d.png
866,Mr. Rime,Ice,Psychic,80,85,75,110,100,70,https://img.pokemondb.net/sprites/scarlet-violet/icon/mr-rime.png
867,Runerigus,Ground,Ghost,58,95,145,50,105,30,https://img.pokemondb.net/sprites/scarlet-violet/icon/runerigus.png
868,Milcery,Fairy, ,45,40,40,50,61,34,https://img.pokemondb.net/sprites/scarlet-violet/icon/milcery.png
869,Alcremie,Fairy, ,65,60,75,110,121,64,https://img.pokemondb.net/sprites/scarlet-violet/icon/alcremie.png
870,Falinks,Fighting, ,65,100,100,70,60,75,https://img.pokemondb.net/sprites/scarlet-violet/icon/falinks.png
871,Pincurchin,Electric, ,48,101,95,91,85,15,https://img.pokemondb.net/sprites/scarlet-violet/icon/pincurchin.png
872,Snom,Ice,Bug,30,25,35,45,30,20,https://img.pokemondb.net/sprites/scarlet-violet/icon/snom.png
873,Frosmoth,Ice,Bug,70,65,60,125,90,65,https://img.pokemondb.net/sprites/scarlet-violet/icon/frosmoth.png
874,Stonjourner,Rock, ,100,125,135,20,20,70,https://img.pokemondb.net/sprites/scarlet-violet/icon/stonjourner.png
875,Ice Face,Ice, ,75,80,110,65,90,50,https://img.pokemondb.net/sprites/scarlet-violet/icon/eiscue-ice-face.png
875,Noice Face,Ice, ,75,80,70,65,50,130,https://img.pokemondb.net/sprites/scarlet-violet/icon/eiscue-noice-face.png
876,Male,Psychic,Normal,60,65,55,105,95,95,https://img.pokemondb.net/sprites/scarlet-violet/icon/indeedee-male.png
876,Female,Psychic,Normal,70,55,65,95,105,85,https://img.pokemondb.net/sprites/scarlet-violet/icon/indeedee-female.png
877,Full Belly Mode,Electric,Dark,58,95,58,70,58,97,https://img.pokemondb.net/sprites/scarlet-violet/icon/morpeko-full-belly-mode.png
877,Hangry Mode,Electric,Dark,58,95,58,70,58,97,https://img.pokemondb.net/sprites/scarlet-violet/icon/morpeko-hangry-mode.png
878,Cufant,Steel, ,72,80,49,40,49,40,https://img.pokemondb.net/sprites/scarlet-violet/icon/cufant.png
879,Copperajah,Steel, ,122,130,69,80,69,30,https://img.pokemondb.net/sprites/scarlet-violet/icon/copperajah.png
880,Dracozolt,Electric,Dragon,90,100,90,80,70,75,https://img.pokemondb.net/sprites/scarlet-violet/icon/dracozolt.png
881,Arctozolt,Electric,Ice,90,100,90,90,80,55,https://img.pokemondb.net/sprites/scarlet-violet/icon/arctozolt.png
882,Dracovish,Water,Dragon,90,90,100,70,80,75,https://img.pokemondb.net/sprites/scarlet-violet/icon/dracovish.png
883,Arctovish,Water,Ice,90,90,100,80,90,55,https://img.pokemondb.net/sprites/scarlet-violet/icon/arctovish.png
884,Duraludon,Steel,Dragon,70,95,115,120,50,85,https://img.pokemondb.net/sprites/scarlet-violet/icon/duraludon.png
885,Dreepy,Dragon,Ghost,28,60,30,40,30,82,https://img.pokemondb.net/sprites/scarlet-violet/icon/dreepy.png
886,Drakloak,Dragon,Ghost,68,80,50,60,50,102,https://img.pokemondb.net/sprites/scarlet-violet/icon/drakloak.png
887,Dragapult,Dragon,Ghost,88,120,75,100,75,142,https://img.pokemondb.net/sprites/scarlet-violet/icon/dragapult.png
888,Hero of Many Battles,Fairy, ,92,120,115,80,115,138,https://img.pokemondb.net/sprites/scarlet-violet/icon/zacian-hero-of-many-battles.png
888,Crowned Sword,Fairy,Steel,92,150,115,80,115,148,https://img.pokemondb.net/sprites/scarlet-violet/icon/zacian-crowned-sword.png
889,Hero of Many Battles,Fighting, ,92,120,115,80,115,138,https://img.pokemondb.net/sprites/scarlet-violet/icon/zamazenta-hero-of-many-battles.png
889,Crowned Shield,Fighting,Steel,92,120,140,80,140,128,https://img.pokemondb.net/sprites/scarlet-violet/icon/zamazenta-crowned-shield.png
890,Eternatus,Poison,Dragon,140,85,95,145,95,130,https://img.pokemondb.net/sprites/scarlet-violet/icon/eternatus.png
890,Eternamax,Poison,Dragon,255,115,250,125,250,130,https://img.pokemondb.net/sprites/scarlet-violet/icon/eternatus-eternamax.png
891,Kubfu,Fighting, ,60,90,60,53,50,72,https://img.pokemondb.net/sprites/scarlet-violet/icon/kubfu.png
892,Single Strike Style,Fighting,Dark,100,130,100,63,60,97,https://img.pokemondb.net/sprites/scarlet-violet/icon/urshifu-single-strike-style.png
892,Rapid Strike Style,Fighting,Water,100,130,100,63,60,97,https://img.pokemondb.net/sprites/scarlet-violet/icon/urshifu-rapid-strike-style.png
893,Zarude,Dark,Grass,105,120,105,70,95,105,https://img.pokemondb.net/sprites/scarlet-violet/icon/zarude.png
894,Regieleki,Electric, ,80,100,50,100,50,200,https://img.pokemondb.net/sprites/scarlet-violet/icon/regieleki.png
895,Regidrago,Dragon, ,200,100,50,100,50,80,https://img.pokemondb.net/sprites/scarlet-violet/icon/regidrago.png
896,Glastrier,Ice, ,100,145,130,65,110,30,https://img.pokemondb.net/sprites/scarlet-violet/icon/glastrier.png
897,Spectrier,Ghost, ,100,65,60,145,80,130,https://img.pokemondb.net/sprites/scarlet-violet/icon/spectrier.png
898,Calyrex,Psychic,Grass,100,80,80,80,80,80,https://img.pokemondb.net/sprites/scarlet-violet/icon/calyrex.png
898,Ice Rider,Psychic,Ice,100,165,150,85,130,50,https://img.pokemondb.net/sprites/scarlet-violet/icon/calyrex-ice-rider.png
898,Shadow Rider,Psychic,Ghost,100,85,80,165,100,150,https://img.pokemondb.net/sprites/scarlet-violet/icon/calyrex-shadow-rider.png
899,Wyrdeer,Normal,Psychic,103,105,72,105,75,65,https://img.pokemondb.net/sprites/scarlet-violet/icon/wyrdeer.png
900,Kleavor,Bug,Rock,70,135,95,45,70,85,https://img.pokemondb.net/sprites/scarlet-violet/icon/kleavor.png
901,Ursaluna,Ground,Normal,130,140,105,45,80,50,https://img.pokemondb.net/sprites/scarlet-violet/icon/ursaluna.png
902,Male,Water,Ghost,120,112,65,80,75,78,https://img.pokemondb.net/sprites/scarlet-violet/icon/basculegion-male.png
902,Female,Water,Ghost,120,92,65,100,75,78,https://img.pokemondb.net/sprites/scarlet-violet/icon/basculegion-female.png
903,Sneasler,Fighting,Poison,80,130,60,40,80,120,https://img.pokemondb.net/sprites/scarlet-violet/icon/sneasler.png
904,Overqwil,Dark,Poison,85,115,95,65,65,85,https://img.pokemondb.net/sprites/scarlet-violet/icon/overqwil.png
905,Incarnate Forme,Fairy,Flying,74,115,70,135,80,106,https://img.pokemondb.net/sprites/scarlet-violet/icon/enamorus-incarnate-forme.png
905,Therian Forme,Fairy,Flying,74,115,110,135,100,46,https://img.pokemondb.net/sprites/scarlet-violet/icon/enamorus-therian-forme.png
128,Combat Breed,Fighting, ,75,110,105,30,70,100,https://img.pokemondb.net/sprites/scarlet-violet/icon/tauros-combat-breed.png
128,Blaze Breed,Fighting,Fire,75,110,105,30,70,100,https://img.pokemondb.net/sprites/scarlet-violet/icon/tauros-blaze-breed.png
128,Aqua Breed,Fighting,Water,75,110,105,30,70,100,https://img.pokemondb.net/sprites/scarlet-violet/icon/tauros-aqua-breed.png
194,Paldean Wooper,Poison,Ground,55,45,45,25,25,15,https://img.pokemondb.net/sprites/scarlet-violet/icon/wooper-paldean.png
901,Bloodmoon,Ground,Normal,113,70,120,135,65,52,https://img.pokemondb.net/sprites/scarlet-violet/icon/ursaluna-bloodmoon.png
906,Sprigatito,Grass, ,40,61,54,45,45,65,https://img.pokemondb.net/sprites/scarlet-violet/icon/sprigatito.png
907,Floragato,Grass, ,61,80,63,60,63,83,https://img.pokemondb.net/sprites/scarlet-violet/icon/floragato.png
908,Meowscarada,Grass,Dark,76,110,70,81,70,123,https://img.pokemondb.net/sprites/scarlet-violet/icon/meowscarada.png
909,Fuecoco,Fire, ,67,45,59,63,40,36,https://img.pokemondb.net/sprites/scarlet-violet/icon/fuecoco.png
910,Crocalor,Fire, ,81,55,78,90,58,49,https://img.pokemondb.net/sprites/scarlet-violet/icon/crocalor.png
911,Skeledirge,Fire,Ghost,104,75,100,110,75,66,https://img.pokemondb.net/sprites/scarlet-violet/icon/skeledirge.png
912,Quaxly,Water, ,55,65,45,50,45,50,https://img.pokemondb.net/sprites/scarlet-violet/icon/quaxly.png
913,Quaxwell,Water, ,70,85,65,65,60,65,https://img.pokemondb.net/sprites/scarlet-violet/icon/quaxwell.png
914,Quaquaval,Water,Fighting,85,120,80,85,75,85,https://img.pokemondb.net/sprites/scarlet-violet/icon/quaquaval.png
915,Lechonk,Normal, ,54,45,40,35,45,35,https://img.pokemondb.net/sprites/scarlet-violet/icon/lechonk.png
916,Male,Normal, ,110,100,75,59,80,65,https://img.pokemondb.net/sprites/scarlet-violet/icon/oinkologne-male.png
916,Female,Normal, ,115,90,70,59,90,65,https://img.pokemondb.net/sprites/scarlet-violet/icon/oinkologne-female.png
917,Tarountula,Bug, ,35,41,45,29,40,20,https://img.pokemondb.net/sprites/scarlet-violet/icon/tarountula.png
918,Spidops,Bug, ,60,79,92,52,86,35,https://img.pokemondb.net/sprites/scarlet-violet/icon/spidops.png
919,Nymble,Bug, ,33,46,40,21,25,45,https://img.pokemondb.net/sprites/scarlet-violet/icon/nymble.png
920,Lokix,Bug,Dark,71,102,78,52,55,92,https://img.pokemondb.net/sprites/scarlet-violet/icon/lokix.png
921,Pawmi,Electric, ,45,50,20,40,25,60,https://img.pokemondb.net/sprites/scarlet-violet/icon/pawmi.png
922,Pawmo,Electric,Fighting,60,75,40,50,40,85,https://img.pokemondb.net/sprites/scarlet-violet/icon/pawmo.png
923,Pawmot,Electric,Fighting,70,115,70,70,60,105,https://img.pokemondb.net/sprites/scarlet-violet/icon/pawmot.png
924,Tandemaus,Normal, ,50,50,45,40,45,75,https://img.pokemondb.net/sprites/scarlet-violet/icon/tandemaus.png
925,Family of Four,Normal, ,74,75,70,65,75,111,https://img.pokemondb.net/sprites/scarlet-violet/icon/maushold-family-of-four.png
925,Family of Three,Normal, ,74,75,70,65,75,111,https://img.pokemondb.net/sprites/scarlet-violet/icon/maushold-family-of-three.png
926,Fidough,Fairy, ,37,55,70,30,55,65,https://img.pokemondb.net/sprites/scarlet-violet/icon/fidough.png
927,Dachsbun,Fairy, ,57,80,115,50,80,95,https://img.pokemondb.net/sprites/scarlet-violet/icon/dachsbun.png
928,Smoliv,Grass,Normal,41,35,45,58,51,30,https://img.pokemondb.net/sprites/scarlet-violet/icon/smoliv.png
929,Dolliv,Grass,Normal,52,53,60,78,78,33,https://img.pokemondb.net/sprites/scarlet-violet/icon/dolliv.png
930,Arboliva,Grass,Normal,78,69,90,125,109,39,https://img.pokemondb.net/sprites/scarlet-violet/icon/arboliva.png
931,Green Plumage,Normal,Flying,82,96,51,45,51,92,https://img.pokemondb.net/sprites/scarlet-violet/icon/squawkabilly-green-plumage.png
931,Blue Plumage,Normal,Flying,82,96,51,45,51,92,https://img.pokemondb.net/sprites/scarlet-violet/icon/squawkabilly-blue-plumage.png
931,Yellow Plumage,Normal,Flying,82,96,51,45,51,92,https://img.pokemondb.net/sprites/scarlet-violet/icon/squawkabilly-yellow-plumage.png
931,White Plumage,Normal,Flying,82,96,51,45,51,92,https://img.pokemondb.net/sprites/scarlet-violet/icon/squawkabilly-white-plumage.png
932,Nacli,Rock, ,55,55,75,35,35,25,https://img.pokemondb.net/sprites/scarlet-violet/icon/nacli.png
933,Naclstack,Rock, ,60,60,100,35,65,35,https://img.pokemondb.net/sprites/scarlet-violet/icon/naclstack.png
934,Garganacl,Rock, ,100,100,130,45,90,35,https://img.pokemondb.net/sprites/scarlet-violet/icon/garganacl.png
935,Charcadet,Fire, ,40,50,40,50,40,35,https://img.pokemondb.net/sprites/scarlet-violet/icon/charcadet.png
936,Armarouge,Fire,Psychic,85,60,100,125,80,75,https://img.pokemondb.net/sprites/scarlet-violet/icon/armarouge.png
937,Ceruledge,Fire,Ghost,75,125,80,60,100,85,https://img.pokemondb.net/sprites/scarlet-violet/icon/ceruledge.png
938,Tadbulb,Electric, ,61,31,41,59,35,45,https://img.pokemondb.net/sprites/scarlet-violet/icon/tadbulb.png
939,Bellibolt,Electric, ,109,64,91,103,83,45,https://img.pokemondb.net/sprites/scarlet-violet/icon/bellibolt.png
940,Wattrel,Electric,Flying,40,40,35,55,40,70,https://img.pokemondb.net/sprites/scarlet-violet/icon/wattrel.png
941,Kilowattrel,Electric,Flying,70,70,60,105,60,125,https://img.pokemondb.net/sprites/scarlet-violet/icon/kilowattrel.png
942,Maschiff,Dark, ,60,78,60,40,51,51,https://img.pokemondb.net/sprites/scarlet-violet/icon/maschiff.png
943,Mabosstiff,Dark, ,80,120,90,60,70,85,https://img.pokemondb.net/sprites/scarlet-violet/icon/mabosstiff.png
944,Shroodle,Poison,Normal,40,65,35,40,35,75,https://img.pokemondb.net/sprites/scarlet-violet/icon/shroodle.png
945,Grafaiai,Poison,Normal,63,95,65,80,72,110,https://img.pokemondb.net/sprites/scarlet-violet/icon/grafaiai.png
946,Bramblin,Grass,Ghost,40,65,30,45,35,60,https://img.pokemondb.net/sprites/scarlet-violet/icon/bramblin.png
947,Brambleghast,Grass,Ghost,55,115,70,80,70,90,https://img.pokemondb.net/sprites/scarlet-violet/icon/brambleghast.png
948,Toedscool,Ground,Grass,40,40,35,50,100,70,https://img.pokemondb.net/sprites/scarlet-violet/icon/toedscool.png
949,Toedscruel,Ground,Grass,80,70,65,80,120,100,https://img.pokemondb.net/sprites/scarlet-violet/icon/toedscruel.png
950,Klawf,Rock, ,70,100,115,35,55,75,https://img.pokemondb.net/sprites/scarlet-violet/icon/klawf.png
951,Capsakid,Grass, ,50,62,40,62,40,50,https://img.pokemondb.net/sprites/scarlet-violet/icon/capsakid.png
952,Scovillain,Grass,Fire,65,108,65,108,65,75,https://img.pokemondb.net/sprites/scarlet-violet/icon/scovillain.png
953,Rellor,Bug, ,41,50,60,31,58,30,https://img.pokemondb.net/sprites/scarlet-violet/icon/rellor.png
954,Rabsca,Bug,Psychic,75,50,85,115,100,45,https://img.pokemondb.net/sprites/scarlet-violet/icon/rabsca.png
955,Flittle,Psychic, ,30,35,30,55,30,75,https://img.pokemondb.net/sprites/scarlet-violet/icon/flittle.png
956,Espathra,Psychic, ,95,60,60,101,60,105,https://img.pokemondb.net/sprites/scarlet-violet/icon/espathra.png
957,Tinkatink,Fairy,Steel,50,45,45,35,64,58,https://img.pokemondb.net/sprites/scarlet-violet/icon/tinkatink.png
958,Tinkatuff,Fairy,Steel,65,55,55,45,82,78,https://img.pokemondb.net/sprites/scarlet-violet/icon/tinkatuff.png
959,Tinkaton,Fairy,Steel,85,75,77,70,105,94,https://img.pokemondb.net/sprites/scarlet-violet/icon/tinkaton.png
960,Wiglett,Water, ,10,55,25,35,25,95,https://img.pokemondb.net/sprites/scarlet-violet/icon/wiglett.png
961,Wugtrio,Water, ,35,100,50,50,70,120,https://img.pokemondb.net/sprites/scarlet-violet/icon/wugtrio.png
962,Bombirdier,Flying,Dark,70,103,85,60,85,82,https://img.pokemondb.net/sprites/scarlet-violet/icon/bombirdier.png
963,Finizen,Water, ,70,45,40,45,40,75,https://img.pokemondb.net/sprites/scarlet-violet/icon/finizen.png
964,Zero Form,Water, ,100,70,72,53,62,100,https://img.pokemondb.net/sprites/scarlet-violet/icon/palafin-zero-form.png
964,Hero Form,Water, ,100,160,97,106,87,100,https://img.pokemondb.net/sprites/scarlet-violet/icon/palafin-hero-form.png
965,Varoom,Steel,Poison,45,70,63,30,45,47,https://img.pokemondb.net/sprites/scarlet-violet/icon/varoom.png
966,Revavroom,Steel,Poison,80,119,90,54,67,90,https://img.pokemondb.net/sprites/scarlet-violet/icon/revavroom.png
967,Cyclizar,Dragon,Normal,70,95,65,85,65,121,https://img.pokemondb.net/sprites/scarlet-violet/icon/cyclizar.png
968,Orthworm,Steel, ,70,85,145,60,55,65,https://img.pokemondb.net/sprites/scarlet-violet/icon/orthworm.png
969,Glimmet,Rock,Poison,48,35,42,105,60,60,https://img.pokemondb.net/sprites/scarlet-violet/icon/glimmet.png
970,Glimmora,Rock,Poison,83,55,90,130,81,86,https://img.pokemondb.net/sprites/scarlet-violet/icon/glimmora.png
971,Greavard,Ghost, ,50,61,60,30,55,34,https://img.pokemondb.net/sprites/scarlet-violet/icon/greavard.png
972,Houndstone,Ghost, ,72,101,100,50,97,68,https://img.pokemondb.net/sprites/scarlet-violet/icon/houndstone.png
973,Flamigo,Flying,Fighting,82,115,74,75,64,90,https://img.pokemondb.net/sprites/scarlet-violet/icon/flamigo.png
974,Cetoddle,Ice, ,108,68,45,30,40,43,https://img.pokemondb.net/sprites/scarlet-violet/icon/cetoddle.png
975,Cetitan,Ice, ,170,113,65,45,55,73,https://img.pokemondb.net/sprites/scarlet-violet/icon/cetitan.png
976,Veluza,Water,Psychic,90,102,73,78,65,70,https://img.pokemondb.net/sprites/scarlet-violet/icon/veluza.png
977,Dondozo,Water, ,150,100,115,65,65,35,https://img.pokemondb.net/sprites/scarlet-violet/icon/dondozo.png
978,Curly Form,Dragon,Water,68,50,60,120,95,82,https://img.pokemondb.net/sprites/scarlet-violet/icon/tatsugiri-curly-form.png
978,Droopy Form,Dragon,Water,68,50,60,120,95,82,https://img.pokemondb.net/sprites/scarlet-violet/icon/tatsugiri-droopy-form.png
978,Stretchy Form,Dragon,Water,68,50,60,120,95,82,https://img.pokemondb.net/sprites/scarlet-violet/icon/tatsugiri-stretchy-form.png
979,Annihilape,Fighting,Ghost,110,115,80,50,90,90,https://img.pokemondb.net/sprites/scarlet-violet/icon/annihilape.png
980,Clodsire,Poison,Ground,130,75,60,45,100,20,https://img.pokemondb.net/sprites/scarlet-violet/icon/clodsire.png
981,Farigiraf,Normal,Psychic,120,90,70,110,70,60,https://img.pokemondb.net/sprites/scarlet-violet/icon/farigiraf.png
982,Two-Segment Form,Normal, ,125,100,80,85,75,55,https://img.pokemondb.net/sprites/scarlet-violet/icon/dudunsparce-two-segment-form.png
982,Three-Segment Form,Normal, ,125,100,80,85,75,55,https://img.pokemondb.net/sprites/scarlet-violet/icon/dudunsparce-three-segment-form.png
983,Kingambit,Dark,Steel,100,135,120,60,85,50,https://img.pokemondb.net/sprites/scarlet-violet/icon/kingambit.png
984,Great Tusk,Ground,Fighting,115,131,131,53,53,87,https://img.pokemondb.net/sprites/scarlet-violet/icon/great-tusk.png
985,Scream Tail,Fairy,Psychic,115,65,99,65,115,111,https://img.pokemondb.net/sprites/scarlet-violet/icon/scream-tail.png
986,Brute Bonnet,Grass,Dark,111,127,99,79,99,55,https://img.pokemondb.net/sprites/scarlet-violet/icon/brute-bonnet.png
987,Flutter Mane,Ghost,Fairy,55,55,55,135,135,135,https://img.pokemondb.net/sprites/scarlet-violet/icon/flutter-mane.png
988,Slither Wing,Bug,Fighting,85,135,79,85,105,81,https://img.pokemondb.net/sprites/scarlet-violet/icon/slither-wing.png
989,Sandy Shocks,Electric,Ground,85,81,97,121,85,101,https://img.pokemondb.net/sprites/scarlet-violet/icon/sandy-shocks.png
990,Iron Treads,Ground,Steel,90,112,120,72,70,106,https://img.pokemondb.net/sprites/scarlet-violet/icon/iron-treads.png
991,Iron Bundle,Ice,Water,56,80,114,124,60,136,https://img.pokemondb.net/sprites/scarlet-violet/icon/iron-bundle.png
992,Iron Hands,Fighting,Electric,154,140,108,50,68,50,https://img.pokemondb.net/sprites/scarlet-violet/icon/iron-hands.png
993,Iron Jugulis,Dark,Flying,94,80,86,122,80,108,https://img.pokemondb.net/sprites/scarlet-violet/icon/iron-jugulis.png
994,Iron Moth,Fire,Poison,80,70,60,140,110,110,https://img.pokemondb.net/sprites/scarlet-violet/icon/iron-moth.png
995,Iron Thorns,Rock,Electric,100,134,110,70,84,72,https://img.pokemondb.net/sprites/scarlet-violet/icon/iron-thorns.png
996,Frigibax,Dragon,Ice,65,75,45,35,45,55,https://img.pokemondb.net/sprites/scarlet-violet/icon/frigibax.png
997,Arctibax,Dragon,Ice,90,95,66,45,65,62,https://img.pokemondb.net/sprites/scarlet-violet/icon/arctibax.png
998,Baxcalibur,Dragon,Ice,115,145,92,75,86,87,https://img.pokemondb.net/sprites/scarlet-violet/icon/baxcalibur.png
999,Chest Form,Ghost, ,45,30,70,75,70,10,https://img.pokemondb.net/sprites/scarlet-violet/icon/gimmighoul-chest-form.png
999,Roaming Form,Ghost, ,45,30,25,75,45,80,https://img.pokemondb.net/sprites/scarlet-violet/icon/gimmighoul-roaming-form.png
1000,Gholdengo,Steel,Ghost,87,60,95,133,91,84,https://img.pokemondb.net/sprites/scarlet-violet/icon/gholdengo.png
1001,Wo-Chien,Dark,Grass,85,85,100,95,135,70,https://img.pokemondb.net/sprites/scarlet-violet/icon/wo-chien.png
1002,Chien-Pao,Dark,Ice,80,120,80,90,65,135,https://img.pokemondb.net/sprites/scarlet-violet/icon/chien-pao.png
1003,Ting-Lu,Dark,Ground,155,110,125,55,80,45,https://img.pokemondb.net/sprites/scarlet-violet/icon/ting-lu.png
1004,Chi-Yu,Dark,Fire,55,80,80,135,120,100,https://img.pokemondb.net/sprites/scarlet-violet/icon/chi-yu.png
1005,Roaring Moon,Dragon,Dark,105,139,71,55,101,119,https://img.pokemondb.net/sprites/scarlet-violet/icon/roaring-moon.png
1006,Iron Valiant,Fairy,Fighting,74,130,90,120,60,116,https://img.pokemondb.net/sprites/scarlet-violet/icon/iron-valiant.png
1007,Koraidon,Fighting,Dragon,100,135,115,85,100,135,https://img.pokemondb.net/sprites/scarlet-violet/icon/koraidon.png
1008,Miraidon,Electric,Dragon,100,85,100,135,115,135,https://img.pokemondb.net/sprites/scarlet-violet/icon/miraidon.png
1009,Walking Wake,Water,Dragon,99,83,91,125,83,109,https://img.pokemondb.net/sprites/scarlet-violet/icon/walking-wake.png
1010,Iron Leaves,Grass,Psychic,90,130,88,70,108,104,https://img.pokemondb.net/sprites/scarlet-violet/icon/iron-leaves.png
1011,Dipplin,Grass,Dragon,80,80,110,95,80,40,https://img.pokemondb.net/sprites/scarlet-violet/icon/dipplin.png
1012,Poltchageist,Grass,Ghost,40,45,45,74,54,50,https://img.pokemondb.net/sprites/scarlet-violet/icon/poltchageist.png
1013,Sinistcha,Grass,Ghost,71,60,106,121,80,70,https://img.pokemondb.net/sprites/scarlet-violet/icon/sinistcha.png
1014,Okidogi,Poison,Fighting,88,128,115,58,86,80,https://img.pokemondb.net/sprites/scarlet-violet/icon/okidogi.png
1015,Munkidori,Poison,Psychic,88,75,66,130,90,106,https://img.pokemondb.net/sprites/scarlet-violet/icon/munkidori.png
1016,Fezandipiti,Poison,Fairy,88,91,82,70,125,99,https://img.pokemondb.net/sprites/scarlet-violet/icon/fezandipiti.png
1017,Teal Mask,Grass, ,80,120,84,60,96,110,https://img.pokemondb.net/sprites/scarlet-violet/icon/ogerpon-teal-mask.png
1017,Wellspring Mask,Grass,Water,80,120,84,60,96,110,https://img.pokemondb.net/sprites/scarlet-violet/icon/ogerpon-wellspring-mask.png
1017,Hearthflame Mask,Grass,Fire,80,120,84,60,96,110,https://img.pokemondb.net/sprites/scarlet-violet/icon/ogerpon-hearthflame-mask.png
1017,Cornerstone Mask,Grass,Rock,80,120,84,60,96,110,https://img.pokemondb.net/sprites/scarlet-violet/icon/ogerpon-cornerstone-mask.png
1018,Archaludon,Steel,Dragon,90,105,130,125,65,85,https://img.pokemondb.net/sprites/scarlet-violet/icon/archaludon.png
1019,Hydrapple,Grass,Dragon,106,80,110,120,80,44,https://img.pokemondb.net/sprites/scarlet-violet/icon/hydrapple.png
1020,Gouging Fire,Fire,Dragon,105,115,121,65,93,91,https://img.pokemondb.net/sprites/scarlet-violet/icon/gouging-fire.png
1021,Raging Bolt,Electric,Dragon,125,73,91,137,89,75,https://img.pokemondb.net/sprites/scarlet-violet/icon/raging-bolt.png
1022,Iron Boulder,Rock,Psychic,90,120,80,68,108,124,https://img.pokemondb.net/sprites/scarlet-violet/icon/iron-boulder.png
1023,Iron Crown,Steel,Psychic,90,72,100,122,108,98,https://img.pokemondb.net/sprites/scarlet-violet/icon/iron-crown.png
1024,Normal Form,Normal, ,90,65,85,65,85,60,https://img.pokemondb.net/sprites/scarlet-violet/icon/terapagos-normal-form.png
1024,Terastal Form,Normal, ,95,95,110,105,110,85,https://img.pokemondb.net/sprites/scarlet-violet/icon/terapagos-terastal-form.png
1024,Stellar Form,Normal, ,160,105,110,130,110,85,https://img.pokemondb.net/sprites/scarlet-violet/icon/terapagos-stellar-form.png
1025,Pecharunt,Poison,Ghost,88,88,160,88,88,88,https://img.pokemondb.net/sprites/scarlet-violet/icon/pecharunt.png