canonical_slug,display_name,dexnum_int,official_artwork_url,artwork_variant_url,sprite_url,image_url,official_pokedex_url,official_reference_scope,validated_at,official_artwork_http_status,validation_status,mismatch_fields,validation_notes
bulbasaur,Bulbasaur,1,https://assets.pokemon.com/assets/cms2/img/pokedex/full/001.png,https://raw.githubusercontent.com/PokeAPI/sprites/master/sprites/pokemon/other/official-artwork/1.png,https://raw.githubusercontent.com/PokeAPI/sprites/master/sprites/pokemon/other/home/1.png,https://raw.githubusercontent.com/PokeAPI/sprites/master/sprites/pokemon/other/official-artwork/1.png,https://www.pokemon.com/us/pokedex/bulbasaur,species-page,2026-04-13T11:45:21.940891-07:00,200,official_media_verified_link_generated,,pokemon.com page content is bot-protected; official page URL is attached for manual verification.
ivysaur,Ivysaur,2,https://assets.pokemon.com/assets/cms2/img/pokedex/full/002.png,https://raw.githubusercontent.com/PokeAPI/sprites/master/sprites/pokemon/other/official-artwork/2.png,https://raw.githubusercontent.com/PokeAPI/sprites/master/sprites/pokemon/other/home/2.png,https://raw.githubusercontent.com/PokeAPI/sprites/master/sprites/pokemon/other/official-artwork/2.png,https://www.pokemon.com/us/pokedex/ivysaur,species-page,2026-04-13T11:45:21.940891-07:00,200,official_media_verified_link_generated,,pokemon.com page content is bot-protected; official page URL is attached for manual verification.
venusaur,Venusaur,3,https://assets.pokemon.com/assets/cms2/img/pokedex/full/003.png,https://raw.githubusercontent.com/PokeAPI/sprites/master/sprites/pokemon/other/official-artwork/3.png,https://raw.githubusercontent.com/PokeAPI/sprites/master/sprites/pokemon/other/home/3.png,https://raw.githubusercontent.com/PokeAPI/sprites/master/sprites/pokemon/other/official-artwork/3.png,https://www.pokemon.com/us/pokedex/venusaur,species-page,2026-04-13T11:45:21.940891-07:00,200,official_media_verified_link_generated,,pokemon.com page content is bot-protected; official page URL is attached for manual verification.
venusaur-gmax,Venusaur Gmax,3,https://assets.pokemon.com/assets/cms2/img/pokedex/full/003.png,https://raw.githubusercontent.com/PokeAPI/sprites/master/sprites/pokemon/other/official-artwork/10195.png,https://raw.githubusercontent.com/PokeAPI/sprites/master/sprites/pokemon/other/home/10195.png,https://raw.githubusercontent.com/PokeAPI/sprites/master/sprites/pokemon/other/official-artwork/10195.png,https://www.pokemon.com/us/pokedex/venusaur,species-page,2026-04-13T11:45:21.940891-07:00,200,official_media_verified_link_generated,,pokemon.com page content is bot-protected; official page URL is attached for manual verification.
venusaur-mega,Venusaur maleega,3,https://assets.pokemon.com/assets/cms2/img/pokedex/full/003.png,https://raw.githubusercontent.com/PokeAPI/sprites/master/sprites/pokemon/other/official-artwork/10033.png,https://raw.githubusercontent.com/PokeAPI/sprites/master/sprites/pokemon/other/home/10033.png,https://raw.githubusercontent.com/PokeAPI/sprites/master/sprites/pokemon/other/official-artwork/10033.png,https://www.pokemon.com/us/pokedex/venusaur,species-page,2026-04-13T11:45:21.940891-07:00,200,official_media_verified_link_generated,,pokemon.com page content is bot-protected; official page URL is attached for manual verification.
charmander,Charmander,4,https://assets.pokemon.com/assets/cms2/img/pokedex/full/004.png,https://raw.githubusercontent.com/PokeAPI/sprites/master/sprites/pokemon/other/official-artwork/4.png,https://raw.githubusercontent.com/PokeAPI/sprites/master/sprites/pokemon/other/home/4.png,https://raw.githubusercontent.com/PokeAPI/sprites/master/sprites/pokemon/other/official-artwork/4.png,https://www.pokemon.com/us/pokedex/charmander,species-page,2026-04-13T11:45:21.940891-07:00,200,official_media_verified_link_generated,,pokemon.com page content is bot-protected; official page URL is attached for manual verification.
charmeleon,Charmeleon,5,https://assets.pokemon.com/assets/cms2/img/pokedex/full/005.png,https://raw.githubusercontent.com/PokeAPI/sprites/master/sprites/pokemon/other/official-artwork/5.png,https://raw.githubusercontent.com/PokeAPI/sprites/master/sprites/pokemon/other/home/5.png,https://raw.githubusercontent.com/PokeAPI/sprites/master/sprites/pokemon/other/official-artwork/5.png,https://www.pokemon.com/us/pokedex/charmeleon,species-page,2026-04-13T11:45:21.940891-07:00,200,official_media_verified_link_generated,,pokemon.com page content is bot-protected; official page URL is attached for manual verification.
charizard,Charizard,6,https://assets.pokemon.com/assets/cms2/img/pokedex/full/006.png,https://raw.githubusercontent.com/PokeAPI/sprites/master/sprites/pokemon/other/official-artwork/6.png,https://raw.githubusercontent.com/PokeAPI/sprites/master/sprites/pokemon/other/home/6.png,https://raw.githubusercontent.com/PokeAPI/sprites/master/sprites/pokemon/other/official-artwork/6.png,https://www.pokemon.com/us/pokedex/charizard,species-page,2026-04-13T11:45:21.940891-07:00,200,official_media_verified_link_generated,,pokemon.com page content is bot-protected; official page URL is attached for manual verification.
charizard-gmax,Charizard Gmax,6,https://assets.pokemon.com/assets/cms2/img/pokedex/full/006.png,https://raw.githubusercontent.com/PokeAPI/sprites/master/sprites/pokemon/other/official-artwork/10196.png,https://raw.githubusercontent.com/PokeAPI/sprites/master/sprites/pokemon/other/home/10196.png,https://raw.githubusercontent.com/PokeAPI/sprites/master/sprites/pokemon/other/official-artwork/10196.png,https://www.pokemon.com/us/pokedex/charizard,species-page,2026-04-13T11:45:21.940891-07:00,200,official_media_verified_link_generated,,pokemon.com page content is bot-protected; official page URL is attached for manual verification.
charizard-mega-x,Charizard maleega X,6,https://assets.pokemon.com/assets/cms2/img/pokedex/full/006.png,https://raw.githubusercontent.com/PokeAPI/sprites/master/sprites/pokemon/other/official-artwork/10034.png,https://raw.githubusercontent.com/PokeAPI/sprites/master/sprites/pokemon/other/home/10034.png,https://raw.githubusercontent.com/PokeAPI/sprites/master/sprites/pokemon/other/official-artwork/10034.png,https://www.pokemon.com/us/pokedex/charizard,species-page,2026-04-13T11:45:21.940891-07:00,200,official_media_verified_link_generated,,pokemon.com page content is bot-protected; official page URL is attached for manual verification.
charizard-mega-y,Charizard maleega Y,6,https://assets.pokemon.com/assets/cms2/img/pokedex/full/006.png,https://raw.githubusercontent.com/PokeAPI/sprites/master/sprites/pokemon/other/official-artwork/10035.png,https://raw.githubusercontent.com/PokeAPI/sprites/master/sprites/pokemon/other/home/10035.png,https://raw.githubusercontent.com/PokeAPI/sprites/master/sprites/pokemon/other/official-artwork/10035.png,https://www.pokemon.com/us/pokedex/charizard,species-page,2026-04-13T11:45:21.940891-07:00,200,official_media_verified_link_generated,,pokemon.com page content is bot-protected; official page URL is attached for manual verification.
squirtle,Squirtle,7,https://assets.pokemon.com/assets/cms2/img/pokedex/full/007.png,https://raw.githubusercontent.com/PokeAPI/sprites/master/sprites/pokemon/other/official-artwork/7.png,https://raw.githubusercontent.com/PokeAPI/sprites/master/sprites/pokemon/other/home/7.png,https://raw.githubusercontent.com/PokeAPI/sprites/master/sprites/pokemon/other/official-artwork/7.png,https://www.pokemon.com/us/pokedex/squirtle,species-page,2026-04-13T11:45:21.940891-07:00,200,official_media_verified_link_generated,,pokemon.com page content is bot-protected; official page URL is attached for manual verification.
wartortle,Wartortle,8,https://assets.pokemon.com/assets/cms2/img/pokedex/full/008.png,https://raw.githubusercontent.com/PokeAPI/sprites/master/sprites/pokemon/other/official-artwork/8.png,https://raw.githubusercontent.com/PokeAPI/sprites/master/sprites/pokemon/other/home/8.png,https://raw.githubusercontent.com/PokeAPI/sprites/master/sprites/pokemon/other/official-artwork/8.png,https://www.pokemon.com/us/pokedex/wartortle,species-page,2026-04-13T11:45:21.940891-07:00,200,official_media_verified_link_generated,,pokemon.com page content is bot-protected; official page URL is attached for manual verification.
blastoise,Blastoise,9,https://assets.pokemon.com/assets/cms2/img/pokedex/full/009.png,https://raw.githubusercontent.com/PokeAPI/sprites/master/sprites/pokemon/other/official-artwork/9.png,https://raw.githubusercontent.com/PokeAPI/sprites/master/sprites/pokemon/other/home/9.png,https://raw.githubusercontent.com/PokeAPI/sprites/master/sprites/pokemon/other/official-artwork/9.png,https://www.pokemon.com/us/pokedex/blastoise,species-page,2026-04-13T11:45:21.940891-07:00,200,official_media_verified_link_generated,,pokemon.com page content is bot-protected; official page URL is attached for manual verification.
blastoise-gmax,Blastoise Gmax,9,https://assets.pokemon.com/assets/cms2/img/pokedex/full/009.png,https://raw.githubusercontent.com/PokeAPI/sprites/master/sprites/pokemon/other/official-artwork/10197.png,https://raw.githubusercontent.com/PokeAPI/sprites/master/sprites/pokemon/other/home/10197.png,https://raw.githubusercontent.com/PokeAPI/sprites/master/sprites/pokemon/other/official-artwork/10197.png,https://www.pokemon.com/us/pokedex/blastoise,species-page,2026-04-13T11:45:21.940891-07:00,200,official_media_verified_link_generated,,pokemon.com page content is bot-protected; official page URL is attached for manual verification.
blastoise-mega,Blastoise maleega,9,https://assets.pokemon.com/assets/cms2/img/pokedex/full/009.png,https://raw.githubusercontent.com/PokeAPI/sprites/master/sprites/pokemon/other/official-artwork/10036.png,https://raw.githubusercontent.com/PokeAPI/sprites/master/sprites/pokemon/other/home/10036.png,https://raw.githubusercontent.com/PokeAPI/sprites/master/sprites/pokemon/other/official-artwork/10036.png,https://www.pokemon.com/us/pokedex/blastoise,species-page,2026-04-13T11:45:21.940891-07:00,200,official_media_verified_link_generated,,pokemon.com page content is bot-protected; official page URL is attached for manual verification.
caterpie,Caterpie,10,https://assets.pokemon.com/assets/cms2/img/pokedex/full/010.png,https://raw.githubusercontent.com/PokeAPI/sprites/master/sprites/pokemon/other/official-artwork/10.png,https://raw.githubusercontent.com/PokeAPI/sprites/master/sprites/pokemon/other/home/10.png,https://raw.githubusercontent.com/PokeAPI/sprites/master/sprites/pokemon/other/official-artwork/10.png,https://www.pokemon.com/us/pokedex/caterpie,species-page,2026-04-13T11:45:21.940891-07:00,200,official_media_verified_link_generated,,pokemon.com page content is bot-protected; official page URL is attached for manual verification.
metapod,Metapod,11,https://assets.pokemon.com/assets/cms2/img/pokedex/full/011.png,https://raw.githubusercontent.com/PokeAPI/sprites/master/sprites/pokemon/other/official-artwork/11.png,https://raw.githubusercontent.com/PokeAPI/sprites/master/sprites/pokemon/other/home/11.png,https://raw.githubusercontent.com/PokeAPI/sprites/master/sprites/pokemon/other/official-artwork/11.png,https://www.pokemon.com/us/pokedex/metapod,species-page,2026-04-13T11:45:21.940891-07:00,200,official_media_verified_link_generated,,pokemon.com page content is bot-protected; official page URL is attached for manual verification.
butterfree,Butterfree,12,https://assets.pokemon.com/assets/cms2/img/pokedex/full/012.png,https://raw.githubusercontent.com/PokeAPI/sprites/master/sprites/pokemon/other/official-artwork/12.png,https://raw.githubusercontent.com/PokeAPI/sprites/master/sprites/pokemon/other/home/12.png,https://raw.githubusercontent.com/PokeAPI/sprites/master/sprites/pokemon/other/official-artwork/12.png,https://www.pokemon.com/us/pokedex/butterfree,species-page,2026-04-13T11:45:21.940891-07:00,200,official_media_verified_link_generated,,pokemon.com page content is bot-protected; official page URL is attached for manual verification.
butterfree-gmax,Butterfree Gmax,12,https://assets.pokemon.com/assets/cms2/img/pokedex/full/012.png,https://raw.githubusercontent.com/PokeAPI/sprites/master/sprites/pokemon/other/official-artwork/10198.png,https://raw.githubusercontent.com/PokeAPI/sprites/master/sprites/pokemon/other/home/10198.png,https://raw.githubusercontent.com/PokeAPI/sprites/master/sprites/pokemon/other/official-artwork/10198.png,https://www.pokemon.com/us/pokedex/butterfree,species-page,2026-04-13T11:45:21.940891-07:00,200,official_media_verified_link_generated,,pokemon.com page content is bot-protected; official page URL is attached for manual verification.
weedle,Weedle,13,https://assets.pokemon.com/assets/cms2/img/pokedex/full/013.png,https://raw.githubusercontent.com/PokeAPI/sprites/master/sprites/pokemon/other/official-artwork/13.png,https://raw.githubusercontent.com/PokeAPI/sprites/master/sprites/pokemon/other/home/13.png,https://raw.githubusercontent.com/PokeAPI/sprites/master/sprites/pokemon/other/official-artwork/13.png,https://www.pokemon.com/us/pokedex/weedle,species-page,2026-04-13T11:45:21.940891-07:00,200,official_media_verified_link_generated,,pokemon.com page content is bot-protected; official page URL is attached for manual verification.
kakuna,Kakuna,14,https://assets.pokemon.com/assets/cms2/img/pokedex/full/014.png,https://raw.githubusercontent.com/PokeAPI/sprites/master/sprites/pokemon/other/official-artwork/14.png,https://raw.githubusercontent.com/PokeAPI/sprites/master/sprites/pokemon/other/home/14.png,https://raw.githubusercontent.com/PokeAPI/sprites/master/sprites/pokemon/other/official-artwork/14.png,https://www.pokemon.com/us/pokedex/kakuna,species-page,2026-04-13T11:45:21.940891-07:00,200,official_media_verified_link_generated,,pokemon.com page content is bot-protected; official page URL is attached for manual verification.
beedrill,Beedrill,15,https://assets.pokemon.com/assets/cms2/img/pokedex/full/015.png,https://raw.githubusercontent.com/PokeAPI/sprites/master/sprites/pokemon/other/official-artwork/15.png,https://raw.githubusercontent.com/PokeAPI/sprites/master/sprites/pokemon/other/home/15.png,https://raw.githubusercontent.com/PokeAPI/sprites/master/sprites/pokemon/other/official-artwork/15.png,https://www.pokemon.com/us/pokedex/beedrill,species-page,2026-04-13T11:45:21.940891-07:00,200,official_media_verified_link_generated,,pokemon.com page content is bot-protected; official page URL is attached for manual verification.
beedrill-mega,Beedrill maleega,15,https://assets.pokemon.com/assets/cms2/img/pokedex/full/015.png,https://raw.githubusercontent.com/PokeAPI/sprites/master/sprites/pokemon/other/official-artwork/10090.png,https://raw.githubusercontent.com/PokeAPI/sprites/master/sprites/pokemon/other/home/10090.png,https://raw.githubusercontent.com/PokeAPI/sprites/master/sprites/pokemon/other/official-artwork/10090.png,https://www.pokemon.com/us/pokedex/beedrill,species-page,2026-04-13T11:45:21.940891-07:00,200,official_media_verified_link_generated,,pokemon.com page content is bot-protected; official page URL is attached for manual verification.
pidgey,Pidgey,16,https://assets.pokemon.com/assets/cms2/img/pokedex/full/016.png,https://raw.githubusercontent.com/PokeAPI/sprites/master/sprites/pokemon/other/official-artwork/16.png,https://raw.githubusercontent.com/PokeAPI/sprites/master/sprites/pokemon/other/home/16.png,https://raw.githubusercontent.com/PokeAPI/sprites/master/sprites/pokemon/other/official-artwork/16.png,https://www.pokemon.com/us/pokedex/pidgey,species-page,2026-04-13T11:45:21.940891-07:00,200,official_media_verified_link_generated,,pokemon.com page content is bot-protected; official page URL is attached for manual verification.
pidgeotto,Pidgeotto,17,https://assets.pokemon.com/assets/cms2/img/pokedex/full/017.png,https://raw.githubusercontent.com/PokeAPI/sprites/master/sprites/pokemon/other/official-artwork/17.png,https://raw.githubusercontent.com/PokeAPI/sprites/master/sprites/pokemon/other/home/17.png,https://raw.githubusercontent.com/PokeAPI/sprites/master/sprites/pokemon/other/official-artwork/17.png,https://www.pokemon.com/us/pokedex/pidgeotto,species-page,2026-04-13T11:45:21.940891-07:00,200,official_media_verified_link_generated,,pokemon.com page content is bot-protected; official page URL is attached for manual verification.
pidgeot,Pidgeot,18,https://assets.pokemon.com/assets/cms2/img/pokedex/full/018.png,https://raw.githubusercontent.com/PokeAPI/sprites/master/sprites/pokemon/other/official-artwork/18.png,https://raw.githubusercontent.com/PokeAPI/sprites/master/sprites/pokemon/other/home/18.png,https://raw.githubusercontent.com/PokeAPI/sprites/master/sprites/pokemon/other/official-artwork/18.png,https://www.pokemon.com/us/pokedex/pidgeot,species-page,2026-04-13T11:45:21.940891-07:00,200,official_media_verified_link_generated,,pokemon.com page content is bot-protected; official page URL is attached for manual verification.
pidgeot-mega,Pidgeot maleega,18,https://assets.pokemon.com/assets/cms2/img/pokedex/full/018.png,https://raw.githubusercontent.com/PokeAPI/sprites/master/sprites/pokemon/other/official-artwork/10073.png,https://raw.githubusercontent.com/PokeAPI/sprites/master/sprites/pokemon/other/home/10073.png,https://raw.githubusercontent.com/PokeAPI/sprites/master/sprites/pokemon/other/official-artwork/10073.png,https://www.pokemon.com/us/pokedex/pidgeot,species-page,2026-04-13T11:45:21.940891-07:00,200,official_media_verified_link_generated,,pokemon.com page content is bot-protected; official page URL is attached for manual verification.
rattata,Rattata,19,https://assets.pokemon.com/assets/cms2/img/pokedex/full/019.png,https://raw.githubusercontent.com/PokeAPI/sprites/master/sprites/pokemon/other/official-artwork/19.png,https://raw.githubusercontent.com/PokeAPI/sprites/master/sprites/pokemon/other/home/19.png,https://raw.githubusercontent.com/PokeAPI/sprites/master/sprites/pokemon/other/official-artwork/19.png,https://www.pokemon.com/us/pokedex/rattata,species-page,2026-04-13T11:45:21.940891-07:00,200,official_media_verified_link_generated,,pokemon.com page content is bot-protected; official page URL is attached for manual verification.
rattata-alola,Rattata Alola,19,https://assets.pokemon.com/assets/cms2/img/pokedex/full/019.png,https://raw.githubusercontent.com/PokeAPI/sprites/master/sprites/pokemon/other/official-artwork/10091.png,https://raw.githubusercontent.com/PokeAPI/sprites/master/sprites/pokemon/other/home/10091.png,https://raw.githubusercontent.com/PokeAPI/sprites/master/sprites/pokemon/other/official-artwork/10091.png,https://www.pokemon.com/us/pokedex/rattata,species-page,2026-04-13T11:45:21.940891-07:00,200,official_media_verified_link_generated,,pokemon.com page content is bot-protected; official page URL is attached for manual verification.
raticate,Raticate,20,https://assets.pokemon.com/assets/cms2/img/pokedex/full/020.png,https://raw.githubusercontent.com/PokeAPI/sprites/master/sprites/pokemon/other/official-artwork/20.png,https://raw.githubusercontent.com/PokeAPI/sprites/master/sprites/pokemon/other/home/20.png,https://raw.githubusercontent.com/PokeAPI/sprites/master/sprites/pokemon/other/official-artwork/20.png,https://www.pokemon.com/us/pokedex/raticate,species-page,2026-04-13T11:45:21.940891-07:00,200,official_media_verified_link_generated,,pokemon.com page content is bot-protected; official page URL is attached for manual verification.
raticate-alola,Raticate Alola,20,https://assets.pokemon.com/assets/cms2/img/pokedex/full/020.png,https://raw.githubusercontent.com/PokeAPI/sprites/master/sprites/pokemon/other/official-artwork/10092.png,https://raw.githubusercontent.com/PokeAPI/sprites/master/sprites/pokemon/other/home/10092.png,https://raw.githubusercontent.com/PokeAPI/sprites/master/sprites/pokemon/other/official-artwork/10092.png,https://www.pokemon.com/us/pokedex/raticate,species-page,2026-04-13T11:45:21.940891-07:00,200,official_media_verified_link_generated,,pokemon.com page content is bot-protected; official page URL is attached for manual verification.
raticate-totem-alola,Raticate Totem Alola,20,https://assets.pokemon.com/assets/cms2/img/pokedex/full/020.png,https://raw.githubusercontent.com/PokeAPI/sprites/master/sprites/pokemon/other/official-artwork/10093.png,https://raw.githubusercontent.com/PokeAPI/sprites/master/sprites/pokemon/other/home/10093.png,https://raw.githubusercontent.com/PokeAPI/sprites/master/sprites/pokemon/other/official-artwork/10093.png,https://www.pokemon.com/us/pokedex/raticate,species-page,2026-04-13T11:45:21.940891-07:00,200,official_media_verified_link_generated,,pokemon.com page content is bot-protected; official page URL is attached for manual verification.
spearow,Spearow,21,https://assets.pokemon.com/assets/cms2/img/pokedex/full/021.png,https://raw.githubusercontent.com/PokeAPI/sprites/master/sprites/pokemon/other/official-artwork/21.png,https://raw.githubusercontent.com/PokeAPI/sprites/master/sprites/pokemon/other/home/21.png,https://raw.githubusercontent.com/PokeAPI/sprites/master/sprites/pokemon/other/official-artwork/21.png,https://www.pokemon.com/us/pokedex/spearow,species-page,2026-04-13T11:45:21.940891-07:00,200,official_media_verified_link_generated,,pokemon.com page content is bot-protected; official page URL is attached for manual verification.
fearow,Fearow,22,https://assets.pokemon.com/assets/cms2/img/pokedex/full/022.png,https://raw.githubusercontent.com/PokeAPI/sprites/master/sprites/pokemon/other/official-artwork/22.png,https://raw.githubusercontent.com/PokeAPI/sprites/master/sprites/pokemon/other/home/22.png,https://raw.githubusercontent.com/PokeAPI/sprites/master/sprites/pokemon/other/official-artwork/22.png,https://www.pokemon.com/us/pokedex/fearow,species-page,2026-04-13T11:45:21.940891-07:00,200,official_media_verified_link_generated,,pokemon.com page content is bot-protected; official page URL is attached for manual verification.
ekans,Ekans,23,https://assets.pokemon.com/assets/cms2/img/pokedex/full/023.png,https://raw.githubusercontent.com/PokeAPI/sprites/master/sprites/pokemon/other/official-artwork/23.png,https://raw.githubusercontent.com/PokeAPI/sprites/master/sprites/pokemon/other/home/23.png,https://raw.githubusercontent.com/PokeAPI/sprites/master/sprites/pokemon/other/official-artwork/23.png,https://www.pokemon.com/us/pokedex/ekans,species-page,2026-04-13T11:45:21.940891-07:00,200,official_media_verified_link_generated,,pokemon.com page content is bot-protected; official page URL is attached for manual verification.
arbok,Arbok,24,https://assets.pokemon.com/assets/cms2/img/pokedex/full/024.png,https://raw.githubusercontent.com/PokeAPI/sprites/master/sprites/pokemon/other/official-artwork/24.png,https://raw.githubusercontent.com/PokeAPI/sprites/master/sprites/pokemon/other/home/24.png,https://raw.githubusercontent.com/PokeAPI/sprites/master/sprites/pokemon/other/official-artwork/24.png,https://www.pokemon.com/us/pokedex/arbok,species-page,2026-04-13T11:45:21.940891-07:00,200,official_media_verified_link_generated,,pokemon.com page content is bot-protected; official page URL is attached for manual verification.
pikachu,Pikachu,25,https://assets.pokemon.com/assets/cms2/img/pokedex/full/025.png,https://raw.githubusercontent.com/PokeAPI/sprites/master/sprites/pokemon/other/official-artwork/25.png,https://raw.githubusercontent.com/PokeAPI/sprites/master/sprites/pokemon/other/home/25.png,https://raw.githubusercontent.com/PokeAPI/sprites/master/sprites/pokemon/other/official-artwork/25.png,https://www.pokemon.com/us/pokedex/pikachu,species-page,2026-04-13T11:45:21.940891-07:00,200,official_media_verified_link_generated,,pokemon.com page content is bot-protected; official page URL is attached for manual verification.
pikachu-alola-cap,Pikachu Alola Cap,25,https://assets.pokemon.com/assets/cms2/img/pokedex/full/025.png,https://raw.githubusercontent.com/PokeAPI/sprites/master/sprites/pokemon/other/official-artwork/10099.png,https://raw.githubusercontent.com/PokeAPI/sprites/master/sprites/pokemon/other/home/10099.png,https://raw.githubusercontent.com/PokeAPI/sprites/master/sprites/pokemon/other/official-artwork/10099.png,https://www.pokemon.com/us/pokedex/pikachu,species-page,2026-04-13T11:45:21.940891-07:00,200,official_media_verified_link_generated,,pokemon.com page content is bot-protected; official page URL is attached for manual verification.
pikachu-belle,Pikachu Belle,25,https://assets.pokemon.com/assets/cms2/img/pokedex/full/025.png,https://raw.githubusercontent.com/PokeAPI/sprites/master/sprites/pokemon/other/official-artwork/10081.png,https://raw.githubusercontent.com/PokeAPI/sprites/master/sprites/pokemon/10081.png,https://raw.githubusercontent.com/PokeAPI/sprites/master/sprites/pokemon/other/official-artwork/10081.png,https://www.pokemon.com/us/pokedex/pikachu,species-page,2026-04-13T11:45:21.940891-07:00,200,official_media_verified_link_generated,,pokemon.com page content is bot-protected; official page URL is attached for manual verification.
pikachu-cosplay,Pikachu Cosplay,25,https://assets.pokemon.com/assets/cms2/img/pokedex/full/025.png,https://raw.githubusercontent.com/PokeAPI/sprites/master/sprites/pokemon/other/official-artwork/10085.png,https://raw.githubusercontent.com/PokeAPI/sprites/master/sprites/pokemon/10085.png,https://raw.githubusercontent.com/PokeAPI/sprites/master/sprites/pokemon/other/official-artwork/10085.png,https://www.pokemon.com/us/pokedex/pikachu,species-page,2026-04-13T11:45:21.940891-07:00,200,official_media_verified_link_generated,,pokemon.com page content is bot-protected; official page URL is attached for manual verification.
pikachu-gmax,Pikachu Gmax,25,https://assets.pokemon.com/assets/cms2/img/pokedex/full/025.png,https://raw.githubusercontent.com/PokeAPI/sprites/master/sprites/pokemon/other/official-artwork/10199.png,https://raw.githubusercontent.com/PokeAPI/sprites/master/sprites/pokemon/other/home/10199.png,https://raw.githubusercontent.com/PokeAPI/sprites/master/sprites/pokemon/other/official-artwork/10199.png,https://www.pokemon.com/us/pokedex/pikachu,species-page,2026-04-13T11:45:21.940891-07:00,200,official_media_verified_link_generated,,pokemon.com page content is bot-protected; official page URL is attached for manual verification.
pikachu-hoenn-cap,Pikachu Hoenn Cap,25,https://assets.pokemon.com/assets/cms2/img/pokedex/full/025.png,https://raw.githubusercontent.com/PokeAPI/sprites/master/sprites/pokemon/other/official-artwork/10095.png,https://raw.githubusercontent.com/PokeAPI/sprites/master/sprites/pokemon/other/home/10095.png,https://raw.githubusercontent.com/PokeAPI/sprites/master/sprites/pokemon/other/official-artwork/10095.png,https://www.pokemon.com/us/pokedex/pikachu,species-page,2026-04-13T11:45:21.940891-07:00,200,official_media_verified_link_generated,,pokemon.com page content is bot-protected; official page URL is attached for manual verification.
pikachu-kalos-cap,Pikachu Kalos Cap,25,https://assets.pokemon.com/assets/cms2/img/pokedex/full/025.png,https://raw.githubusercontent.com/PokeAPI/sprites/master/sprites/pokemon/other/official-artwork/10098.png,https://raw.githubusercontent.com/PokeAPI/sprites/master/sprites/pokemon/other/home/10098.png,https://raw.githubusercontent.com/PokeAPI/sprites/master/sprites/pokemon/other/official-artwork/10098.png,https://www.pokemon.com/us/pokedex/pikachu,species-page,2026-04-13T11:45:21.940891-07:00,200,official_media_verified_link_generated,,pokemon.com page content is bot-protected; official page URL is attached for manual verification.
pikachu-libre,Pikachu Libre,25,https://assets.pokemon.com/assets/cms2/img/pokedex/full/025.png,https://raw.githubusercontent.com/PokeAPI/sprites/master/sprites/pokemon/other/official-artwork/10084.png,https://raw.githubusercontent.com/PokeAPI/sprites/master/sprites/pokemon/10084.png,https://raw.githubusercontent.com/PokeAPI/sprites/master/sprites/pokemon/other/official-artwork/10084.png,https://www.pokemon.com/us/pokedex/pikachu,species-page,2026-04-13T11:45:21.940891-07:00,200,official_media_verified_link_generated,,pokemon.com page content is bot-protected; official page URL is attached for manual verification.
pikachu-original-cap,Pikachu Original Cap,25,https://assets.pokemon.com/assets/cms2/img/pokedex/full/025.png,https://raw.githubusercontent.com/PokeAPI/sprites/master/sprites/pokemon/other/official-artwork/10094.png,https://raw.githubusercontent.com/PokeAPI/sprites/master/sprites/pokemon/other/home/10094.png,https://raw.githubusercontent.com/PokeAPI/sprites/master/sprites/pokemon/other/official-artwork/10094.png,https://www.pokemon.com/us/pokedex/pikachu,species-page,2026-04-13T11:45:21.940891-07:00,200,official_media_verified_link_generated,,pokemon.com page content is bot-protected; official page URL is attached for manual verification.
pikachu-partner-cap,Pikachu Partner Cap,25,https://assets.pokemon.com/assets/cms2/img/pokedex/full/025.png,https://raw.githubusercontent.com/PokeAPI/sprites/master/sprites/pokemon/other/official-artwork/10148.png,https://raw.githubusercontent.com/PokeAPI/sprites/master/sprites/pokemon/other/home/10148.png,https://raw.githubusercontent.com/PokeAPI/sprites/master/sprites/pokemon/other/official-artwork/10148.png,https://www.pokemon.com/us/pokedex/pikachu,species-page,2026-04-13T11:45:21.940891-07:00,200,official_media_verified_link_generated,,pokemon.com page content is bot-protected; official page URL is attached for manual verification.
pikachu-phd,Pikachu Phd,25,https://assets.pokemon.com/assets/cms2/img/pokedex/full/025.png,https://raw.githubusercontent.com/PokeAPI/sprites/master/sprites/pokemon/other/official-artwork/10083.png,https://raw.githubusercontent.com/PokeAPI/sprites/master/sprites/pokemon/10083.png,https://raw.githubusercontent.com/PokeAPI/sprites/master/sprites/pokemon/other/official-artwork/10083.png,https://www.pokemon.com/us/pokedex/pikachu,species-page,2026-04-13T11:45:21.940891-07:00,200,official_media_verified_link_generated,,pokemon.com page content is bot-protected; official page URL is attached for manual verification.
pikachu-pop-star,Pikachu Pop Star,25,https://assets.pokemon.com/assets/cms2/img/pokedex/full/025.png,https://raw.githubusercontent.com/PokeAPI/sprites/master/sprites/pokemon/other/official-artwork/10082.png,https://raw.githubusercontent.com/PokeAPI/sprites/master/sprites/pokemon/10082.png,https://raw.githubusercontent.com/PokeAPI/sprites/master/sprites/pokemon/other/official-artwork/10082.png,https://www.pokemon.com/us/pokedex/pikachu,species-page,2026-04-13T11:45:21.940891-07:00,200,official_media_verified_link_generated,,pokemon.com page content is bot-protected; official page URL is attached for manual verification.
pikachu-rock-star,Pikachu Rock Star,25,https://assets.pokemon.com/assets/cms2/img/pokedex/full/025.png,https://raw.githubusercontent.com/PokeAPI/sprites/master/sprites/pokemon/other/official-artwork/10080.png,https://raw.githubusercontent.com/PokeAPI/sprites/master/sprites/pokemon/10080.png,https://raw.githubusercontent.com/PokeAPI/sprites/master/sprites/pokemon/other/official-artwork/10080.png,https://www.pokemon.com/us/pokedex/pikachu,species-page,2026-04-13T11:45:21.940891-07:00,200,official_media_verified_link_generated,,pokemon.com page content is bot-protected; official page URL is attached for manual verification.
pikachu-sinnoh-cap,Pikachu Sinnoh Cap,25,https://assets.pokemon.com/assets/cms2/img/pokedex/full/025.png,https://raw.githubusercontent.com/PokeAPI/sprites/master/sprites/pokemon/other/official-artwork/10096.png,https://raw.githubusercontent.com/PokeAPI/sprites/master/sprites/pokemon/other/home/10096.png,https://raw.githubusercontent.com/PokeAPI/sprites/master/sprites/pokemon/other/official-artwork/10096.png,https://www.pokemon.com/us/pokedex/pikachu,species-page,2026-04-13T11:45:21.940891-07:00,200,official_media_verified_link_generated,,pokemon.com page content is bot-protected; official page URL is attached for manual verification.
pikachu-starter,Pikachu Starter,25,https://assets.pokemon.com/assets/cms2/img/pokedex/full/025.png,https://raw.githubusercontent.com/PokeAPI/sprites/master/sprites/pokemon/other/official-artwork/10158.png,https://raw.githubusercontent.com/PokeAPI/sprites/master/sprites/pokemon/other/official-artwork/10158.png,https://raw.githubusercontent.com/PokeAPI/sprites/master/sprites/pokemon/other/official-artwork/10158.png,https://www.pokemon.com/us/pokedex/pikachu,species-page,2026-04-13T11:45:21.940891-07:00,200,official_media_verified_link_generated,,pokemon.com page content is bot-protected; official page URL is attached for manual verification.
pikachu-unova-cap,Pikachu Unova Cap,25,https://assets.pokemon.com/assets/cms2/img/pokedex/full/025.png,https://raw.githubusercontent.com/PokeAPI/sprites/master/sprites/pokemon/other/official-artwork/10097.png,https://raw.githubusercontent.com/PokeAPI/sprites/master/sprites/pokemon/other/home/10097.png,https://raw.githubusercontent.com/PokeAPI/sprites/master/sprites/pokemon/other/official-artwork/10097.png,https://www.pokemon.com/us/pokedex/pikachu,species-page,2026-04-13T11:45:21.940891-07:00,200,official_media_verified_link_generated,,pokemon.com page content is bot-protected; official page URL is attached for manual verification.
pikachu-world-cap,Pikachu World Cap,25,https://assets.pokemon.com/assets/cms2/img/pokedex/full/025.png,https://raw.githubusercontent.com/PokeAPI/sprites/master/sprites/pokemon/other/official-artwork/10160.png,https://raw.githubusercontent.com/PokeAPI/sprites/master/sprites/pokemon/other/home/10160.png,https://raw.githubusercontent.com/PokeAPI/sprites/master/sprites/pokemon/other/official-artwork/10160.png,https://www.pokemon.com/us/pokedex/pikachu,species-page,2026-04-13T11:45:21.940891-07:00,200,official_media_verified_link_generated,,pokemon.com page content is bot-protected; official page URL is attached for manual verification.
raichu,Raichu,26,https://assets.pokemon.com/assets/cms2/img/pokedex/full/026.png,https://raw.githubusercontent.com/PokeAPI/sprites/master/sprites/pokemon/other/official-artwork/26.png,https://raw.githubusercontent.com/PokeAPI/sprites/master/sprites/pokemon/other/home/26.png,https://raw.githubusercontent.com/PokeAPI/sprites/master/sprites/pokemon/other/official-artwork/26.png,https://www.pokemon.com/us/pokedex/raichu,species-page,2026-04-13T11:45:21.940891-07:00,200,official_media_verified_link_generated,,pokemon.com page content is bot-protected; official page URL is attached for manual verification.
raichu-alola,Raichu Alola,26,https://assets.pokemon.com/assets/cms2/img/pokedex/full/026.png,https://raw.githubusercontent.com/PokeAPI/sprites/master/sprites/pokemon/other/official-artwork/10100.png,https://raw.githubusercontent.com/PokeAPI/sprites/master/sprites/pokemon/other/home/10100.png,https://raw.githubusercontent.com/PokeAPI/sprites/master/sprites/pokemon/other/official-artwork/10100.png,https://www.pokemon.com/us/pokedex/raichu,species-page,2026-04-13T11:45:21.940891-07:00,200,official_media_verified_link_generated,,pokemon.com page content is bot-protected; official page URL is attached for manual verification.
raichu-mega-x,Raichu maleega X,26,https://assets.pokemon.com/assets/cms2/img/pokedex/full/026.png,https://raw.githubusercontent.com/PokeAPI/sprites/master/sprites/pokemon/other/official-artwork/10304.png,https://raw.githubusercontent.com/PokeAPI/sprites/master/sprites/pokemon/other/official-artwork/10304.png,https://raw.githubusercontent.com/PokeAPI/sprites/master/sprites/pokemon/other/official-artwork/10304.png,https://www.pokemon.com/us/pokedex/raichu,species-page,2026-04-13T11:45:21.940891-07:00,200,official_media_verified_link_generated,,pokemon.com page content is bot-protected; official page URL is attached for manual verification.
raichu-mega-y,Raichu maleega Y,26,https://assets.pokemon.com/assets/cms2/img/pokedex/full/026.png,https://raw.githubusercontent.com/PokeAPI/sprites/master/sprites/pokemon/other/official-artwork/10305.png,https://raw.githubusercontent.com/PokeAPI/sprites/master/sprites/pokemon/other/official-artwork/10305.png,https://raw.githubusercontent.com/PokeAPI/sprites/master/sprites/pokemon/other/official-artwork/10305.png,https://www.pokemon.com/us/pokedex/raichu,species-page,2026-04-13T11:45:21.940891-07:00,200,official_media_verified_link_generated,,pokemon.com page content is bot-protected; official page URL is attached for manual verification.
sandshrew,Sandshrew,27,https://assets.pokemon.com/assets/cms2/img/pokedex/full/027.png,https://raw.githubusercontent.com/PokeAPI/sprites/master/sprites/pokemon/other/official-artwork/27.png,https://raw.githubusercontent.com/PokeAPI/sprites/master/sprites/pokemon/other/home/27.png,https://raw.githubusercontent.com/PokeAPI/sprites/master/sprites/pokemon/other/official-artwork/27.png,https://www.pokemon.com/us/pokedex/sandshrew,species-page,2026-04-13T11:45:21.940891-07:00,200,official_media_verified_link_generated,,pokemon.com page content is bot-protected; official page URL is attached for manual verification.
sandshrew-alola,Sandshrew Alola,27,https://assets.pokemon.com/assets/cms2/img/pokedex/full/027.png,https://raw.githubusercontent.com/PokeAPI/sprites/master/sprites/pokemon/other/official-artwork/10101.png,https://raw.githubusercontent.com/PokeAPI/sprites/master/sprites/pokemon/other/home/10101.png,https://raw.githubusercontent.com/PokeAPI/sprites/master/sprites/pokemon/other/official-artwork/10101.png,https://www.pokemon.com/us/pokedex/sandshrew,species-page,2026-04-13T11:45:21.940891-07:00,200,official_media_verified_link_generated,,pokemon.com page content is bot-protected; official page URL is attached for manual verification.
sandslash,Sandslash,28,https://assets.pokemon.com/assets/cms2/img/pokedex/full/028.png,https://raw.githubusercontent.com/PokeAPI/sprites/master/sprites/pokemon/other/official-artwork/28.png,https://raw.githubusercontent.com/PokeAPI/sprites/master/sprites/pokemon/other/home/28.png,https://raw.githubusercontent.com/PokeAPI/sprites/master/sprites/pokemon/other/official-artwork/28.png,https://www.pokemon.com/us/pokedex/sandslash,species-page,2026-04-13T11:45:21.940891-07:00,200,official_media_verified_link_generated,,pokemon.com page content is bot-protected; official page URL is attached for manual verification.
sandslash-alola,Sandslash Alola,28,https://assets.pokemon.com/assets/cms2/img/pokedex/full/028.png,https://raw.githubusercontent.com/PokeAPI/sprites/master/sprites/pokemon/other/official-artwork/10102.png,https://raw.githubusercontent.com/PokeAPI/sprites/master/sprites/pokemon/other/home/10102.png,https://raw.githubusercontent.com/PokeAPI/sprites/master/sprites/pokemon/other/official-artwork/10102.png,https://www.pokemon.com/us/pokedex/sandslash,species-page,2026-04-13T11:45:21.940891-07:00,200,official_media_verified_link_generated,,pokemon.com page content is bot-protected; official page URL is attached for manual verification.
nidoran-f,Nidoran female,29,https://assets.pokemon.com/assets/cms2/img/pokedex/full/029.png,https://raw.githubusercontent.com/PokeAPI/sprites/master/sprites/pokemon/other/official-artwork/29.png,https://raw.githubusercontent.com/PokeAPI/sprites/master/sprites/pokemon/other/home/29.png,https://raw.githubusercontent.com/PokeAPI/sprites/master/sprites/pokemon/other/official-artwork/29.png,https://www.pokemon.com/us/pokedex/nidoran-f,species-page,2026-04-13T11:45:21.940891-07:00,200,official_media_verified_link_generated,,pokemon.com page content is bot-protected; official page URL is attached for manual verification.
nidorina,Nidorina,30,https://assets.pokemon.com/assets/cms2/img/pokedex/full/030.png,https://raw.githubusercontent.com/PokeAPI/sprites/master/sprites/pokemon/other/official-artwork/30.png,https://raw.githubusercontent.com/PokeAPI/sprites/master/sprites/pokemon/other/home/30.png,https://raw.githubusercontent.com/PokeAPI/sprites/master/sprites/pokemon/other/official-artwork/30.png,https://www.pokemon.com/us/pokedex/nidorina,species-page,2026-04-13T11:45:21.940891-07:00,200,official_media_verified_link_generated,,pokemon.com page content is bot-protected; official page URL is attached for manual verification.
nidoqueen,Nidoqueen,31,https://assets.pokemon.com/assets/cms2/img/pokedex/full/031.png,https://raw.githubusercontent.com/PokeAPI/sprites/master/sprites/pokemon/other/official-artwork/31.png,https://raw.githubusercontent.com/PokeAPI/sprites/master/sprites/pokemon/other/home/31.png,https://raw.githubusercontent.com/PokeAPI/sprites/master/sprites/pokemon/other/official-artwork/31.png,https://www.pokemon.com/us/pokedex/nidoqueen,species-page,2026-04-13T11:45:21.940891-07:00,200,official_media_verified_link_generated,,pokemon.com page content is bot-protected; official page URL is attached for manual verification.
nidoran-m,Nidoran male,32,https://assets.pokemon.com/assets/cms2/img/pokedex/full/032.png,https://raw.githubusercontent.com/PokeAPI/sprites/master/sprites/pokemon/other/official-artwork/32.png,https://raw.githubusercontent.com/PokeAPI/sprites/master/sprites/pokemon/other/home/32.png,https://raw.githubusercontent.com/PokeAPI/sprites/master/sprites/pokemon/other/official-artwork/32.png,https://www.pokemon.com/us/pokedex/nidoran-m,species-page,2026-04-13T11:45:21.940891-07:00,200,official_media_verified_link_generated,,pokemon.com page content is bot-protected; official page URL is attached for manual verification.
nidorino,Nidorino,33,https://assets.pokemon.com/assets/cms2/img/pokedex/full/033.png,https://raw.githubusercontent.com/PokeAPI/sprites/master/sprites/pokemon/other/official-artwork/33.png,https://raw.githubusercontent.com/PokeAPI/sprites/master/sprites/pokemon/other/home/33.png,https://raw.githubusercontent.com/PokeAPI/sprites/master/sprites/pokemon/other/official-artwork/33.png,https://www.pokemon.com/us/pokedex/nidorino,species-page,2026-04-13T11:45:21.940891-07:00,200,official_media_verified_link_generated,,pokemon.com page content is bot-protected; official page URL is attached for manual verification.
nidoking,Nidoking,34,https://assets.pokemon.com/assets/cms2/img/pokedex/full/034.png,https://raw.githubusercontent.com/PokeAPI/sprites/master/sprites/pokemon/other/official-artwork/34.png,https://raw.githubusercontent.com/PokeAPI/sprites/master/sprites/pokemon/other/home/34.png,https://raw.githubusercontent.com/PokeAPI/sprites/master/sprites/pokemon/other/official-artwork/34.png,https://www.pokemon.com/us/pokedex/nidoking,species-page,2026-04-13T11:45:21.940891-07:00,200,official_media_verified_link_generated,,pokemon.com page content is bot-protected; official page URL is attached for manual verification.
clefairy,Clefairy,35,https://assets.pokemon.com/assets/cms2/img/pokedex/full/035.png,https://raw.githubusercontent.com/PokeAPI/sprites/master/sprites/pokemon/other/official-artwork/35.png,https://raw.githubusercontent.com/PokeAPI/sprites/master/sprites/pokemon/other/home/35.png,https://raw.githubusercontent.com/PokeAPI/sprites/master/sprites/pokemon/other/official-artwork/35.png,https://www.pokemon.com/us/pokedex/clefairy,species-page,2026-04-13T11:45:21.940891-07:00,200,official_media_verified_link_generated,,pokemon.com page content is bot-protected; official page URL is attached for manual verification.
clefable,Clefable,36,https://assets.pokemon.com/assets/cms2/img/pokedex/full/036.png,https://raw.githubusercontent.com/PokeAPI/sprites/master/sprites/pokemon/other/official-artwork/36.png,https://raw.githubusercontent.com/PokeAPI/sprites/master/sprites/pokemon/other/home/36.png,https://raw.githubusercontent.com/PokeAPI/sprites/master/sprites/pokemon/other/official-artwork/36.png,https://www.pokemon.com/us/pokedex/clefable,species-page,2026-04-13T11:45:21.940891-07:00,200,official_media_verified_link_generated,,pokemon.com page content is bot-protected; official page URL is attached for manual verification.
clefable-mega,Clefable maleega,36,https://assets.pokemon.com/assets/cms2/img/pokedex/full/036.png,https://raw.githubusercontent.com/PokeAPI/sprites/master/sprites/pokemon/other/official-artwork/10278.png,https://raw.githubusercontent.com/PokeAPI/sprites/master/sprites/pokemon/other/official-artwork/10278.png,https://raw.githubusercontent.com/PokeAPI/sprites/master/sprites/pokemon/other/official-artwork/10278.png,https://www.pokemon.com/us/pokedex/clefable,species-page,2026-04-13T11:45:21.940891-07:00,200,official_media_verified_link_generated,,pokemon.com page content is bot-protected; official page URL is attached for manual verification.
vulpix,Vulpix,37,https://assets.pokemon.com/assets/cms2/img/pokedex/full/037.png,https://raw.githubusercontent.com/PokeAPI/sprites/master/sprites/pokemon/other/official-artwork/37.png,https://raw.githubusercontent.com/PokeAPI/sprites/master/sprites/pokemon/other/home/37.png,https://raw.githubusercontent.com/PokeAPI/sprites/master/sprites/pokemon/other/official-artwork/37.png,https://www.pokemon.com/us/pokedex/vulpix,species-page,2026-04-13T11:45:21.940891-07:00,200,official_media_verified_link_generated,,pokemon.com page content is bot-protected; official page URL is attached for manual verification.
vulpix-alola,Vulpix Alola,37,https://assets.pokemon.com/assets/cms2/img/pokedex/full/037.png,https://raw.githubusercontent.com/PokeAPI/sprites/master/sprites/pokemon/other/official-artwork/10103.png,https://raw.githubusercontent.com/PokeAPI/sprites/master/sprites/pokemon/other/home/10103.png,https://raw.githubusercontent.com/PokeAPI/sprites/master/sprites/pokemon/other/official-artwork/10103.png,https://www.pokemon.com/us/pokedex/vulpix,species-page,2026-04-13T11:45:21.940891-07:00,200,official_media_verified_link_generated,,pokemon.com page content is bot-protected; official page URL is attached for manual verification.
ninetales,Ninetales,38,https://assets.pokemon.com/assets/cms2/img/pokedex/full/038.png,https://raw.githubusercontent.com/PokeAPI/sprites/master/sprites/pokemon/other/official-artwork/38.png,https://raw.githubusercontent.com/PokeAPI/sprites/master/sprites/pokemon/other/home/38.png,https://raw.githubusercontent.com/PokeAPI/sprites/master/sprites/pokemon/other/official-artwork/38.png,https://www.pokemon.com/us/pokedex/ninetales,species-page,2026-04-13T11:45:21.940891-07:00,200,official_media_verified_link_generated,,pokemon.com page content is bot-protected; official page URL is attached for manual verification.
ninetales-alola,Ninetales Alola,38,https://assets.pokemon.com/assets/cms2/img/pokedex/full/038.png,https://raw.githubusercontent.com/PokeAPI/sprites/master/sprites/pokemon/other/official-artwork/10104.png,https://raw.githubusercontent.com/PokeAPI/sprites/master/sprites/pokemon/other/home/10104.png,https://raw.githubusercontent.com/PokeAPI/sprites/master/sprites/pokemon/other/official-artwork/10104.png,https://www.pokemon.com/us/pokedex/ninetales,species-page,2026-04-13T11:45:21.940891-07:00,200,official_media_verified_link_generated,,pokemon.com page content is bot-protected; official page URL is attached for manual verification.
jigglypuff,Jigglypuff,39,https://assets.pokemon.com/assets/cms2/img/pokedex/full/039.png,https://raw.githubusercontent.com/PokeAPI/sprites/master/sprites/pokemon/other/official-artwork/39.png,https://raw.githubusercontent.com/PokeAPI/sprites/master/sprites/pokemon/other/home/39.png,https://raw.githubusercontent.com/PokeAPI/sprites/master/sprites/pokemon/other/official-artwork/39.png,https://www.pokemon.com/us/pokedex/jigglypuff,species-page,2026-04-13T11:45:21.940891-07:00,200,official_media_verified_link_generated,,pokemon.com page content is bot-protected; official page URL is attached for manual verification.
wigglytuff,Wigglytuff,40,https://assets.pokemon.com/assets/cms2/img/pokedex/full/040.png,https://raw.githubusercontent.com/PokeAPI/sprites/master/sprites/pokemon/other/official-artwork/40.png,https://raw.githubusercontent.com/PokeAPI/sprites/master/sprites/pokemon/other/home/40.png,https://raw.githubusercontent.com/PokeAPI/sprites/master/sprites/pokemon/other/official-artwork/40.png,https://www.pokemon.com/us/pokedex/wigglytuff,species-page,2026-04-13T11:45:21.940891-07:00,200,official_media_verified_link_generated,,pokemon.com page content is bot-protected; official page URL is attached for manual verification.
zubat,Zubat,41,https://assets.pokemon.com/assets/cms2/img/pokedex/full/041.png,https://raw.githubusercontent.com/PokeAPI/sprites/master/sprites/pokemon/other/official-artwork/41.png,https://raw.githubusercontent.com/PokeAPI/sprites/master/sprites/pokemon/other/home/41.png,https://raw.githubusercontent.com/PokeAPI/sprites/master/sprites/pokemon/other/official-artwork/41.png,https://www.pokemon.com/us/pokedex/zubat,species-page,2026-04-13T11:45:21.940891-07:00,200,official_media_verified_link_generated,,pokemon.com page content is bot-protected; official page URL is attached for manual verification.
golbat,Golbat,42,https://assets.pokemon.com/assets/cms2/img/pokedex/full/042.png,https://raw.githubusercontent.com/PokeAPI/sprites/master/sprites/pokemon/other/official-artwork/42.png,https://raw.githubusercontent.com/PokeAPI/sprites/master/sprites/pokemon/other/home/42.png,https://raw.githubusercontent.com/PokeAPI/sprites/master/sprites/pokemon/other/official-artwork/42.png,https://www.pokemon.com/us/pokedex/golbat,species-page,2026-04-13T11:45:21.940891-07:00,200,official_media_verified_link_generated,,pokemon.com page content is bot-protected; official page URL is attached for manual verification.
oddish,Oddish,43,https://assets.pokemon.com/assets/cms2/img/pokedex/full/043.png,https://raw.githubusercontent.com/PokeAPI/sprites/master/sprites/pokemon/other/official-artwork/43.png,https://raw.githubusercontent.com/PokeAPI/sprites/master/sprites/pokemon/other/home/43.png,https://raw.githubusercontent.com/PokeAPI/sprites/master/sprites/pokemon/other/official-artwork/43.png,https://www.pokemon.com/us/pokedex/oddish,species-page,2026-04-13T11:45:21.940891-07:00,200,official_media_verified_link_generated,,pokemon.com page content is bot-protected; official page URL is attached for manual verification.
gloom,Gloom,44,https://assets.pokemon.com/assets/cms2/img/pokedex/full/044.png,https://raw.githubusercontent.com/PokeAPI/sprites/master/sprites/pokemon/other/official-artwork/44.png,https://raw.githubusercontent.com/PokeAPI/sprites/master/sprites/pokemon/other/home/44.png,https://raw.githubusercontent.com/PokeAPI/sprites/master/sprites/pokemon/other/official-artwork/44.png,https://www.pokemon.com/us/pokedex/gloom,species-page,2026-04-13T11:45:21.940891-07:00,200,official_media_verified_link_generated,,pokemon.com page content is bot-protected; official page URL is attached for manual verification.
vileplume,Vileplume,45,https://assets.pokemon.com/assets/cms2/img/pokedex/full/045.png,https://raw.githubusercontent.com/PokeAPI/sprites/master/sprites/pokemon/other/official-artwork/45.png,https://raw.githubusercontent.com/PokeAPI/sprites/master/sprites/pokemon/other/home/45.png,https://raw.githubusercontent.com/PokeAPI/sprites/master/sprites/pokemon/other/official-artwork/45.png,https://www.pokemon.com/us/pokedex/vileplume,species-page,2026-04-13T11:45:21.940891-07:00,200,official_media_verified_link_generated,,pokemon.com page content is bot-protected; official page URL is attached for manual verification.
paras,Paras,46,https://assets.pokemon.com/assets/cms2/img/pokedex/full/046.png,https://raw.githubusercontent.com/PokeAPI/sprites/master/sprites/pokemon/other/official-artwork/46.png,https://raw.githubusercontent.com/PokeAPI/sprites/master/sprites/pokemon/other/home/46.png,https://raw.githubusercontent.com/PokeAPI/sprites/master/sprites/pokemon/other/official-artwork/46.png,https://www.pokemon.com/us/pokedex/paras,species-page,2026-04-13T11:45:21.940891-07:00,200,official_media_verified_link_generated,,pokemon.com page content is bot-protected; official page URL is attached for manual verification.
parasect,Parasect,47,https://assets.pokemon.com/assets/cms2/img/pokedex/full/047.png,https://raw.githubusercontent.com/PokeAPI/sprites/master/sprites/pokemon/other/official-artwork/47.png,https://raw.githubusercontent.com/PokeAPI/sprites/master/sprites/pokemon/other/home/47.png,https://raw.githubusercontent.com/PokeAPI/sprites/master/sprites/pokemon/other/official-artwork/47.png,https://www.pokemon.com/us/pokedex/parasect,species-page,2026-04-13T11:45:21.940891-07:00,200,official_media_verified_link_generated,,pokemon.com page content is bot-protected; official page URL is attached for manual verification.
venonat,Venonat,48,https://assets.pokemon.com/assets/cms2/img/pokedex/full/048.png,https://raw.githubusercontent.com/PokeAPI/sprites/master/sprites/pokemon/other/official-artwork/48.png,https://raw.githubusercontent.com/PokeAPI/sprites/master/sprites/pokemon/other/home/48.png,https://raw.githubusercontent.com/PokeAPI/sprites/master/sprites/pokemon/other/official-artwork/48.png,https://www.pokemon.com/us/pokedex/venonat,species-page,2026-04-13T11:45:21.940891-07:00,200,official_media_verified_link_generated,,pokemon.com page content is bot-protected; official page URL is attached for manual verification.
venomoth,Venomoth,49,https://assets.pokemon.com/assets/cms2/img/pokedex/full/049.png,https://raw.githubusercontent.com/PokeAPI/sprites/master/sprites/pokemon/other/official-artwork/49.png,https://raw.githubusercontent.com/PokeAPI/sprites/master/sprites/pokemon/other/home/49.png,https://raw.githubusercontent.com/PokeAPI/sprites/master/sprites/pokemon/other/official-artwork/49.png,https://www.pokemon.com/us/pokedex/venomoth,species-page,2026-04-13T11:45:21.940891-07:00,200,official_media_verified_link_generated,,pokemon.com page content is bot-protected; official page URL is attached for manual verification.
diglett,Diglett,50,https://assets.pokemon.com/assets/cms2/img/pokedex/full/050.png,https://raw.githubusercontent.com/PokeAPI/sprites/master/sprites/pokemon/other/official-artwork/50.png,https://raw.githubusercontent.com/PokeAPI/sprites/master/sprites/pokemon/other/home/50.png,https://raw.githubusercontent.com/PokeAPI/sprites/master/sprites/pokemon/other/official-artwork/50.png,https://www.pokemon.com/us/pokedex/diglett,species-page,2026-04-13T11:45:21.940891-07:00,200,official_media_verified_link_generated,,pokemon.com page content is bot-protected; official page URL is attached for manual verification.
diglett-alola,Diglett Alola,50,https://assets.pokemon.com/assets/cms2/img/pokedex/full/050.png,https://raw.githubusercontent.com/PokeAPI/sprites/master/sprites/pokemon/other/official-artwork/10105.png,https://raw.githubusercontent.com/PokeAPI/sprites/master/sprites/pokemon/other/home/10105.png,https://raw.githubusercontent.com/PokeAPI/sprites/master/sprites/pokemon/other/official-artwork/10105.png,https://www.pokemon.com/us/pokedex/diglett,species-page,2026-04-13T11:45:21.940891-07:00,200,official_media_verified_link_generated,,pokemon.com page content is bot-protected; official page URL is attached for manual verification.
dugtrio,Dugtrio,51,https://assets.pokemon.com/assets/cms2/img/pokedex/full/051.png,https://raw.githubusercontent.com/PokeAPI/sprites/master/sprites/pokemon/other/official-artwork/51.png,https://raw.githubusercontent.com/PokeAPI/sprites/master/sprites/pokemon/other/home/51.png,https://raw.githubusercontent.com/PokeAPI/sprites/master/sprites/pokemon/other/official-artwork/51.png,https://www.pokemon.com/us/pokedex/dugtrio,species-page,2026-04-13T11:45:21.940891-07:00,200,official_media_verified_link_generated,,pokemon.com page content is bot-protected; official page URL is attached for manual verification.
dugtrio-alola,Dugtrio Alola,51,https://assets.pokemon.com/assets/cms2/img/pokedex/full/051.png,https://raw.githubusercontent.com/PokeAPI/sprites/master/sprites/pokemon/other/official-artwork/10106.png,https://raw.githubusercontent.com/PokeAPI/sprites/master/sprites/pokemon/other/home/10106.png,https://raw.githubusercontent.com/PokeAPI/sprites/master/sprites/pokemon/other/official-artwork/10106.png,https://www.pokemon.com/us/pokedex/dugtrio,species-page,2026-04-13T11:45:21.940891-07:00,200,official_media_verified_link_generated,,pokemon.com page content is bot-protected; official page URL is attached for manual verification.
meowth,Meowth,52,https://assets.pokemon.com/assets/cms2/img/pokedex/full/052.png,https://raw.githubusercontent.com/PokeAPI/sprites/master/sprites/pokemon/other/official-artwork/52.png,https://raw.githubusercontent.com/PokeAPI/sprites/master/sprites/pokemon/other/home/52.png,https://raw.githubusercontent.com/PokeAPI/sprites/master/sprites/pokemon/other/official-artwork/52.png,https://www.pokemon.com/us/pokedex/meowth,species-page,2026-04-13T11:45:21.940891-07:00,200,official_media_verified_link_generated,,pokemon.com page content is bot-protected; official page URL is attached for manual verification.
meowth-alola,Meowth Alola,52,https://assets.pokemon.com/assets/cms2/img/pokedex/full/052.png,https://raw.githubusercontent.com/PokeAPI/sprites/master/sprites/pokemon/other/official-artwork/10107.png,https://raw.githubusercontent.com/PokeAPI/sprites/master/sprites/pokemon/other/home/10107.png,https://raw.githubusercontent.com/PokeAPI/sprites/master/sprites/pokemon/other/official-artwork/10107.png,https://www.pokemon.com/us/pokedex/meowth,species-page,2026-04-13T11:45:21.940891-07:00,200,official_media_verified_link_generated,,pokemon.com page content is bot-protected; official page URL is attached for manual verification.
meowth-galar,Meowth Galar,52,https://assets.pokemon.com/assets/cms2/img/pokedex/full/052.png,https://raw.githubusercontent.com/PokeAPI/sprites/master/sprites/pokemon/other/official-artwork/10161.png,https://raw.githubusercontent.com/PokeAPI/sprites/master/sprites/pokemon/other/home/10161.png,https://raw.githubusercontent.com/PokeAPI/sprites/master/sprites/pokemon/other/official-artwork/10161.png,https://www.pokemon.com/us/pokedex/meowth,species-page,2026-04-13T11:45:21.940891-07:00,200,official_media_verified_link_generated,,pokemon.com page content is bot-protected; official page URL is attached for manual verification.
meowth-gmax,Meowth Gmax,52,https://assets.pokemon.com/assets/cms2/img/pokedex/full/052.png,https://raw.githubusercontent.com/PokeAPI/sprites/master/sprites/pokemon/other/official-artwork/10200.png,https://raw.githubusercontent.com/PokeAPI/sprites/master/sprites/pokemon/other/home/10200.png,https://raw.githubusercontent.com/PokeAPI/sprites/master/sprites/pokemon/other/official-artwork/10200.png,https://www.pokemon.com/us/pokedex/meowth,species-page,2026-04-13T11:45:21.940891-07:00,200,official_media_verified_link_generated,,pokemon.com page content is bot-protected; official page URL is attached for manual verification.
persian,Persian,53,https://assets.pokemon.com/assets/cms2/img/pokedex/full/053.png,https://raw.githubusercontent.com/PokeAPI/sprites/master/sprites/pokemon/other/official-artwork/53.png,https://raw.githubusercontent.com/PokeAPI/sprites/master/sprites/pokemon/other/home/53.png,https://raw.githubusercontent.com/PokeAPI/sprites/master/sprites/pokemon/other/official-artwork/53.png,https://www.pokemon.com/us/pokedex/persian,species-page,2026-04-13T11:45:21.940891-07:00,200,official_media_verified_link_generated,,pokemon.com page content is bot-protected; official page URL is attached for manual verification.
persian-alola,Persian Alola,53,https://assets.pokemon.com/assets/cms2/img/pokedex/full/053.png,https://raw.githubusercontent.com/PokeAPI/sprites/master/sprites/pokemon/other/official-artwork/10108.png,https://raw.githubusercontent.com/PokeAPI/sprites/master/sprites/pokemon/other/home/10108.png,https://raw.githubusercontent.com/PokeAPI/sprites/master/sprites/pokemon/other/official-artwork/10108.png,https://www.pokemon.com/us/pokedex/persian,species-page,2026-04-13T11:45:21.940891-07:00,200,official_media_verified_link_generated,,pokemon.com page content is bot-protected; official page URL is attached for manual verification.
psyduck,Psyduck,54,https://assets.pokemon.com/assets/cms2/img/pokedex/full/054.png,https://raw.githubusercontent.com/PokeAPI/sprites/master/sprites/pokemon/other/official-artwork/54.png,https://raw.githubusercontent.com/PokeAPI/sprites/master/sprites/pokemon/other/home/54.png,https://raw.githubusercontent.com/PokeAPI/sprites/master/sprites/pokemon/other/official-artwork/54.png,https://www.pokemon.com/us/pokedex/psyduck,species-page,2026-04-13T11:45:21.940891-07:00,200,official_media_verified_link_generated,,pokemon.com page content is bot-protected; official page URL is attached for manual verification.
golduck,Golduck,55,https://assets.pokemon.com/assets/cms2/img/pokedex/full/055.png,https://raw.githubusercontent.com/PokeAPI/sprites/master/sprites/pokemon/other/official-artwork/55.png,https://raw.githubusercontent.com/PokeAPI/sprites/master/sprites/pokemon/other/home/55.png,https://raw.githubusercontent.com/PokeAPI/sprites/master/sprites/pokemon/other/official-artwork/55.png,https://www.pokemon.com/us/pokedex/golduck,species-page,2026-04-13T11:45:21.940891-07:00,200,official_media_verified_link_generated,,pokemon.com page content is bot-protected; official page URL is attached for manual verification.
mankey,Mankey,56,https://assets.pokemon.com/assets/cms2/img/pokedex/full/056.png,https://raw.githubusercontent.com/PokeAPI/sprites/master/sprites/pokemon/other/official-artwork/56.png,https://raw.githubusercontent.com/PokeAPI/sprites/master/sprites/pokemon/other/home/56.png,https://raw.githubusercontent.com/PokeAPI/sprites/master/sprites/pokemon/other/official-artwork/56.png,https://www.pokemon.com/us/pokedex/mankey,species-page,2026-04-13T11:45:21.940891-07:00,200,official_media_verified_link_generated,,pokemon.com page content is bot-protected; official page URL is attached for manual verification.
primeape,Primeape,57,https://assets.pokemon.com/assets/cms2/img/pokedex/full/057.png,https://raw.githubusercontent.com/PokeAPI/sprites/master/sprites/pokemon/other/official-artwork/57.png,https://raw.githubusercontent.com/PokeAPI/sprites/master/sprites/pokemon/other/home/57.png,https://raw.githubusercontent.com/PokeAPI/sprites/master/sprites/pokemon/other/official-artwork/57.png,https://www.pokemon.com/us/pokedex/primeape,species-page,2026-04-13T11:45:21.940891-07:00,200,official_media_verified_link_generated,,pokemon.com page content is bot-protected; official page URL is attached for manual verification.
growlithe,Growlithe,58,https://assets.pokemon.com/assets/cms2/img/pokedex/full/058.png,https://raw.githubusercontent.com/PokeAPI/sprites/master/sprites/pokemon/other/official-artwork/58.png,https://raw.githubusercontent.com/PokeAPI/sprites/master/sprites/pokemon/other/home/58.png,https://raw.githubusercontent.com/PokeAPI/sprites/master/sprites/pokemon/other/official-artwork/58.png,https://www.pokemon.com/us/pokedex/growlithe,species-page,2026-04-13T11:45:21.940891-07:00,200,official_media_verified_link_generated,,pokemon.com page content is bot-protected; official page URL is attached for manual verification.
growlithe-hisui,Growlithe Hisui,58,https://assets.pokemon.com/assets/cms2/img/pokedex/full/058.png,https://raw.githubusercontent.com/PokeAPI/sprites/master/sprites/pokemon/other/official-artwork/10229.png,https://raw.githubusercontent.com/PokeAPI/sprites/master/sprites/pokemon/other/home/10229.png,https://raw.githubusercontent.com/PokeAPI/sprites/master/sprites/pokemon/other/official-artwork/10229.png,https://www.pokemon.com/us/pokedex/growlithe,species-page,2026-04-13T11:45:21.940891-07:00,200,official_media_verified_link_generated,,pokemon.com page content is bot-protected; official page URL is attached for manual verification.
arcanine,Arcanine,59,https://assets.pokemon.com/assets/cms2/img/pokedex/full/059.png,https://raw.githubusercontent.com/PokeAPI/sprites/master/sprites/pokemon/other/official-artwork/59.png,https://raw.githubusercontent.com/PokeAPI/sprites/master/sprites/pokemon/other/home/59.png,https://raw.githubusercontent.com/PokeAPI/sprites/master/sprites/pokemon/other/official-artwork/59.png,https://www.pokemon.com/us/pokedex/arcanine,species-page,2026-04-13T11:45:21.940891-07:00,200,official_media_verified_link_generated,,pokemon.com page content is bot-protected; official page URL is attached for manual verification.
arcanine-hisui,Arcanine Hisui,59,https://assets.pokemon.com/assets/cms2/img/pokedex/full/059.png,https://raw.githubusercontent.com/PokeAPI/sprites/master/sprites/pokemon/other/official-artwork/10230.png,https://raw.githubusercontent.com/PokeAPI/sprites/master/sprites/pokemon/other/home/10230.png,https://raw.githubusercontent.com/PokeAPI/sprites/master/sprites/pokemon/other/official-artwork/10230.png,https://www.pokemon.com/us/pokedex/arcanine,species-page,2026-04-13T11:45:21.940891-07:00,200,official_media_verified_link_generated,,pokemon.com page content is bot-protected; official page URL is attached for manual verification.
poliwag,Poliwag,60,https://assets.pokemon.com/assets/cms2/img/pokedex/full/060.png,https://raw.githubusercontent.com/PokeAPI/sprites/master/sprites/pokemon/other/official-artwork/60.png,https://raw.githubusercontent.com/PokeAPI/sprites/master/sprites/pokemon/other/home/60.png,https://raw.githubusercontent.com/PokeAPI/sprites/master/sprites/pokemon/other/official-artwork/60.png,https://www.pokemon.com/us/pokedex/poliwag,species-page,2026-04-13T11:45:21.940891-07:00,200,official_media_verified_link_generated,,pokemon.com page content is bot-protected; official page URL is attached for manual verification.
poliwhirl,Poliwhirl,61,https://assets.pokemon.com/assets/cms2/img/pokedex/full/061.png,https://raw.githubusercontent.com/PokeAPI/sprites/master/sprites/pokemon/other/official-artwork/61.png,https://raw.githubusercontent.com/PokeAPI/sprites/master/sprites/pokemon/other/home/61.png,https://raw.githubusercontent.com/PokeAPI/sprites/master/sprites/pokemon/other/official-artwork/61.png,https://www.pokemon.com/us/pokedex/poliwhirl,species-page,2026-04-13T11:45:21.940891-07:00,200,official_media_verified_link_generated,,pokemon.com page content is bot-protected; official page URL is attached for manual verification.
poliwrath,Poliwrath,62,https://assets.pokemon.com/assets/cms2/img/pokedex/full/062.png,https://raw.githubusercontent.com/PokeAPI/sprites/master/sprites/pokemon/other/official-artwork/62.png,https://raw.githubusercontent.com/PokeAPI/sprites/master/sprites/pokemon/other/home/62.png,https://raw.githubusercontent.com/PokeAPI/sprites/master/sprites/pokemon/other/official-artwork/62.png,https://www.pokemon.com/us/pokedex/poliwrath,species-page,2026-04-13T11:45:21.940891-07:00,200,official_media_verified_link_generated,,pokemon.com page content is bot-protected; official page URL is attached for manual verification.
abra,Abra,63,https://assets.pokemon.com/assets/cms2/img/pokedex/full/063.png,https://raw.githubusercontent.com/PokeAPI/sprites/master/sprites/pokemon/other/official-artwork/63.png,https://raw.githubusercontent.com/PokeAPI/sprites/master/sprites/pokemon/other/home/63.png,https://raw.githubusercontent.com/PokeAPI/sprites/master/sprites/pokemon/other/official-artwork/63.png,https://www.pokemon.com/us/pokedex/abra,species-page,2026-04-13T11:45:21.940891-07:00,200,official_media_verified_link_generated,,pokemon.com page content is bot-protected; official page URL is attached for manual verification.
kadabra,Kadabra,64,https://assets.pokemon.com/assets/cms2/img/pokedex/full/064.png,https://raw.githubusercontent.com/PokeAPI/sprites/master/sprites/pokemon/other/official-artwork/64.png,https://raw.githubusercontent.com/PokeAPI/sprites/master/sprites/pokemon/other/home/64.png,https://raw.githubusercontent.com/PokeAPI/sprites/master/sprites/pokemon/other/official-artwork/64.png,https://www.pokemon.com/us/pokedex/kadabra,species-page,2026-04-13T11:45:21.940891-07:00,200,official_media_verified_link_generated,,pokemon.com page content is bot-protected; official page URL is attached for manual verification.
alakazam,Alakazam,65,https://assets.pokemon.com/assets/cms2/img/pokedex/full/065.png,https://raw.githubusercontent.com/PokeAPI/sprites/master/sprites/pokemon/other/official-artwork/65.png,https://raw.githubusercontent.com/PokeAPI/sprites/master/sprites/pokemon/other/home/65.png,https://raw.githubusercontent.com/PokeAPI/sprites/master/sprites/pokemon/other/official-artwork/65.png,https://www.pokemon.com/us/pokedex/alakazam,species-page,2026-04-13T11:45:21.940891-07:00,200,official_media_verified_link_generated,,pokemon.com page content is bot-protected; official page URL is attached for manual verification.
alakazam-mega,Alakazam maleega,65,https://assets.pokemon.com/assets/cms2/img/pokedex/full/065.png,https://raw.githubusercontent.com/PokeAPI/sprites/master/sprites/pokemon/other/official-artwork/10037.png,https://raw.githubusercontent.com/PokeAPI/sprites/master/sprites/pokemon/other/home/10037.png,https://raw.githubusercontent.com/PokeAPI/sprites/master/sprites/pokemon/other/official-artwork/10037.png,https://www.pokemon.com/us/pokedex/alakazam,species-page,2026-04-13T11:45:21.940891-07:00,200,official_media_verified_link_generated,,pokemon.com page content is bot-protected; official page URL is attached for manual verification.
machop,Machop,66,https://assets.pokemon.com/assets/cms2/img/pokedex/full/066.png,https://raw.githubusercontent.com/PokeAPI/sprites/master/sprites/pokemon/other/official-artwork/66.png,https://raw.githubusercontent.com/PokeAPI/sprites/master/sprites/pokemon/other/home/66.png,https://raw.githubusercontent.com/PokeAPI/sprites/master/sprites/pokemon/other/official-artwork/66.png,https://www.pokemon.com/us/pokedex/machop,species-page,2026-04-13T11:45:21.940891-07:00,200,official_media_verified_link_generated,,pokemon.com page content is bot-protected; official page URL is attached for manual verification.
machoke,Machoke,67,https://assets.pokemon.com/assets/cms2/img/pokedex/full/067.png,https://raw.githubusercontent.com/PokeAPI/sprites/master/sprites/pokemon/other/official-artwork/67.png,https://raw.githubusercontent.com/PokeAPI/sprites/master/sprites/pokemon/other/home/67.png,https://raw.githubusercontent.com/PokeAPI/sprites/master/sprites/pokemon/other/official-artwork/67.png,https://www.pokemon.com/us/pokedex/machoke,species-page,2026-04-13T11:45:21.940891-07:00,200,official_media_verified_link_generated,,pokemon.com page content is bot-protected; official page URL is attached for manual verification.
machamp,Machamp,68,https://assets.pokemon.com/assets/cms2/img/pokedex/full/068.png,https://raw.githubusercontent.com/PokeAPI/sprites/master/sprites/pokemon/other/official-artwork/68.png,https://raw.githubusercontent.com/PokeAPI/sprites/master/sprites/pokemon/other/home/68.png,https://raw.githubusercontent.com/PokeAPI/sprites/master/sprites/pokemon/other/official-artwork/68.png,https://www.pokemon.com/us/pokedex/machamp,species-page,2026-04-13T11:45:21.940891-07:00,200,official_media_verified_link_generated,,pokemon.com page content is bot-protected; official page URL is attached for manual verification.
machamp-gmax,Machamp Gmax,68,https://assets.pokemon.com/assets/cms2/img/pokedex/full/068.png,https://raw.githubusercontent.com/PokeAPI/sprites/master/sprites/pokemon/other/official-artwork/10201.png,https://raw.githubusercontent.com/PokeAPI/sprites/master/sprites/pokemon/other/home/10201.png,https://raw.githubusercontent.com/PokeAPI/sprites/master/sprites/pokemon/other/official-artwork/10201.png,https://www.pokemon.com/us/pokedex/machamp,species-page,2026-04-13T11:45:21.940891-07:00,200,official_media_verified_link_generated,,pokemon.com page content is bot-protected; official page URL is attached for manual verification.
bellsprout,Bellsprout,69,https://assets.pokemon.com/assets/cms2/img/pokedex/full/069.png,https://raw.githubusercontent.com/PokeAPI/sprites/master/sprites/pokemon/other/official-artwork/69.png,https://raw.githubusercontent.com/PokeAPI/sprites/master/sprites/pokemon/other/home/69.png,https://raw.githubusercontent.com/PokeAPI/sprites/master/sprites/pokemon/other/official-artwork/69.png,https://www.pokemon.com/us/pokedex/bellsprout,species-page,2026-04-13T11:45:21.940891-07:00,200,official_media_verified_link_generated,,pokemon.com page content is bot-protected; official page URL is attached for manual verification.
weepinbell,Weepinbell,70,https://assets.pokemon.com/assets/cms2/img/pokedex/full/070.png,https://raw.githubusercontent.com/PokeAPI/sprites/master/sprites/pokemon/other/official-artwork/70.png,https://raw.githubusercontent.com/PokeAPI/sprites/master/sprites/pokemon/other/home/70.png,https://raw.githubusercontent.com/PokeAPI/sprites/master/sprites/pokemon/other/official-artwork/70.png,https://www.pokemon.com/us/pokedex/weepinbell,species-page,2026-04-13T11:45:21.940891-07:00,200,official_media_verified_link_generated,,pokemon.com page content is bot-protected; official page URL is attached for manual verification.
victreebel,Victreebel,71,https://assets.pokemon.com/assets/cms2/img/pokedex/full/071.png,https://raw.githubusercontent.com/PokeAPI/sprites/master/sprites/pokemon/other/official-artwork/71.png,https://raw.githubusercontent.com/PokeAPI/sprites/master/sprites/pokemon/other/home/71.png,https://raw.githubusercontent.com/PokeAPI/sprites/master/sprites/pokemon/other/official-artwork/71.png,https://www.pokemon.com/us/pokedex/victreebel,species-page,2026-04-13T11:45:21.940891-07:00,200,official_media_verified_link_generated,,pokemon.com page content is bot-protected; official page URL is attached for manual verification.
victreebel-mega,Victreebel maleega,71,https://assets.pokemon.com/assets/cms2/img/pokedex/full/071.png,https://raw.githubusercontent.com/PokeAPI/sprites/master/sprites/pokemon/other/official-artwork/10279.png,https://raw.githubusercontent.com/PokeAPI/sprites/master/sprites/pokemon/10279.png,https://raw.githubusercontent.com/PokeAPI/sprites/master/sprites/pokemon/other/official-artwork/10279.png,https://www.pokemon.com/us/pokedex/victreebel,species-page,2026-04-13T11:45:21.940891-07:00,200,official_media_verified_link_generated,,pokemon.com page content is bot-protected; official page URL is attached for manual verification.
tentacool,Tentacool,72,https://assets.pokemon.com/assets/cms2/img/pokedex/full/072.png,https://raw.githubusercontent.com/PokeAPI/sprites/master/sprites/pokemon/other/official-artwork/72.png,https://raw.githubusercontent.com/PokeAPI/sprites/master/sprites/pokemon/other/home/72.png,https://raw.githubusercontent.com/PokeAPI/sprites/master/sprites/pokemon/other/official-artwork/72.png,https://www.pokemon.com/us/pokedex/tentacool,species-page,2026-04-13T11:45:21.940891-07:00,200,official_media_verified_link_generated,,pokemon.com page content is bot-protected; official page URL is attached for manual verification.
tentacruel,Tentacruel,73,https://assets.pokemon.com/assets/cms2/img/pokedex/full/073.png,https://raw.githubusercontent.com/PokeAPI/sprites/master/sprites/pokemon/other/official-artwork/73.png,https://raw.githubusercontent.com/PokeAPI/sprites/master/sprites/pokemon/other/home/73.png,https://raw.githubusercontent.com/PokeAPI/sprites/master/sprites/pokemon/other/official-artwork/73.png,https://www.pokemon.com/us/pokedex/tentacruel,species-page,2026-04-13T11:45:21.940891-07:00,200,official_media_verified_link_generated,,pokemon.com page content is bot-protected; official page URL is attached for manual verification.
geodude,Geodude,74,https://assets.pokemon.com/assets/cms2/img/pokedex/full/074.png,https://raw.githubusercontent.com/PokeAPI/sprites/master/sprites/pokemon/other/official-artwork/74.png,https://raw.githubusercontent.com/PokeAPI/sprites/master/sprites/pokemon/other/home/74.png,https://raw.githubusercontent.com/PokeAPI/sprites/master/sprites/pokemon/other/official-artwork/74.png,https://www.pokemon.com/us/pokedex/geodude,species-page,2026-04-13T11:45:21.940891-07:00,200,official_media_verified_link_generated,,pokemon.com page content is bot-protected; official page URL is attached for manual verification.
geodude-alola,Geodude Alola,74,https://assets.pokemon.com/assets/cms2/img/pokedex/full/074.png,https://raw.githubusercontent.com/PokeAPI/sprites/master/sprites/pokemon/other/official-artwork/10109.png,https://raw.githubusercontent.com/PokeAPI/sprites/master/sprites/pokemon/other/home/10109.png,https://raw.githubusercontent.com/PokeAPI/sprites/master/sprites/pokemon/other/official-artwork/10109.png,https://www.pokemon.com/us/pokedex/geodude,species-page,2026-04-13T11:45:21.940891-07:00,200,official_media_verified_link_generated,,pokemon.com page content is bot-protected; official page URL is attached for manual verification.
graveler,Graveler,75,https://assets.pokemon.com/assets/cms2/img/pokedex/full/075.png,https://raw.githubusercontent.com/PokeAPI/sprites/master/sprites/pokemon/other/official-artwork/75.png,https://raw.githubusercontent.com/PokeAPI/sprites/master/sprites/pokemon/other/home/75.png,https://raw.githubusercontent.com/PokeAPI/sprites/master/sprites/pokemon/other/official-artwork/75.png,https://www.pokemon.com/us/pokedex/graveler,species-page,2026-04-13T11:45:21.940891-07:00,200,official_media_verified_link_generated,,pokemon.com page content is bot-protected; official page URL is attached for manual verification.
graveler-alola,Graveler Alola,75,https://assets.pokemon.com/assets/cms2/img/pokedex/full/075.png,https://raw.githubusercontent.com/PokeAPI/sprites/master/sprites/pokemon/other/official-artwork/10110.png,https://raw.githubusercontent.com/PokeAPI/sprites/master/sprites/pokemon/other/home/10110.png,https://raw.githubusercontent.com/PokeAPI/sprites/master/sprites/pokemon/other/official-artwork/10110.png,https://www.pokemon.com/us/pokedex/graveler,species-page,2026-04-13T11:45:21.940891-07:00,200,official_media_verified_link_generated,,pokemon.com page content is bot-protected; official page URL is attached for manual verification.
golem,Golem,76,https://assets.pokemon.com/assets/cms2/img/pokedex/full/076.png,https://raw.githubusercontent.com/PokeAPI/sprites/master/sprites/pokemon/other/official-artwork/76.png,https://raw.githubusercontent.com/PokeAPI/sprites/master/sprites/pokemon/other/home/76.png,https://raw.githubusercontent.com/PokeAPI/sprites/master/sprites/pokemon/other/official-artwork/76.png,https://www.pokemon.com/us/pokedex/golem,species-page,2026-04-13T11:45:21.940891-07:00,200,official_media_verified_link_generated,,pokemon.com page content is bot-protected; official page URL is attached for manual verification.
golem-alola,Golem Alola,76,https://assets.pokemon.com/assets/cms2/img/pokedex/full/076.png,https://raw.githubusercontent.com/PokeAPI/sprites/master/sprites/pokemon/other/official-artwork/10111.png,https://raw.githubusercontent.com/PokeAPI/sprites/master/sprites/pokemon/other/home/10111.png,https://raw.githubusercontent.com/PokeAPI/sprites/master/sprites/pokemon/other/official-artwork/10111.png,https://www.pokemon.com/us/pokedex/golem,species-page,2026-04-13T11:45:21.940891-07:00,200,official_media_verified_link_generated,,pokemon.com page content is bot-protected; official page URL is attached for manual verification.
ponyta,Ponyta,77,https://assets.pokemon.com/assets/cms2/img/pokedex/full/077.png,https://raw.githubusercontent.com/PokeAPI/sprites/master/sprites/pokemon/other/official-artwork/77.png,https://raw.githubusercontent.com/PokeAPI/sprites/master/sprites/pokemon/other/home/77.png,https://raw.githubusercontent.com/PokeAPI/sprites/master/sprites/pokemon/other/official-artwork/77.png,https://www.pokemon.com/us/pokedex/ponyta,species-page,2026-04-13T11:45:21.940891-07:00,200,official_media_verified_link_generated,,pokemon.com page content is bot-protected; official page URL is attached for manual verification.
ponyta-galar,Ponyta Galar,77,https://assets.pokemon.com/assets/cms2/img/pokedex/full/077.png,https://raw.githubusercontent.com/PokeAPI/sprites/master/sprites/pokemon/other/official-artwork/10162.png,https://raw.githubusercontent.com/PokeAPI/sprites/master/sprites/pokemon/other/home/10162.png,https://raw.githubusercontent.com/PokeAPI/sprites/master/sprites/pokemon/other/official-artwork/10162.png,https://www.pokemon.com/us/pokedex/ponyta,species-page,2026-04-13T11:45:21.940891-07:00,200,official_media_verified_link_generated,,pokemon.com page content is bot-protected; official page URL is attached for manual verification.
rapidash,Rapidash,78,https://assets.pokemon.com/assets/cms2/img/pokedex/full/078.png,https://raw.githubusercontent.com/PokeAPI/sprites/master/sprites/pokemon/other/official-artwork/78.png,https://raw.githubusercontent.com/PokeAPI/sprites/master/sprites/pokemon/other/home/78.png,https://raw.githubusercontent.com/PokeAPI/sprites/master/sprites/pokemon/other/official-artwork/78.png,https://www.pokemon.com/us/pokedex/rapidash,species-page,2026-04-13T11:45:21.940891-07:00,200,official_media_verified_link_generated,,pokemon.com page content is bot-protected; official page URL is attached for manual verification.
rapidash-galar,Rapidash Galar,78,https://assets.pokemon.com/assets/cms2/img/pokedex/full/078.png,https://raw.githubusercontent.com/PokeAPI/sprites/master/sprites/pokemon/other/official-artwork/10163.png,https://raw.githubusercontent.com/PokeAPI/sprites/master/sprites/pokemon/other/home/10163.png,https://raw.githubusercontent.com/PokeAPI/sprites/master/sprites/pokemon/other/official-artwork/10163.png,https://www.pokemon.com/us/pokedex/rapidash,species-page,2026-04-13T11:45:21.940891-07:00,200,official_media_verified_link_generated,,pokemon.com page content is bot-protected; official page URL is attached for manual verification.
slowpoke,Slowpoke,79,https://assets.pokemon.com/assets/cms2/img/pokedex/full/079.png,https://raw.githubusercontent.com/PokeAPI/sprites/master/sprites/pokemon/other/official-artwork/79.png,https://raw.githubusercontent.com/PokeAPI/sprites/master/sprites/pokemon/other/home/79.png,https://raw.githubusercontent.com/PokeAPI/sprites/master/sprites/pokemon/other/official-artwork/79.png,https://www.pokemon.com/us/pokedex/slowpoke,species-page,2026-04-13T11:45:21.940891-07:00,200,official_media_verified_link_generated,,pokemon.com page content is bot-protected; official page URL is attached for manual verification.
slowpoke-galar,Slowpoke Galar,79,https://assets.pokemon.com/assets/cms2/img/pokedex/full/079.png,https://raw.githubusercontent.com/PokeAPI/sprites/master/sprites/pokemon/other/official-artwork/10164.png,https://raw.githubusercontent.com/PokeAPI/sprites/master/sprites/pokemon/other/home/10164.png,https://raw.githubusercontent.com/PokeAPI/sprites/master/sprites/pokemon/other/official-artwork/10164.png,https://www.pokemon.com/us/pokedex/slowpoke,species-page,2026-04-13T11:45:21.940891-07:00,200,official_media_verified_link_generated,,pokemon.com page content is bot-protected; official page URL is attached for manual verification.
slowbro,Slowbro,80,https://assets.pokemon.com/assets/cms2/img/pokedex/full/080.png,https://raw.githubusercontent.com/PokeAPI/sprites/master/sprites/pokemon/other/official-artwork/80.png,https://raw.githubusercontent.com/PokeAPI/sprites/master/sprites/pokemon/other/home/80.png,https://raw.githubusercontent.com/PokeAPI/sprites/master/sprites/pokemon/other/official-artwork/80.png,https://www.pokemon.com/us/pokedex/slowbro,species-page,2026-04-13T11:45:21.940891-07:00,200,official_media_verified_link_generated,,pokemon.com page content is bot-protected; official page URL is attached for manual verification.
slowbro-galar,Slowbro Galar,80,https://assets.pokemon.com/assets/cms2/img/pokedex/full/080.png,https://raw.githubusercontent.com/PokeAPI/sprites/master/sprites/pokemon/other/official-artwork/10165.png,https://raw.githubusercontent.com/PokeAPI/sprites/master/sprites/pokemon/other/home/10165.png,https://raw.githubusercontent.com/PokeAPI/sprites/master/sprites/pokemon/other/official-artwork/10165.png,https://www.pokemon.com/us/pokedex/slowbro,species-page,2026-04-13T11:45:21.940891-07:00,200,official_media_verified_link_generated,,pokemon.com page content is bot-protected; official page URL is attached for manual verification.
slowbro-mega,Slowbro maleega,80,https://assets.pokemon.com/assets/cms2/img/pokedex/full/080.png,https://raw.githubusercontent.com/PokeAPI/sprites/master/sprites/pokemon/other/official-artwork/10071.png,https://raw.githubusercontent.com/PokeAPI/sprites/master/sprites/pokemon/other/home/10071.png,https://raw.githubusercontent.com/PokeAPI/sprites/master/sprites/pokemon/other/official-artwork/10071.png,https://www.pokemon.com/us/pokedex/slowbro,species-page,2026-04-13T11:45:21.940891-07:00,200,official_media_verified_link_generated,,pokemon.com page content is bot-protected; official page URL is attached for manual verification.
magnemite,Magnemite,81,https://assets.pokemon.com/assets/cms2/img/pokedex/full/081.png,https://raw.githubusercontent.com/PokeAPI/sprites/master/sprites/pokemon/other/official-artwork/81.png,https://raw.githubusercontent.com/PokeAPI/sprites/master/sprites/pokemon/other/home/81.png,https://raw.githubusercontent.com/PokeAPI/sprites/master/sprites/pokemon/other/official-artwork/81.png,https://www.pokemon.com/us/pokedex/magnemite,species-page,2026-04-13T11:45:21.940891-07:00,200,official_media_verified_link_generated,,pokemon.com page content is bot-protected; official page URL is attached for manual verification.
magneton,Magneton,82,https://assets.pokemon.com/assets/cms2/img/pokedex/full/082.png,https://raw.githubusercontent.com/PokeAPI/sprites/master/sprites/pokemon/other/official-artwork/82.png,https://raw.githubusercontent.com/PokeAPI/sprites/master/sprites/pokemon/other/home/82.png,https://raw.githubusercontent.com/PokeAPI/sprites/master/sprites/pokemon/other/official-artwork/82.png,https://www.pokemon.com/us/pokedex/magneton,species-page,2026-04-13T11:45:21.940891-07:00,200,official_media_verified_link_generated,,pokemon.com page content is bot-protected; official page URL is attached for manual verification.
farfetchd,Farfetchd,83,https://assets.pokemon.com/assets/cms2/img/pokedex/full/083.png,https://raw.githubusercontent.com/PokeAPI/sprites/master/sprites/pokemon/other/official-artwork/83.png,https://raw.githubusercontent.com/PokeAPI/sprites/master/sprites/pokemon/other/home/83.png,https://raw.githubusercontent.com/PokeAPI/sprites/master/sprites/pokemon/other/official-artwork/83.png,https://www.pokemon.com/us/pokedex/farfetchd,species-page,2026-04-13T11:45:21.940891-07:00,200,official_media_verified_link_generated,,pokemon.com page content is bot-protected; official page URL is attached for manual verification.
farfetchd-galar,Farfetchd Galar,83,https://assets.pokemon.com/assets/cms2/img/pokedex/full/083.png,https://raw.githubusercontent.com/PokeAPI/sprites/master/sprites/pokemon/other/official-artwork/10166.png,https://raw.githubusercontent.com/PokeAPI/sprites/master/sprites/pokemon/other/home/10166.png,https://raw.githubusercontent.com/PokeAPI/sprites/master/sprites/pokemon/other/official-artwork/10166.png,https://www.pokemon.com/us/pokedex/farfetchd,species-page,2026-04-13T11:45:21.940891-07:00,200,official_media_verified_link_generated,,pokemon.com page content is bot-protected; official page URL is attached for manual verification.
doduo,Doduo,84,https://assets.pokemon.com/assets/cms2/img/pokedex/full/084.png,https://raw.githubusercontent.com/PokeAPI/sprites/master/sprites/pokemon/other/official-artwork/84.png,https://raw.githubusercontent.com/PokeAPI/sprites/master/sprites/pokemon/other/home/84.png,https://raw.githubusercontent.com/PokeAPI/sprites/master/sprites/pokemon/other/official-artwork/84.png,https://www.pokemon.com/us/pokedex/doduo,species-page,2026-04-13T11:45:21.940891-07:00,200,official_media_verified_link_generated,,pokemon.com page content is bot-protected; official page URL is attached for manual verification.
dodrio,Dodrio,85,https://assets.pokemon.com/assets/cms2/img/pokedex/full/085.png,https://raw.githubusercontent.com/PokeAPI/sprites/master/sprites/pokemon/other/official-artwork/85.png,https://raw.githubusercontent.com/PokeAPI/sprites/master/sprites/pokemon/other/home/85.png,https://raw.githubusercontent.com/PokeAPI/sprites/master/sprites/pokemon/other/official-artwork/85.png,https://www.pokemon.com/us/pokedex/dodrio,species-page,2026-04-13T11:45:21.940891-07:00,200,official_media_verified_link_generated,,pokemon.com page content is bot-protected; official page URL is attached for manual verification.
seel,Seel,86,https://assets.pokemon.com/assets/cms2/img/pokedex/full/086.png,https://raw.githubusercontent.com/PokeAPI/sprites/master/sprites/pokemon/other/official-artwork/86.png,https://raw.githubusercontent.com/PokeAPI/sprites/master/sprites/pokemon/other/home/86.png,https://raw.githubusercontent.com/PokeAPI/sprites/master/sprites/pokemon/other/official-artwork/86.png,https://www.pokemon.com/us/pokedex/seel,species-page,2026-04-13T11:45:21.940891-07:00,200,official_media_verified_link_generated,,pokemon.com page content is bot-protected; official page URL is attached for manual verification.
dewgong,Dewgong,87,https://assets.pokemon.com/assets/cms2/img/pokedex/full/087.png,https://raw.githubusercontent.com/PokeAPI/sprites/master/sprites/pokemon/other/official-artwork/87.png,https://raw.githubusercontent.com/PokeAPI/sprites/master/sprites/pokemon/other/home/87.png,https://raw.githubusercontent.com/PokeAPI/sprites/master/sprites/pokemon/other/official-artwork/87.png,https://www.pokemon.com/us/pokedex/dewgong,species-page,2026-04-13T11:45:21.940891-07:00,200,official_media_verified_link_generated,,pokemon.com page content is bot-protected; official page URL is attached for manual verification.
grimer,Grimer,88,https://assets.pokemon.com/assets/cms2/img/pokedex/full/088.png,https://raw.githubusercontent.com/PokeAPI/sprites/master/sprites/pokemon/other/official-artwork/88.png,https://raw.githubusercontent.com/PokeAPI/sprites/master/sprites/pokemon/other/home/88.png,https://raw.githubusercontent.com/PokeAPI/sprites/master/sprites/pokemon/other/official-artwork/88.png,https://www.pokemon.com/us/pokedex/grimer,species-page,2026-04-13T11:45:21.940891-07:00,200,official_media_verified_link_generated,,pokemon.com page content is bot-protected; official page URL is attached for manual verification.
grimer-alola,Grimer Alola,88,https://assets.pokemon.com/assets/cms2/img/pokedex/full/088.png,https://raw.githubusercontent.com/PokeAPI/sprites/master/sprites/pokemon/other/official-artwork/10112.png,https://raw.githubusercontent.com/PokeAPI/sprites/master/sprites/pokemon/other/home/10112.png,https://raw.githubusercontent.com/PokeAPI/sprites/master/sprites/pokemon/other/official-artwork/10112.png,https://www.pokemon.com/us/pokedex/grimer,species-page,2026-04-13T11:45:21.940891-07:00,200,official_media_verified_link_generated,,pokemon.com page content is bot-protected; official page URL is attached for manual verification.
muk,Muk,89,https://assets.pokemon.com/assets/cms2/img/pokedex/full/089.png,https://raw.githubusercontent.com/PokeAPI/sprites/master/sprites/pokemon/other/official-artwork/89.png,https://raw.githubusercontent.com/PokeAPI/sprites/master/sprites/pokemon/other/home/89.png,https://raw.githubusercontent.com/PokeAPI/sprites/master/sprites/pokemon/other/official-artwork/89.png,https://www.pokemon.com/us/pokedex/muk,species-page,2026-04-13T11:45:21.940891-07:00,200,official_media_verified_link_generated,,pokemon.com page content is bot-protected; official page URL is attached for manual verification.
muk-alola,Muk Alola,89,https://assets.pokemon.com/assets/cms2/img/pokedex/full/089.png,https://raw.githubusercontent.com/PokeAPI/sprites/master/sprites/pokemon/other/official-artwork/10113.png,https://raw.githubusercontent.com/PokeAPI/sprites/master/sprites/pokemon/other/home/10113.png,https://raw.githubusercontent.com/PokeAPI/sprites/master/sprites/pokemon/other/official-artwork/10113.png,https://www.pokemon.com/us/pokedex/muk,species-page,2026-04-13T11:45:21.940891-07:00,200,official_media_verified_link_generated,,pokemon.com page content is bot-protected; official page URL is attached for manual verification.
shellder,Shellder,90,https://assets.pokemon.com/assets/cms2/img/pokedex/full/090.png,https://raw.githubusercontent.com/PokeAPI/sprites/master/sprites/pokemon/other/official-artwork/90.png,https://raw.githubusercontent.com/PokeAPI/sprites/master/sprites/pokemon/other/home/90.png,https://raw.githubusercontent.com/PokeAPI/sprites/master/sprites/pokemon/other/official-artwork/90.png,https://www.pokemon.com/us/pokedex/shellder,species-page,2026-04-13T11:45:21.940891-07:00,200,official_media_verified_link_generated,,pokemon.com page content is bot-protected; official page URL is attached for manual verification.
cloyster,Cloyster,91,https://assets.pokemon.com/assets/cms2/img/pokedex/full/091.png,https://raw.githubusercontent.com/PokeAPI/sprites/master/sprites/pokemon/other/official-artwork/91.png,https://raw.githubusercontent.com/PokeAPI/sprites/master/sprites/pokemon/other/home/91.png,https://raw.githubusercontent.com/PokeAPI/sprites/master/sprites/pokemon/other/official-artwork/91.png,https://www.pokemon.com/us/pokedex/cloyster,species-page,2026-04-13T11:45:21.940891-07:00,200,official_media_verified_link_generated,,pokemon.com page content is bot-protected; official page URL is attached for manual verification.
gastly,Gastly,92,https://assets.pokemon.com/assets/cms2/img/pokedex/full/092.png,https://raw.githubusercontent.com/PokeAPI/sprites/master/sprites/pokemon/other/official-artwork/92.png,https://raw.githubusercontent.com/PokeAPI/sprites/master/sprites/pokemon/other/home/92.png,https://raw.githubusercontent.com/PokeAPI/sprites/master/sprites/pokemon/other/official-artwork/92.png,https://www.pokemon.com/us/pokedex/gastly,species-page,2026-04-13T11:45:21.940891-07:00,200,official_media_verified_link_generated,,pokemon.com page content is bot-protected; official page URL is attached for manual verification.
haunter,Haunter,93,https://assets.pokemon.com/assets/cms2/img/pokedex/full/093.png,https://raw.githubusercontent.com/PokeAPI/sprites/master/sprites/pokemon/other/official-artwork/93.png,https://raw.githubusercontent.com/PokeAPI/sprites/master/sprites/pokemon/other/home/93.png,https://raw.githubusercontent.com/PokeAPI/sprites/master/sprites/pokemon/other/official-artwork/93.png,https://www.pokemon.com/us/pokedex/haunter,species-page,2026-04-13T11:45:21.940891-07:00,200,official_media_verified_link_generated,,pokemon.com page content is bot-protected; official page URL is attached for manual verification.
gengar,Gengar,94,https://assets.pokemon.com/assets/cms2/img/pokedex/full/094.png,https://raw.githubusercontent.com/PokeAPI/sprites/master/sprites/pokemon/other/official-artwork/94.png,https://raw.githubusercontent.com/PokeAPI/sprites/master/sprites/pokemon/other/home/94.png,https://raw.githubusercontent.com/PokeAPI/sprites/master/sprites/pokemon/other/official-artwork/94.png,https://www.pokemon.com/us/pokedex/gengar,species-page,2026-04-13T11:45:21.940891-07:00,200,official_media_verified_link_generated,,pokemon.com page content is bot-protected; official page URL is attached for manual verification.
gengar-gmax,Gengar Gmax,94,https://assets.pokemon.com/assets/cms2/img/pokedex/full/094.png,https://raw.githubusercontent.com/PokeAPI/sprites/master/sprites/pokemon/other/official-artwork/10202.png,https://raw.githubusercontent.com/PokeAPI/sprites/master/sprites/pokemon/other/home/10202.png,https://raw.githubusercontent.com/PokeAPI/sprites/master/sprites/pokemon/other/official-artwork/10202.png,https://www.pokemon.com/us/pokedex/gengar,species-page,2026-04-13T11:45:21.940891-07:00,200,official_media_verified_link_generated,,pokemon.com page content is bot-protected; official page URL is attached for manual verification.
gengar-mega,Gengar maleega,94,https://assets.pokemon.com/assets/cms2/img/pokedex/full/094.png,https://raw.githubusercontent.com/PokeAPI/sprites/master/sprites/pokemon/other/official-artwork/10038.png,https://raw.githubusercontent.com/PokeAPI/sprites/master/sprites/pokemon/other/home/10038.png,https://raw.githubusercontent.com/PokeAPI/sprites/master/sprites/pokemon/other/official-artwork/10038.png,https://www.pokemon.com/us/pokedex/gengar,species-page,2026-04-13T11:45:21.940891-07:00,200,official_media_verified_link_generated,,pokemon.com page content is bot-protected; official page URL is attached for manual verification.
onix,Onix,95,https://assets.pokemon.com/assets/cms2/img/pokedex/full/095.png,https://raw.githubusercontent.com/PokeAPI/sprites/master/sprites/pokemon/other/official-artwork/95.png,https://raw.githubusercontent.com/PokeAPI/sprites/master/sprites/pokemon/other/home/95.png,https://raw.githubusercontent.com/PokeAPI/sprites/master/sprites/pokemon/other/official-artwork/95.png,https://www.pokemon.com/us/pokedex/onix,species-page,2026-04-13T11:45:21.940891-07:00,200,official_media_verified_link_generated,,pokemon.com page content is bot-protected; official page URL is attached for manual verification.
drowzee,Drowzee,96,https://assets.pokemon.com/assets/cms2/img/pokedex/full/096.png,https://raw.githubusercontent.com/PokeAPI/sprites/master/sprites/pokemon/other/official-artwork/96.png,https://raw.githubusercontent.com/PokeAPI/sprites/master/sprites/pokemon/other/home/96.png,https://raw.githubusercontent.com/PokeAPI/sprites/master/sprites/pokemon/other/official-artwork/96.png,https://www.pokemon.com/us/pokedex/drowzee,species-page,2026-04-13T11:45:21.940891-07:00,200,official_media_verified_link_generated,,pokemon.com page content is bot-protected; official page URL is attached for manual verification.
hypno,Hypno,97,https://assets.pokemon.com/assets/cms2/img/pokedex/full/097.png,https://raw.githubusercontent.com/PokeAPI/sprites/master/sprites/pokemon/other/official-artwork/97.png,https://raw.githubusercontent.com/PokeAPI/sprites/master/sprites/pokemon/other/home/97.png,https://raw.githubusercontent.com/PokeAPI/sprites/master/sprites/pokemon/other/official-artwork/97.png,https://www.pokemon.com/us/pokedex/hypno,species-page,2026-04-13T11:45:21.940891-07:00,200,official_media_verified_link_generated,,pokemon.com page content is bot-protected; official page URL is attached for manual verification.
krabby,Krabby,98,https://assets.pokemon.com/assets/cms2/img/pokedex/full/098.png,https://raw.githubusercontent.com/PokeAPI/sprites/master/sprites/pokemon/other/official-artwork/98.png,https://raw.githubusercontent.com/PokeAPI/sprites/master/sprites/pokemon/other/home/98.png,https://raw.githubusercontent.com/PokeAPI/sprites/master/sprites/pokemon/other/official-artwork/98.png,https://www.pokemon.com/us/pokedex/krabby,species-page,2026-04-13T11:45:21.940891-07:00,200,official_media_verified_link_generated,,pokemon.com page content is bot-protected; official page URL is attached for manual verification.
kingler,Kingler,99,https://assets.pokemon.com/assets/cms2/img/pokedex/full/099.png,https://raw.githubusercontent.com/PokeAPI/sprites/master/sprites/pokemon/other/official-artwork/99.png,https://raw.githubusercontent.com/PokeAPI/sprites/master/sprites/pokemon/other/home/99.png,https://raw.githubusercontent.com/PokeAPI/sprites/master/sprites/pokemon/other/official-artwork/99.png,https://www.pokemon.com/us/pokedex/kingler,species-page,2026-04-13T11:45:21.940891-07:00,200,official_media_verified_link_generated,,pokemon.com page content is bot-protected; official page URL is attached for manual verification.
kingler-gmax,Kingler Gmax,99,https://assets.pokemon.com/assets/cms2/img/pokedex/full/099.png,https://raw.githubusercontent.com/PokeAPI/sprites/master/sprites/pokemon/other/official-artwork/10203.png,https://raw.githubusercontent.com/PokeAPI/sprites/master/sprites/pokemon/other/home/10203.png,https://raw.githubusercontent.com/PokeAPI/sprites/master/sprites/pokemon/other/official-artwork/10203.png,https://www.pokemon.com/us/pokedex/kingler,species-page,2026-04-13T11:45:21.940891-07:00,200,official_media_verified_link_generated,,pokemon.com page content is bot-protected; official page URL is attached for manual verification.
voltorb,Voltorb,100,https://assets.pokemon.com/assets/cms2/img/pokedex/full/100.png,https://raw.githubusercontent.com/PokeAPI/sprites/master/sprites/pokemon/other/official-artwork/100.png,https://raw.githubusercontent.com/PokeAPI/sprites/master/sprites/pokemon/other/home/100.png,https://raw.githubusercontent.com/PokeAPI/sprites/master/sprites/pokemon/other/official-artwork/100.png,https://www.pokemon.com/us/pokedex/voltorb,species-page,2026-04-13T11:45:21.940891-07:00,200,official_media_verified_link_generated,,pokemon.com page content is bot-protected; official page URL is attached for manual verification.
voltorb-hisui,Voltorb Hisui,100,https://assets.pokemon.com/assets/cms2/img/pokedex/full/100.png,https://raw.githubusercontent.com/PokeAPI/sprites/master/sprites/pokemon/other/official-artwork/10231.png,https://raw.githubusercontent.com/PokeAPI/sprites/master/sprites/pokemon/other/home/10231.png,https://raw.githubusercontent.com/PokeAPI/sprites/master/sprites/pokemon/other/official-artwork/10231.png,https://www.pokemon.com/us/pokedex/voltorb,species-page,2026-04-13T11:45:21.940891-07:00,200,official_media_verified_link_generated,,pokemon.com page content is bot-protected; official page URL is attached for manual verification.
electrode,Electrode,101,https://assets.pokemon.com/assets/cms2/img/pokedex/full/101.png,https://raw.githubusercontent.com/PokeAPI/sprites/master/sprites/pokemon/other/official-artwork/101.png,https://raw.githubusercontent.com/PokeAPI/sprites/master/sprites/pokemon/other/home/101.png,https://raw.githubusercontent.com/PokeAPI/sprites/master/sprites/pokemon/other/official-artwork/101.png,https://www.pokemon.com/us/pokedex/electrode,species-page,2026-04-13T11:45:21.940891-07:00,200,official_media_verified_link_generated,,pokemon.com page content is bot-protected; official page URL is attached for manual verification.
electrode-hisui,Electrode Hisui,101,https://assets.pokemon.com/assets/cms2/img/pokedex/full/101.png,https://raw.githubusercontent.com/PokeAPI/sprites/master/sprites/pokemon/other/official-artwork/10232.png,https://raw.githubusercontent.com/PokeAPI/sprites/master/sprites/pokemon/other/home/10232.png,https://raw.githubusercontent.com/PokeAPI/sprites/master/sprites/pokemon/other/official-artwork/10232.png,https://www.pokemon.com/us/pokedex/electrode,species-page,2026-04-13T11:45:21.940891-07:00,200,official_media_verified_link_generated,,pokemon.com page content is bot-protected; official page URL is attached for manual verification.
exeggcute,Exeggcute,102,https://assets.pokemon.com/assets/cms2/img/pokedex/full/102.png,https://raw.githubusercontent.com/PokeAPI/sprites/master/sprites/pokemon/other/official-artwork/102.png,https://raw.githubusercontent.com/PokeAPI/sprites/master/sprites/pokemon/other/home/102.png,https://raw.githubusercontent.com/PokeAPI/sprites/master/sprites/pokemon/other/official-artwork/102.png,https://www.pokemon.com/us/pokedex/exeggcute,species-page,2026-04-13T11:45:21.940891-07:00,200,official_media_verified_link_generated,,pokemon.com page content is bot-protected; official page URL is attached for manual verification.
exeggutor,Exeggutor,103,https://assets.pokemon.com/assets/cms2/img/pokedex/full/103.png,https://raw.githubusercontent.com/PokeAPI/sprites/master/sprites/pokemon/other/official-artwork/103.png,https://raw.githubusercontent.com/PokeAPI/sprites/master/sprites/pokemon/other/home/103.png,https://raw.githubusercontent.com/PokeAPI/sprites/master/sprites/pokemon/other/official-artwork/103.png,https://www.pokemon.com/us/pokedex/exeggutor,species-page,2026-04-13T11:45:21.940891-07:00,200,official_media_verified_link_generated,,pokemon.com page content is bot-protected; official page URL is attached for manual verification.
exeggutor-alola,Exeggutor Alola,103,https://assets.pokemon.com/assets/cms2/img/pokedex/full/103.png,https://raw.githubusercontent.com/PokeAPI/sprites/master/sprites/pokemon/other/official-artwork/10114.png,https://raw.githubusercontent.com/PokeAPI/sprites/master/sprites/pokemon/other/home/10114.png,https://raw.githubusercontent.com/PokeAPI/sprites/master/sprites/pokemon/other/official-artwork/10114.png,https://www.pokemon.com/us/pokedex/exeggutor,species-page,2026-04-13T11:45:21.940891-07:00,200,official_media_verified_link_generated,,pokemon.com page content is bot-protected; official page URL is attached for manual verification.
cubone,Cubone,104,https://assets.pokemon.com/assets/cms2/img/pokedex/full/104.png,https://raw.githubusercontent.com/PokeAPI/sprites/master/sprites/pokemon/other/official-artwork/104.png,https://raw.githubusercontent.com/PokeAPI/sprites/master/sprites/pokemon/other/home/104.png,https://raw.githubusercontent.com/PokeAPI/sprites/master/sprites/pokemon/other/official-artwork/104.png,https://www.pokemon.com/us/pokedex/cubone,species-page,2026-04-13T11:45:21.940891-07:00,200,official_media_verified_link_generated,,pokemon.com page content is bot-protected; official page URL is attached for manual verification.
marowak,Marowak,105,https://assets.pokemon.com/assets/cms2/img/pokedex/full/105.png,https://raw.githubusercontent.com/PokeAPI/sprites/master/sprites/pokemon/other/official-artwork/105.png,https://raw.githubusercontent.com/PokeAPI/sprites/master/sprites/pokemon/other/home/105.png,https://raw.githubusercontent.com/PokeAPI/sprites/master/sprites/pokemon/other/official-artwork/105.png,https://www.pokemon.com/us/pokedex/marowak,species-page,2026-04-13T11:45:21.940891-07:00,200,official_media_verified_link_generated,,pokemon.com page content is bot-protected; official page URL is attached for manual verification.
marowak-alola,Marowak Alola,105,https://assets.pokemon.com/assets/cms2/img/pokedex/full/105.png,https://raw.githubusercontent.com/PokeAPI/sprites/master/sprites/pokemon/other/official-artwork/10115.png,https://raw.githubusercontent.com/PokeAPI/sprites/master/sprites/pokemon/other/home/10115.png,https://raw.githubusercontent.com/PokeAPI/sprites/master/sprites/pokemon/other/official-artwork/10115.png,https://www.pokemon.com/us/pokedex/marowak,species-page,2026-04-13T11:45:21.940891-07:00,200,official_media_verified_link_generated,,pokemon.com page content is bot-protected; official page URL is attached for manual verification.
marowak-totem,Marowak Totem,105,https://assets.pokemon.com/assets/cms2/img/pokedex/full/105.png,https://raw.githubusercontent.com/PokeAPI/sprites/master/sprites/pokemon/other/official-artwork/10149.png,https://raw.githubusercontent.com/PokeAPI/sprites/master/sprites/pokemon/other/home/10149.png,https://raw.githubusercontent.com/PokeAPI/sprites/master/sprites/pokemon/other/official-artwork/10149.png,https://www.pokemon.com/us/pokedex/marowak,species-page,2026-04-13T11:45:21.940891-07:00,200,official_media_verified_link_generated,,pokemon.com page content is bot-protected; official page URL is attached for manual verification.
hitmonlee,Hitmonlee,106,https://assets.pokemon.com/assets/cms2/img/pokedex/full/106.png,https://raw.githubusercontent.com/PokeAPI/sprites/master/sprites/pokemon/other/official-artwork/106.png,https://raw.githubusercontent.com/PokeAPI/sprites/master/sprites/pokemon/other/home/106.png,https://raw.githubusercontent.com/PokeAPI/sprites/master/sprites/pokemon/other/official-artwork/106.png,https://www.pokemon.com/us/pokedex/hitmonlee,species-page,2026-04-13T11:45:21.940891-07:00,200,official_media_verified_link_generated,,pokemon.com page content is bot-protected; official page URL is attached for manual verification.
hitmonchan,Hitmonchan,107,https://assets.pokemon.com/assets/cms2/img/pokedex/full/107.png,https://raw.githubusercontent.com/PokeAPI/sprites/master/sprites/pokemon/other/official-artwork/107.png,https://raw.githubusercontent.com/PokeAPI/sprites/master/sprites/pokemon/other/home/107.png,https://raw.githubusercontent.com/PokeAPI/sprites/master/sprites/pokemon/other/official-artwork/107.png,https://www.pokemon.com/us/pokedex/hitmonchan,species-page,2026-04-13T11:45:21.940891-07:00,200,official_media_verified_link_generated,,pokemon.com page content is bot-protected; official page URL is attached for manual verification.
lickitung,Lickitung,108,https://assets.pokemon.com/assets/cms2/img/pokedex/full/108.png,https://raw.githubusercontent.com/PokeAPI/sprites/master/sprites/pokemon/other/official-artwork/108.png,https://raw.githubusercontent.com/PokeAPI/sprites/master/sprites/pokemon/other/home/108.png,https://raw.githubusercontent.com/PokeAPI/sprites/master/sprites/pokemon/other/official-artwork/108.png,https://www.pokemon.com/us/pokedex/lickitung,species-page,2026-04-13T11:45:21.940891-07:00,200,official_media_verified_link_generated,,pokemon.com page content is bot-protected; official page URL is attached for manual verification.
koffing,Koffing,109,https://assets.pokemon.com/assets/cms2/img/pokedex/full/109.png,https://raw.githubusercontent.com/PokeAPI/sprites/master/sprites/pokemon/other/official-artwork/109.png,https://raw.githubusercontent.com/PokeAPI/sprites/master/sprites/pokemon/other/home/109.png,https://raw.githubusercontent.com/PokeAPI/sprites/master/sprites/pokemon/other/official-artwork/109.png,https://www.pokemon.com/us/pokedex/koffing,species-page,2026-04-13T11:45:21.940891-07:00,200,official_media_verified_link_generated,,pokemon.com page content is bot-protected; official page URL is attached for manual verification.
weezing,Weezing,110,https://assets.pokemon.com/assets/cms2/img/pokedex/full/110.png,https://raw.githubusercontent.com/PokeAPI/sprites/master/sprites/pokemon/other/official-artwork/110.png,https://raw.githubusercontent.com/PokeAPI/sprites/master/sprites/pokemon/other/home/110.png,https://raw.githubusercontent.com/PokeAPI/sprites/master/sprites/pokemon/other/official-artwork/110.png,https://www.pokemon.com/us/pokedex/weezing,species-page,2026-04-13T11:45:21.940891-07:00,200,official_media_verified_link_generated,,pokemon.com page content is bot-protected; official page URL is attached for manual verification.
weezing-galar,Weezing Galar,110,https://assets.pokemon.com/assets/cms2/img/pokedex/full/110.png,https://raw.githubusercontent.com/PokeAPI/sprites/master/sprites/pokemon/other/official-artwork/10167.png,https://raw.githubusercontent.com/PokeAPI/sprites/master/sprites/pokemon/other/home/10167.png,https://raw.githubusercontent.com/PokeAPI/sprites/master/sprites/pokemon/other/official-artwork/10167.png,https://www.pokemon.com/us/pokedex/weezing,species-page,2026-04-13T11:45:21.940891-07:00,200,official_media_verified_link_generated,,pokemon.com page content is bot-protected; official page URL is attached for manual verification.
rhyhorn,Rhyhorn,111,https://assets.pokemon.com/assets/cms2/img/pokedex/full/111.png,https://raw.githubusercontent.com/PokeAPI/sprites/master/sprites/pokemon/other/official-artwork/111.png,https://raw.githubusercontent.com/PokeAPI/sprites/master/sprites/pokemon/other/home/111.png,https://raw.githubusercontent.com/PokeAPI/sprites/master/sprites/pokemon/other/official-artwork/111.png,https://www.pokemon.com/us/pokedex/rhyhorn,species-page,2026-04-13T11:45:21.940891-07:00,200,official_media_verified_link_generated,,pokemon.com page content is bot-protected; official page URL is attached for manual verification.
rhydon,Rhydon,112,https://assets.pokemon.com/assets/cms2/img/pokedex/full/112.png,https://raw.githubusercontent.com/PokeAPI/sprites/master/sprites/pokemon/other/official-artwork/112.png,https://raw.githubusercontent.com/PokeAPI/sprites/master/sprites/pokemon/other/home/112.png,https://raw.githubusercontent.com/PokeAPI/sprites/master/sprites/pokemon/other/official-artwork/112.png,https://www.pokemon.com/us/pokedex/rhydon,species-page,2026-04-13T11:45:21.940891-07:00,200,official_media_verified_link_generated,,pokemon.com page content is bot-protected; official page URL is attached for manual verification.
chansey,Chansey,113,https://assets.pokemon.com/assets/cms2/img/pokedex/full/113.png,https://raw.githubusercontent.com/PokeAPI/sprites/master/sprites/pokemon/other/official-artwork/113.png,https://raw.githubusercontent.com/PokeAPI/sprites/master/sprites/pokemon/other/home/113.png,https://raw.githubusercontent.com/PokeAPI/sprites/master/sprites/pokemon/other/official-artwork/113.png,https://www.pokemon.com/us/pokedex/chansey,species-page,2026-04-13T11:45:21.940891-07:00,200,official_media_verified_link_generated,,pokemon.com page content is bot-protected; official page URL is attached for manual verification.
tangela,Tangela,114,https://assets.pokemon.com/assets/cms2/img/pokedex/full/114.png,https://raw.githubusercontent.com/PokeAPI/sprites/master/sprites/pokemon/other/official-artwork/114.png,https://raw.githubusercontent.com/PokeAPI/sprites/master/sprites/pokemon/other/home/114.png,https://raw.githubusercontent.com/PokeAPI/sprites/master/sprites/pokemon/other/official-artwork/114.png,https://www.pokemon.com/us/pokedex/tangela,species-page,2026-04-13T11:45:21.940891-07:00,200,official_media_verified_link_generated,,pokemon.com page content is bot-protected; official page URL is attached for manual verification.
kangaskhan,Kangaskhan,115,https://assets.pokemon.com/assets/cms2/img/pokedex/full/115.png,https://raw.githubusercontent.com/PokeAPI/sprites/master/sprites/pokemon/other/official-artwork/115.png,https://raw.githubusercontent.com/PokeAPI/sprites/master/sprites/pokemon/other/home/115.png,https://raw.githubusercontent.com/PokeAPI/sprites/master/sprites/pokemon/other/official-artwork/115.png,https://www.pokemon.com/us/pokedex/kangaskhan,species-page,2026-04-13T11:45:21.940891-07:00,200,official_media_verified_link_generated,,pokemon.com page content is bot-protected; official page URL is attached for manual verification.
kangaskhan-mega,Kangaskhan maleega,115,https://assets.pokemon.com/assets/cms2/img/pokedex/full/115.png,https://raw.githubusercontent.com/PokeAPI/sprites/master/sprites/pokemon/other/official-artwork/10039.png,https://raw.githubusercontent.com/PokeAPI/sprites/master/sprites/pokemon/other/home/10039.png,https://raw.githubusercontent.com/PokeAPI/sprites/master/sprites/pokemon/other/official-artwork/10039.png,https://www.pokemon.com/us/pokedex/kangaskhan,species-page,2026-04-13T11:45:21.940891-07:00,200,official_media_verified_link_generated,,pokemon.com page content is bot-protected; official page URL is attached for manual verification.
horsea,Horsea,116,https://assets.pokemon.com/assets/cms2/img/pokedex/full/116.png,https://raw.githubusercontent.com/PokeAPI/sprites/master/sprites/pokemon/other/official-artwork/116.png,https://raw.githubusercontent.com/PokeAPI/sprites/master/sprites/pokemon/other/home/116.png,https://raw.githubusercontent.com/PokeAPI/sprites/master/sprites/pokemon/other/official-artwork/116.png,https://www.pokemon.com/us/pokedex/horsea,species-page,2026-04-13T11:45:21.940891-07:00,200,official_media_verified_link_generated,,pokemon.com page content is bot-protected; official page URL is attached for manual verification.
seadra,Seadra,117,https://assets.pokemon.com/assets/cms2/img/pokedex/full/117.png,https://raw.githubusercontent.com/PokeAPI/sprites/master/sprites/pokemon/other/official-artwork/117.png,https://raw.githubusercontent.com/PokeAPI/sprites/master/sprites/pokemon/other/home/117.png,https://raw.githubusercontent.com/PokeAPI/sprites/master/sprites/pokemon/other/official-artwork/117.png,https://www.pokemon.com/us/pokedex/seadra,species-page,2026-04-13T11:45:21.940891-07:00,200,official_media_verified_link_generated,,pokemon.com page content is bot-protected; official page URL is attached for manual verification.
goldeen,Goldeen,118,https://assets.pokemon.com/assets/cms2/img/pokedex/full/118.png,https://raw.githubusercontent.com/PokeAPI/sprites/master/sprites/pokemon/other/official-artwork/118.png,https://raw.githubusercontent.com/PokeAPI/sprites/master/sprites/pokemon/other/home/118.png,https://raw.githubusercontent.com/PokeAPI/sprites/master/sprites/pokemon/other/official-artwork/118.png,https://www.pokemon.com/us/pokedex/goldeen,species-page,2026-04-13T11:45:21.940891-07:00,200,official_media_verified_link_generated,,pokemon.com page content is bot-protected; official page URL is attached for manual verification.
seaking,Seaking,119,https://assets.pokemon.com/assets/cms2/img/pokedex/full/119.png,https://raw.githubusercontent.com/PokeAPI/sprites/master/sprites/pokemon/other/official-artwork/119.png,https://raw.githubusercontent.com/PokeAPI/sprites/master/sprites/pokemon/other/home/119.png,https://raw.githubusercontent.com/PokeAPI/sprites/master/sprites/pokemon/other/official-artwork/119.png,https://www.pokemon.com/us/pokedex/seaking,species-page,2026-04-13T11:45:21.940891-07:00,200,official_media_verified_link_generated,,pokemon.com page content is bot-protected; official page URL is attached for manual verification.
staryu,Staryu,120,https://assets.pokemon.com/assets/cms2/img/pokedex/full/120.png,https://raw.githubusercontent.com/PokeAPI/sprites/master/sprites/pokemon/other/official-artwork/120.png,https://raw.githubusercontent.com/PokeAPI/sprites/master/sprites/pokemon/other/home/120.png,https://raw.githubusercontent.com/PokeAPI/sprites/master/sprites/pokemon/other/official-artwork/120.png,https://www.pokemon.com/us/pokedex/staryu,species-page,2026-04-13T11:45:21.940891-07:00,200,official_media_verified_link_generated,,pokemon.com page content is bot-protected; official page URL is attached for manual verification.
starmie,Starmie,121,https://assets.pokemon.com/assets/cms2/img/pokedex/full/121.png,https://raw.githubusercontent.com/PokeAPI/sprites/master/sprites/pokemon/other/official-artwork/121.png,https://raw.githubusercontent.com/PokeAPI/sprites/master/sprites/pokemon/other/home/121.png,https://raw.githubusercontent.com/PokeAPI/sprites/master/sprites/pokemon/other/official-artwork/121.png,https://www.pokemon.com/us/pokedex/starmie,species-page,2026-04-13T11:45:21.940891-07:00,200,official_media_verified_link_generated,,pokemon.com page content is bot-protected; official page URL is attached for manual verification.
starmie-mega,Starmie maleega,121,https://assets.pokemon.com/assets/cms2/img/pokedex/full/121.png,https://raw.githubusercontent.com/PokeAPI/sprites/master/sprites/pokemon/other/official-artwork/10280.png,https://raw.githubusercontent.com/PokeAPI/sprites/master/sprites/pokemon/other/official-artwork/10280.png,https://raw.githubusercontent.com/PokeAPI/sprites/master/sprites/pokemon/other/official-artwork/10280.png,https://www.pokemon.com/us/pokedex/starmie,species-page,2026-04-13T11:45:21.940891-07:00,200,official_media_verified_link_generated,,pokemon.com page content is bot-protected; official page URL is attached for manual verification.
mr-mime,Mr maleime,122,https://assets.pokemon.com/assets/cms2/img/pokedex/full/122.png,https://raw.githubusercontent.com/PokeAPI/sprites/master/sprites/pokemon/other/official-artwork/122.png,https://raw.githubusercontent.com/PokeAPI/sprites/master/sprites/pokemon/other/home/122.png,https://raw.githubusercontent.com/PokeAPI/sprites/master/sprites/pokemon/other/official-artwork/122.png,https://www.pokemon.com/us/pokedex/mr-mime,species-page,2026-04-13T11:45:21.940891-07:00,200,official_media_verified_link_generated,,pokemon.com page content is bot-protected; official page URL is attached for manual verification.
mr-mime-galar,Mr maleime Galar,122,https://assets.pokemon.com/assets/cms2/img/pokedex/full/122.png,https://raw.githubusercontent.com/PokeAPI/sprites/master/sprites/pokemon/other/official-artwork/10168.png,https://raw.githubusercontent.com/PokeAPI/sprites/master/sprites/pokemon/other/home/10168.png,https://raw.githubusercontent.com/PokeAPI/sprites/master/sprites/pokemon/other/official-artwork/10168.png,https://www.pokemon.com/us/pokedex/mr-mime,species-page,2026-04-13T11:45:21.940891-07:00,200,official_media_verified_link_generated,,pokemon.com page content is bot-protected; official page URL is attached for manual verification.
scyther,Scyther,123,https://assets.pokemon.com/assets/cms2/img/pokedex/full/123.png,https://raw.githubusercontent.com/PokeAPI/sprites/master/sprites/pokemon/other/official-artwork/123.png,https://raw.githubusercontent.com/PokeAPI/sprites/master/sprites/pokemon/other/home/123.png,https://raw.githubusercontent.com/PokeAPI/sprites/master/sprites/pokemon/other/official-artwork/123.png,https://www.pokemon.com/us/pokedex/scyther,species-page,2026-04-13T11:45:21.940891-07:00,200,official_media_verified_link_generated,,pokemon.com page content is bot-protected; official page URL is attached for manual verification.
jynx,Jynx,124,https://assets.pokemon.com/assets/cms2/img/pokedex/full/124.png,https://raw.githubusercontent.com/PokeAPI/sprites/master/sprites/pokemon/other/official-artwork/124.png,https://raw.githubusercontent.com/PokeAPI/sprites/master/sprites/pokemon/other/home/124.png,https://raw.githubusercontent.com/PokeAPI/sprites/master/sprites/pokemon/other/official-artwork/124.png,https://www.pokemon.com/us/pokedex/jynx,species-page,2026-04-13T11:45:21.940891-07:00,200,official_media_verified_link_generated,,pokemon.com page content is bot-protected; official page URL is attached for manual verification.
electabuzz,Electabuzz,125,https://assets.pokemon.com/assets/cms2/img/pokedex/full/125.png,https://raw.githubusercontent.com/PokeAPI/sprites/master/sprites/pokemon/other/official-artwork/125.png,https://raw.githubusercontent.com/PokeAPI/sprites/master/sprites/pokemon/other/home/125.png,https://raw.githubusercontent.com/PokeAPI/sprites/master/sprites/pokemon/other/official-artwork/125.png,https://www.pokemon.com/us/pokedex/electabuzz,species-page,2026-04-13T11:45:21.940891-07:00,200,official_media_verified_link_generated,,pokemon.com page content is bot-protected; official page URL is attached for manual verification.
magmar,Magmar,126,https://assets.pokemon.com/assets/cms2/img/pokedex/full/126.png,https://raw.githubusercontent.com/PokeAPI/sprites/master/sprites/pokemon/other/official-artwork/126.png,https://raw.githubusercontent.com/PokeAPI/sprites/master/sprites/pokemon/other/home/126.png,https://raw.githubusercontent.com/PokeAPI/sprites/master/sprites/pokemon/other/official-artwork/126.png,https://www.pokemon.com/us/pokedex/magmar,species-page,2026-04-13T11:45:21.940891-07:00,200,official_media_verified_link_generated,,pokemon.com page content is bot-protected; official page URL is attached for manual verification.
pinsir,Pinsir,127,https://assets.pokemon.com/assets/cms2/img/pokedex/full/127.png,https://raw.githubusercontent.com/PokeAPI/sprites/master/sprites/pokemon/other/official-artwork/127.png,https://raw.githubusercontent.com/PokeAPI/sprites/master/sprites/pokemon/other/home/127.png,https://raw.githubusercontent.com/PokeAPI/sprites/master/sprites/pokemon/other/official-artwork/127.png,https://www.pokemon.com/us/pokedex/pinsir,species-page,2026-04-13T11:45:21.940891-07:00,200,official_media_verified_link_generated,,pokemon.com page content is bot-protected; official page URL is attached for manual verification.
pinsir-mega,Pinsir maleega,127,https://assets.pokemon.com/assets/cms2/img/pokedex/full/127.png,https://raw.githubusercontent.com/PokeAPI/sprites/master/sprites/pokemon/other/official-artwork/10040.png,https://raw.githubusercontent.com/PokeAPI/sprites/master/sprites/pokemon/other/home/10040.png,https://raw.githubusercontent.com/PokeAPI/sprites/master/sprites/pokemon/other/official-artwork/10040.png,https://www.pokemon.com/us/pokedex/pinsir,species-page,2026-04-13T11:45:21.940891-07:00,200,official_media_verified_link_generated,,pokemon.com page content is bot-protected; official page URL is attached for manual verification.
tauros,Tauros,128,https://assets.pokemon.com/assets/cms2/img/pokedex/full/128.png,https://raw.githubusercontent.com/PokeAPI/sprites/master/sprites/pokemon/other/official-artwork/128.png,https://raw.githubusercontent.com/PokeAPI/sprites/master/sprites/pokemon/other/home/128.png,https://raw.githubusercontent.com/PokeAPI/sprites/master/sprites/pokemon/other/official-artwork/128.png,https://www.pokemon.com/us/pokedex/tauros,species-page,2026-04-13T11:45:21.940891-07:00,200,official_media_verified_link_generated,,pokemon.com page content is bot-protected; official page URL is attached for manual verification.
tauros-paldea-aqua-breed,Tauros Paldea Aqua Breed,128,https://assets.pokemon.com/assets/cms2/img/pokedex/full/128.png,https://raw.githubusercontent.com/PokeAPI/sprites/master/sprites/pokemon/other/official-artwork/10252.png,https://raw.githubusercontent.com/PokeAPI/sprites/master/sprites/pokemon/other/home/10252.png,https://raw.githubusercontent.com/PokeAPI/sprites/master/sprites/pokemon/other/official-artwork/10252.png,https://www.pokemon.com/us/pokedex/tauros,species-page,2026-04-13T11:45:21.940891-07:00,200,official_media_verified_link_generated,,pokemon.com page content is bot-protected; official page URL is attached for manual verification.
tauros-paldea-blaze-breed,Tauros Paldea Blaze Breed,128,https://assets.pokemon.com/assets/cms2/img/pokedex/full/128.png,https://raw.githubusercontent.com/PokeAPI/sprites/master/sprites/pokemon/other/official-artwork/10251.png,https://raw.githubusercontent.com/PokeAPI/sprites/master/sprites/pokemon/other/home/10251.png,https://raw.githubusercontent.com/PokeAPI/sprites/master/sprites/pokemon/other/official-artwork/10251.png,https://www.pokemon.com/us/pokedex/tauros,species-page,2026-04-13T11:45:21.940891-07:00,200,official_media_verified_link_generated,,pokemon.com page content is bot-protected; official page URL is attached for manual verification.
tauros-paldea-combat-breed,Tauros Paldea Combat Breed,128,https://assets.pokemon.com/assets/cms2/img/pokedex/full/128.png,https://raw.githubusercontent.com/PokeAPI/sprites/master/sprites/pokemon/other/official-artwork/10250.png,https://raw.githubusercontent.com/PokeAPI/sprites/master/sprites/pokemon/other/home/10250.png,https://raw.githubusercontent.com/PokeAPI/sprites/master/sprites/pokemon/other/official-artwork/10250.png,https://www.pokemon.com/us/pokedex/tauros,species-page,2026-04-13T11:45:21.940891-07:00,200,official_media_verified_link_generated,,pokemon.com page content is bot-protected; official page URL is attached for manual verification.
magikarp,Magikarp,129,https://assets.pokemon.com/assets/cms2/img/pokedex/full/129.png,https://raw.githubusercontent.com/PokeAPI/sprites/master/sprites/pokemon/other/official-artwork/129.png,https://raw.githubusercontent.com/PokeAPI/sprites/master/sprites/pokemon/other/home/129.png,https://raw.githubusercontent.com/PokeAPI/sprites/master/sprites/pokemon/other/official-artwork/129.png,https://www.pokemon.com/us/pokedex/magikarp,species-page,2026-04-13T11:45:21.940891-07:00,200,official_media_verified_link_generated,,pokemon.com page content is bot-protected; official page URL is attached for manual verification.
gyarados,Gyarados,130,https://assets.pokemon.com/assets/cms2/img/pokedex/full/130.png,https://raw.githubusercontent.com/PokeAPI/sprites/master/sprites/pokemon/other/official-artwork/130.png,https://raw.githubusercontent.com/PokeAPI/sprites/master/sprites/pokemon/other/home/130.png,https://raw.githubusercontent.com/PokeAPI/sprites/master/sprites/pokemon/other/official-artwork/130.png,https://www.pokemon.com/us/pokedex/gyarados,species-page,2026-04-13T11:45:21.940891-07:00,200,official_media_verified_link_generated,,pokemon.com page content is bot-protected; official page URL is attached for manual verification.
gyarados-mega,Gyarados maleega,130,https://assets.pokemon.com/assets/cms2/img/pokedex/full/130.png,https://raw.githubusercontent.com/PokeAPI/sprites/master/sprites/pokemon/other/official-artwork/10041.png,https://raw.githubusercontent.com/PokeAPI/sprites/master/sprites/pokemon/other/home/10041.png,https://raw.githubusercontent.com/PokeAPI/sprites/master/sprites/pokemon/other/official-artwork/10041.png,https://www.pokemon.com/us/pokedex/gyarados,species-page,2026-04-13T11:45:21.940891-07:00,200,official_media_verified_link_generated,,pokemon.com page content is bot-protected; official page URL is attached for manual verification.
lapras,Lapras,131,https://assets.pokemon.com/assets/cms2/img/pokedex/full/131.png,https://raw.githubusercontent.com/PokeAPI/sprites/master/sprites/pokemon/other/official-artwork/131.png,https://raw.githubusercontent.com/PokeAPI/sprites/master/sprites/pokemon/other/home/131.png,https://raw.githubusercontent.com/PokeAPI/sprites/master/sprites/pokemon/other/official-artwork/131.png,https://www.pokemon.com/us/pokedex/lapras,species-page,2026-04-13T11:45:21.940891-07:00,200,official_media_verified_link_generated,,pokemon.com page content is bot-protected; official page URL is attached for manual verification.
lapras-gmax,Lapras Gmax,131,https://assets.pokemon.com/assets/cms2/img/pokedex/full/131.png,https://raw.githubusercontent.com/PokeAPI/sprites/master/sprites/pokemon/other/official-artwork/10204.png,https://raw.githubusercontent.com/PokeAPI/sprites/master/sprites/pokemon/other/home/10204.png,https://raw.githubusercontent.com/PokeAPI/sprites/master/sprites/pokemon/other/official-artwork/10204.png,https://www.pokemon.com/us/pokedex/lapras,species-page,2026-04-13T11:45:21.940891-07:00,200,official_media_verified_link_generated,,pokemon.com page content is bot-protected; official page URL is attached for manual verification.
ditto,Ditto,132,https://assets.pokemon.com/assets/cms2/img/pokedex/full/132.png,https://raw.githubusercontent.com/PokeAPI/sprites/master/sprites/pokemon/other/official-artwork/132.png,https://raw.githubusercontent.com/PokeAPI/sprites/master/sprites/pokemon/other/home/132.png,https://raw.githubusercontent.com/PokeAPI/sprites/master/sprites/pokemon/other/official-artwork/132.png,https://www.pokemon.com/us/pokedex/ditto,species-page,2026-04-13T11:45:21.940891-07:00,200,official_media_verified_link_generated,,pokemon.com page content is bot-protected; official page URL is attached for manual verification.
eevee,Eevee,133,https://assets.pokemon.com/assets/cms2/img/pokedex/full/133.png,https://raw.githubusercontent.com/PokeAPI/sprites/master/sprites/pokemon/other/official-artwork/133.png,https://raw.githubusercontent.com/PokeAPI/sprites/master/sprites/pokemon/other/home/133.png,https://raw.githubusercontent.com/PokeAPI/sprites/master/sprites/pokemon/other/official-artwork/133.png,https://www.pokemon.com/us/pokedex/eevee,species-page,2026-04-13T11:45:21.940891-07:00,200,official_media_verified_link_generated,,pokemon.com page content is bot-protected; official page URL is attached for manual verification.
eevee-gmax,Eevee Gmax,133,https://assets.pokemon.com/assets/cms2/img/pokedex/full/133.png,https://raw.githubusercontent.com/PokeAPI/sprites/master/sprites/pokemon/other/official-artwork/10205.png,https://raw.githubusercontent.com/PokeAPI/sprites/master/sprites/pokemon/other/home/10205.png,https://raw.githubusercontent.com/PokeAPI/sprites/master/sprites/pokemon/other/official-artwork/10205.png,https://www.pokemon.com/us/pokedex/eevee,species-page,2026-04-13T11:45:21.940891-07:00,200,official_media_verified_link_generated,,pokemon.com page content is bot-protected; official page URL is attached for manual verification.
eevee-starter,Eevee Starter,133,https://assets.pokemon.com/assets/cms2/img/pokedex/full/133.png,https://raw.githubusercontent.com/PokeAPI/sprites/master/sprites/pokemon/other/official-artwork/10159.png,https://raw.githubusercontent.com/PokeAPI/sprites/master/sprites/pokemon/other/official-artwork/10159.png,https://raw.githubusercontent.com/PokeAPI/sprites/master/sprites/pokemon/other/official-artwork/10159.png,https://www.pokemon.com/us/pokedex/eevee,species-page,2026-04-13T11:45:21.940891-07:00,200,official_media_verified_link_generated,,pokemon.com page content is bot-protected; official page URL is attached for manual verification.
vaporeon,Vaporeon,134,https://assets.pokemon.com/assets/cms2/img/pokedex/full/134.png,https://raw.githubusercontent.com/PokeAPI/sprites/master/sprites/pokemon/other/official-artwork/134.png,https://raw.githubusercontent.com/PokeAPI/sprites/master/sprites/pokemon/other/home/134.png,https://raw.githubusercontent.com/PokeAPI/sprites/master/sprites/pokemon/other/official-artwork/134.png,https://www.pokemon.com/us/pokedex/vaporeon,species-page,2026-04-13T11:45:21.940891-07:00,200,official_media_verified_link_generated,,pokemon.com page content is bot-protected; official page URL is attached for manual verification.
jolteon,Jolteon,135,https://assets.pokemon.com/assets/cms2/img/pokedex/full/135.png,https://raw.githubusercontent.com/PokeAPI/sprites/master/sprites/pokemon/other/official-artwork/135.png,https://raw.githubusercontent.com/PokeAPI/sprites/master/sprites/pokemon/other/home/135.png,https://raw.githubusercontent.com/PokeAPI/sprites/master/sprites/pokemon/other/official-artwork/135.png,https://www.pokemon.com/us/pokedex/jolteon,species-page,2026-04-13T11:45:21.940891-07:00,200,official_media_verified_link_generated,,pokemon.com page content is bot-protected; official page URL is attached for manual verification.
flareon,Flareon,136,https://assets.pokemon.com/assets/cms2/img/pokedex/full/136.png,https://raw.githubusercontent.com/PokeAPI/sprites/master/sprites/pokemon/other/official-artwork/136.png,https://raw.githubusercontent.com/PokeAPI/sprites/master/sprites/pokemon/other/home/136.png,https://raw.githubusercontent.com/PokeAPI/sprites/master/sprites/pokemon/other/official-artwork/136.png,https://www.pokemon.com/us/pokedex/flareon,species-page,2026-04-13T11:45:21.940891-07:00,200,official_media_verified_link_generated,,pokemon.com page content is bot-protected; official page URL is attached for manual verification.
porygon,Porygon,137,https://assets.pokemon.com/assets/cms2/img/pokedex/full/137.png,https://raw.githubusercontent.com/PokeAPI/sprites/master/sprites/pokemon/other/official-artwork/137.png,https://raw.githubusercontent.com/PokeAPI/sprites/master/sprites/pokemon/other/home/137.png,https://raw.githubusercontent.com/PokeAPI/sprites/master/sprites/pokemon/other/official-artwork/137.png,https://www.pokemon.com/us/pokedex/porygon,species-page,2026-04-13T11:45:21.940891-07:00,200,official_media_verified_link_generated,,pokemon.com page content is bot-protected; official page URL is attached for manual verification.
omanyte,Omanyte,138,https://assets.pokemon.com/assets/cms2/img/pokedex/full/138.png,https://raw.githubusercontent.com/PokeAPI/sprites/master/sprites/pokemon/other/official-artwork/138.png,https://raw.githubusercontent.com/PokeAPI/sprites/master/sprites/pokemon/other/home/138.png,https://raw.githubusercontent.com/PokeAPI/sprites/master/sprites/pokemon/other/official-artwork/138.png,https://www.pokemon.com/us/pokedex/omanyte,species-page,2026-04-13T11:45:21.940891-07:00,200,official_media_verified_link_generated,,pokemon.com page content is bot-protected; official page URL is attached for manual verification.
omastar,Omastar,139,https://assets.pokemon.com/assets/cms2/img/pokedex/full/139.png,https://raw.githubusercontent.com/PokeAPI/sprites/master/sprites/pokemon/other/official-artwork/139.png,https://raw.githubusercontent.com/PokeAPI/sprites/master/sprites/pokemon/other/home/139.png,https://raw.githubusercontent.com/PokeAPI/sprites/master/sprites/pokemon/other/official-artwork/139.png,https://www.pokemon.com/us/pokedex/omastar,species-page,2026-04-13T11:45:21.940891-07:00,200,official_media_verified_link_generated,,pokemon.com page content is bot-protected; official page URL is attached for manual verification.
kabuto,Kabuto,140,https://assets.pokemon.com/assets/cms2/img/pokedex/full/140.png,https://raw.githubusercontent.com/PokeAPI/sprites/master/sprites/pokemon/other/official-artwork/140.png,https://raw.githubusercontent.com/PokeAPI/sprites/master/sprites/pokemon/other/home/140.png,https://raw.githubusercontent.com/PokeAPI/sprites/master/sprites/pokemon/other/official-artwork/140.png,https://www.pokemon.com/us/pokedex/kabuto,species-page,2026-04-13T11:45:21.940891-07:00,200,official_media_verified_link_generated,,pokemon.com page content is bot-protected; official page URL is attached for manual verification.
kabutops,Kabutops,141,https://assets.pokemon.com/assets/cms2/img/pokedex/full/141.png,https://raw.githubusercontent.com/PokeAPI/sprites/master/sprites/pokemon/other/official-artwork/141.png,https://raw.githubusercontent.com/PokeAPI/sprites/master/sprites/pokemon/other/home/141.png,https://raw.githubusercontent.com/PokeAPI/sprites/master/sprites/pokemon/other/official-artwork/141.png,https://www.pokemon.com/us/pokedex/kabutops,species-page,2026-04-13T11:45:21.940891-07:00,200,official_media_verified_link_generated,,pokemon.com page content is bot-protected; official page URL is attached for manual verification.
aerodactyl,Aerodactyl,142,https://assets.pokemon.com/assets/cms2/img/pokedex/full/142.png,https://raw.githubusercontent.com/PokeAPI/sprites/master/sprites/pokemon/other/official-artwork/142.png,https://raw.githubusercontent.com/PokeAPI/sprites/master/sprites/pokemon/other/home/142.png,https://raw.githubusercontent.com/PokeAPI/sprites/master/sprites/pokemon/other/official-artwork/142.png,https://www.pokemon.com/us/pokedex/aerodactyl,species-page,2026-04-13T11:45:21.940891-07:00,200,official_media_verified_link_generated,,pokemon.com page content is bot-protected; official page URL is attached for manual verification.
aerodactyl-mega,Aerodactyl maleega,142,https://assets.pokemon.com/assets/cms2/img/pokedex/full/142.png,https://raw.githubusercontent.com/PokeAPI/sprites/master/sprites/pokemon/other/official-artwork/10042.png,https://raw.githubusercontent.com/PokeAPI/sprites/master/sprites/pokemon/other/home/10042.png,https://raw.githubusercontent.com/PokeAPI/sprites/master/sprites/pokemon/other/official-artwork/10042.png,https://www.pokemon.com/us/pokedex/aerodactyl,species-page,2026-04-13T11:45:21.940891-07:00,200,official_media_verified_link_generated,,pokemon.com page content is bot-protected; official page URL is attached for manual verification.
snorlax,Snorlax,143,https://assets.pokemon.com/assets/cms2/img/pokedex/full/143.png,https://raw.githubusercontent.com/PokeAPI/sprites/master/sprites/pokemon/other/official-artwork/143.png,https://raw.githubusercontent.com/PokeAPI/sprites/master/sprites/pokemon/other/home/143.png,https://raw.githubusercontent.com/PokeAPI/sprites/master/sprites/pokemon/other/official-artwork/143.png,https://www.pokemon.com/us/pokedex/snorlax,species-page,2026-04-13T11:45:21.940891-07:00,200,official_media_verified_link_generated,,pokemon.com page content is bot-protected; official page URL is attached for manual verification.
snorlax-gmax,Snorlax Gmax,143,https://assets.pokemon.com/assets/cms2/img/pokedex/full/143.png,https://raw.githubusercontent.com/PokeAPI/sprites/master/sprites/pokemon/other/official-artwork/10206.png,https://raw.githubusercontent.com/PokeAPI/sprites/master/sprites/pokemon/other/home/10206.png,https://raw.githubusercontent.com/PokeAPI/sprites/master/sprites/pokemon/other/official-artwork/10206.png,https://www.pokemon.com/us/pokedex/snorlax,species-page,2026-04-13T11:45:21.940891-07:00,200,official_media_verified_link_generated,,pokemon.com page content is bot-protected; official page URL is attached for manual verification.
articuno,Articuno,144,https://assets.pokemon.com/assets/cms2/img/pokedex/full/144.png,https://raw.githubusercontent.com/PokeAPI/sprites/master/sprites/pokemon/other/official-artwork/144.png,https://raw.githubusercontent.com/PokeAPI/sprites/master/sprites/pokemon/other/home/144.png,https://raw.githubusercontent.com/PokeAPI/sprites/master/sprites/pokemon/other/official-artwork/144.png,https://www.pokemon.com/us/pokedex/articuno,species-page,2026-04-13T11:45:21.940891-07:00,200,official_media_verified_link_generated,,pokemon.com page content is bot-protected; official page URL is attached for manual verification.
articuno-galar,Articuno Galar,144,https://assets.pokemon.com/assets/cms2/img/pokedex/full/144.png,https://raw.githubusercontent.com/PokeAPI/sprites/master/sprites/pokemon/other/official-artwork/10169.png,https://raw.githubusercontent.com/PokeAPI/sprites/master/sprites/pokemon/other/home/10169.png,https://raw.githubusercontent.com/PokeAPI/sprites/master/sprites/pokemon/other/official-artwork/10169.png,https://www.pokemon.com/us/pokedex/articuno,species-page,2026-04-13T11:45:21.940891-07:00,200,official_media_verified_link_generated,,pokemon.com page content is bot-protected; official page URL is attached for manual verification.
zapdos,Zapdos,145,https://assets.pokemon.com/assets/cms2/img/pokedex/full/145.png,https://raw.githubusercontent.com/PokeAPI/sprites/master/sprites/pokemon/other/official-artwork/145.png,https://raw.githubusercontent.com/PokeAPI/sprites/master/sprites/pokemon/other/home/145.png,https://raw.githubusercontent.com/PokeAPI/sprites/master/sprites/pokemon/other/official-artwork/145.png,https://www.pokemon.com/us/pokedex/zapdos,species-page,2026-04-13T11:45:21.940891-07:00,200,official_media_verified_link_generated,,pokemon.com page content is bot-protected; official page URL is attached for manual verification.
zapdos-galar,Zapdos Galar,145,https://assets.pokemon.com/assets/cms2/img/pokedex/full/145.png,https://raw.githubusercontent.com/PokeAPI/sprites/master/sprites/pokemon/other/official-artwork/10170.png,https://raw.githubusercontent.com/PokeAPI/sprites/master/sprites/pokemon/other/home/10170.png,https://raw.githubusercontent.com/PokeAPI/sprites/master/sprites/pokemon/other/official-artwork/10170.png,https://www.pokemon.com/us/pokedex/zapdos,species-page,2026-04-13T11:45:21.940891-07:00,200,official_media_verified_link_generated,,pokemon.com page content is bot-protected; official page URL is attached for manual verification.
moltres,Moltres,146,https://assets.pokemon.com/assets/cms2/img/pokedex/full/146.png,https://raw.githubusercontent.com/PokeAPI/sprites/master/sprites/pokemon/other/official-artwork/146.png,https://raw.githubusercontent.com/PokeAPI/sprites/master/sprites/pokemon/other/home/146.png,https://raw.githubusercontent.com/PokeAPI/sprites/master/sprites/pokemon/other/official-artwork/146.png,https://www.pokemon.com/us/pokedex/moltres,species-page,2026-04-13T11:45:21.940891-07:00,200,official_media_verified_link_generated,,pokemon.com page content is bot-protected; official page URL is attached for manual verification.
moltres-galar,Moltres Galar,146,https://assets.pokemon.com/assets/cms2/img/pokedex/full/146.png,https://raw.githubusercontent.com/PokeAPI/sprites/master/sprites/pokemon/other/official-artwork/10171.png,https://raw.githubusercontent.com/PokeAPI/sprites/master/sprites/pokemon/other/home/10171.png,https://raw.githubusercontent.com/PokeAPI/sprites/master/sprites/pokemon/other/official-artwork/10171.png,https://www.pokemon.com/us/pokedex/moltres,species-page,2026-04-13T11:45:21.940891-07:00,200,official_media_verified_link_generated,,pokemon.com page content is bot-protected; official page URL is attached for manual verification.
dratini,Dratini,147,https://assets.pokemon.com/assets/cms2/img/pokedex/full/147.png,https://raw.githubusercontent.com/PokeAPI/sprites/master/sprites/pokemon/other/official-artwork/147.png,https://raw.githubusercontent.com/PokeAPI/sprites/master/sprites/pokemon/other/home/147.png,https://raw.githubusercontent.com/PokeAPI/sprites/master/sprites/pokemon/other/official-artwork/147.png,https://www.pokemon.com/us/pokedex/dratini,species-page,2026-04-13T11:45:21.940891-07:00,200,official_media_verified_link_generated,,pokemon.com page content is bot-protected; official page URL is attached for manual verification.
dragonair,Dragonair,148,https://assets.pokemon.com/assets/cms2/img/pokedex/full/148.png,https://raw.githubusercontent.com/PokeAPI/sprites/master/sprites/pokemon/other/official-artwork/148.png,https://raw.githubusercontent.com/PokeAPI/sprites/master/sprites/pokemon/other/home/148.png,https://raw.githubusercontent.com/PokeAPI/sprites/master/sprites/pokemon/other/official-artwork/148.png,https://www.pokemon.com/us/pokedex/dragonair,species-page,2026-04-13T11:45:21.940891-07:00,200,official_media_verified_link_generated,,pokemon.com page content is bot-protected; official page URL is attached for manual verification.
dragonite,Dragonite,149,https://assets.pokemon.com/assets/cms2/img/pokedex/full/149.png,https://raw.githubusercontent.com/PokeAPI/sprites/master/sprites/pokemon/other/official-artwork/149.png,https://raw.githubusercontent.com/PokeAPI/sprites/master/sprites/pokemon/other/home/149.png,https://raw.githubusercontent.com/PokeAPI/sprites/master/sprites/pokemon/other/official-artwork/149.png,https://www.pokemon.com/us/pokedex/dragonite,species-page,2026-04-13T11:45:21.940891-07:00,200,official_media_verified_link_generated,,pokemon.com page content is bot-protected; official page URL is attached for manual verification.
dragonite-mega,Dragonite maleega,149,https://assets.pokemon.com/assets/cms2/img/pokedex/full/149.png,https://raw.githubusercontent.com/PokeAPI/sprites/master/sprites/pokemon/other/official-artwork/10281.png,https://raw.githubusercontent.com/PokeAPI/sprites/master/sprites/pokemon/10281.png,https://raw.githubusercontent.com/PokeAPI/sprites/master/sprites/pokemon/other/official-artwork/10281.png,https://www.pokemon.com/us/pokedex/dragonite,species-page,2026-04-13T11:45:21.940891-07:00,200,official_media_verified_link_generated,,pokemon.com page content is bot-protected; official page URL is attached for manual verification.
mewtwo,Mewtwo,150,https://assets.pokemon.com/assets/cms2/img/pokedex/full/150.png,https://raw.githubusercontent.com/PokeAPI/sprites/master/sprites/pokemon/other/official-artwork/150.png,https://raw.githubusercontent.com/PokeAPI/sprites/master/sprites/pokemon/other/home/150.png,https://raw.githubusercontent.com/PokeAPI/sprites/master/sprites/pokemon/other/official-artwork/150.png,https://www.pokemon.com/us/pokedex/mewtwo,species-page,2026-04-13T11:45:21.940891-07:00,200,official_media_verified_link_generated,,pokemon.com page content is bot-protected; official page URL is attached for manual verification.
mewtwo-mega-x,Mewtwo maleega X,150,https://assets.pokemon.com/assets/cms2/img/pokedex/full/150.png,https://raw.githubusercontent.com/PokeAPI/sprites/master/sprites/pokemon/other/official-artwork/10043.png,https://raw.githubusercontent.com/PokeAPI/sprites/master/sprites/pokemon/other/home/10043.png,https://raw.githubusercontent.com/PokeAPI/sprites/master/sprites/pokemon/other/official-artwork/10043.png,https://www.pokemon.com/us/pokedex/mewtwo,species-page,2026-04-13T11:45:21.940891-07:00,200,official_media_verified_link_generated,,pokemon.com page content is bot-protected; official page URL is attached for manual verification.
mewtwo-mega-y,Mewtwo maleega Y,150,https://assets.pokemon.com/assets/cms2/img/pokedex/full/150.png,https://raw.githubusercontent.com/PokeAPI/sprites/master/sprites/pokemon/other/official-artwork/10044.png,https://raw.githubusercontent.com/PokeAPI/sprites/master/sprites/pokemon/other/home/10044.png,https://raw.githubusercontent.com/PokeAPI/sprites/master/sprites/pokemon/other/official-artwork/10044.png,https://www.pokemon.com/us/pokedex/mewtwo,species-page,2026-04-13T11:45:21.940891-07:00,200,official_media_verified_link_generated,,pokemon.com page content is bot-protected; official page URL is attached for manual verification.
mew,Mew,151,https://assets.pokemon.com/assets/cms2/img/pokedex/full/151.png,https://raw.githubusercontent.com/PokeAPI/sprites/master/sprites/pokemon/other/official-artwork/151.png,https://raw.githubusercontent.com/PokeAPI/sprites/master/sprites/pokemon/other/home/151.png,https://raw.githubusercontent.com/PokeAPI/sprites/master/sprites/pokemon/other/official-artwork/151.png,https://www.pokemon.com/us/pokedex/mew,species-page,2026-04-13T11:45:21.940891-07:00,200,official_media_verified_link_generated,,pokemon.com page content is bot-protected; official page URL is attached for manual verification.
chikorita,Chikorita,152,https://assets.pokemon.com/assets/cms2/img/pokedex/full/152.png,https://raw.githubusercontent.com/PokeAPI/sprites/master/sprites/pokemon/other/official-artwork/152.png,https://raw.githubusercontent.com/PokeAPI/sprites/master/sprites/pokemon/other/home/152.png,https://raw.githubusercontent.com/PokeAPI/sprites/master/sprites/pokemon/other/official-artwork/152.png,https://www.pokemon.com/us/pokedex/chikorita,species-page,2026-04-13T11:45:21.940891-07:00,200,official_media_verified_link_generated,,pokemon.com page content is bot-protected; official page URL is attached for manual verification.
bayleef,Bayleef,153,https://assets.pokemon.com/assets/cms2/img/pokedex/full/153.png,https://raw.githubusercontent.com/PokeAPI/sprites/master/sprites/pokemon/other/official-artwork/153.png,https://raw.githubusercontent.com/PokeAPI/sprites/master/sprites/pokemon/other/home/153.png,https://raw.githubusercontent.com/PokeAPI/sprites/master/sprites/pokemon/other/official-artwork/153.png,https://www.pokemon.com/us/pokedex/bayleef,species-page,2026-04-13T11:45:21.940891-07:00,200,official_media_verified_link_generated,,pokemon.com page content is bot-protected; official page URL is attached for manual verification.
meganium,Meganium,154,https://assets.pokemon.com/assets/cms2/img/pokedex/full/154.png,https://raw.githubusercontent.com/PokeAPI/sprites/master/sprites/pokemon/other/official-artwork/154.png,https://raw.githubusercontent.com/PokeAPI/sprites/master/sprites/pokemon/other/home/154.png,https://raw.githubusercontent.com/PokeAPI/sprites/master/sprites/pokemon/other/official-artwork/154.png,https://www.pokemon.com/us/pokedex/meganium,species-page,2026-04-13T11:45:21.940891-07:00,200,official_media_verified_link_generated,,pokemon.com page content is bot-protected; official page URL is attached for manual verification.
meganium-mega,Meganium maleega,154,https://assets.pokemon.com/assets/cms2/img/pokedex/full/154.png,https://raw.githubusercontent.com/PokeAPI/sprites/master/sprites/pokemon/other/official-artwork/10282.png,https://raw.githubusercontent.com/PokeAPI/sprites/master/sprites/pokemon/other/official-artwork/10282.png,https://raw.githubusercontent.com/PokeAPI/sprites/master/sprites/pokemon/other/official-artwork/10282.png,https://www.pokemon.com/us/pokedex/meganium,species-page,2026-04-13T11:45:21.940891-07:00,200,official_media_verified_link_generated,,pokemon.com page content is bot-protected; official page URL is attached for manual verification.
cyndaquil,Cyndaquil,155,https://assets.pokemon.com/assets/cms2/img/pokedex/full/155.png,https://raw.githubusercontent.com/PokeAPI/sprites/master/sprites/pokemon/other/official-artwork/155.png,https://raw.githubusercontent.com/PokeAPI/sprites/master/sprites/pokemon/other/home/155.png,https://raw.githubusercontent.com/PokeAPI/sprites/master/sprites/pokemon/other/official-artwork/155.png,https://www.pokemon.com/us/pokedex/cyndaquil,species-page,2026-04-13T11:45:21.940891-07:00,200,official_media_verified_link_generated,,pokemon.com page content is bot-protected; official page URL is attached for manual verification.
quilava,Quilava,156,https://assets.pokemon.com/assets/cms2/img/pokedex/full/156.png,https://raw.githubusercontent.com/PokeAPI/sprites/master/sprites/pokemon/other/official-artwork/156.png,https://raw.githubusercontent.com/PokeAPI/sprites/master/sprites/pokemon/other/home/156.png,https://raw.githubusercontent.com/PokeAPI/sprites/master/sprites/pokemon/other/official-artwork/156.png,https://www.pokemon.com/us/pokedex/quilava,species-page,2026-04-13T11:45:21.940891-07:00,200,official_media_verified_link_generated,,pokemon.com page content is bot-protected; official page URL is attached for manual verification.
typhlosion,Typhlosion,157,https://assets.pokemon.com/assets/cms2/img/pokedex/full/157.png,https://raw.githubusercontent.com/PokeAPI/sprites/master/sprites/pokemon/other/official-artwork/157.png,https://raw.githubusercontent.com/PokeAPI/sprites/master/sprites/pokemon/other/home/157.png,https://raw.githubusercontent.com/PokeAPI/sprites/master/sprites/pokemon/other/official-artwork/157.png,https://www.pokemon.com/us/pokedex/typhlosion,species-page,2026-04-13T11:45:21.940891-07:00,200,official_media_verified_link_generated,,pokemon.com page content is bot-protected; official page URL is attached for manual verification.
typhlosion-hisui,Typhlosion Hisui,157,https://assets.pokemon.com/assets/cms2/img/pokedex/full/157.png,https://raw.githubusercontent.com/PokeAPI/sprites/master/sprites/pokemon/other/official-artwork/10233.png,https://raw.githubusercontent.com/PokeAPI/sprites/master/sprites/pokemon/other/home/10233.png,https://raw.githubusercontent.com/PokeAPI/sprites/master/sprites/pokemon/other/official-artwork/10233.png,https://www.pokemon.com/us/pokedex/typhlosion,species-page,2026-04-13T11:45:21.940891-07:00,200,official_media_verified_link_generated,,pokemon.com page content is bot-protected; official page URL is attached for manual verification.
totodile,Totodile,158,https://assets.pokemon.com/assets/cms2/img/pokedex/full/158.png,https://raw.githubusercontent.com/PokeAPI/sprites/master/sprites/pokemon/other/official-artwork/158.png,https://raw.githubusercontent.com/PokeAPI/sprites/master/sprites/pokemon/other/home/158.png,https://raw.githubusercontent.com/PokeAPI/sprites/master/sprites/pokemon/other/official-artwork/158.png,https://www.pokemon.com/us/pokedex/totodile,species-page,2026-04-13T11:45:21.940891-07:00,200,official_media_verified_link_generated,,pokemon.com page content is bot-protected; official page URL is attached for manual verification.
croconaw,Croconaw,159,https://assets.pokemon.com/assets/cms2/img/pokedex/full/159.png,https://raw.githubusercontent.com/PokeAPI/sprites/master/sprites/pokemon/other/official-artwork/159.png,https://raw.githubusercontent.com/PokeAPI/sprites/master/sprites/pokemon/other/home/159.png,https://raw.githubusercontent.com/PokeAPI/sprites/master/sprites/pokemon/other/official-artwork/159.png,https://www.pokemon.com/us/pokedex/croconaw,species-page,2026-04-13T11:45:21.940891-07:00,200,official_media_verified_link_generated,,pokemon.com page content is bot-protected; official page URL is attached for manual verification.
feraligatr,Feraligatr,160,https://assets.pokemon.com/assets/cms2/img/pokedex/full/160.png,https://raw.githubusercontent.com/PokeAPI/sprites/master/sprites/pokemon/other/official-artwork/160.png,https://raw.githubusercontent.com/PokeAPI/sprites/master/sprites/pokemon/other/home/160.png,https://raw.githubusercontent.com/PokeAPI/sprites/master/sprites/pokemon/other/official-artwork/160.png,https://www.pokemon.com/us/pokedex/feraligatr,species-page,2026-04-13T11:45:21.940891-07:00,200,official_media_verified_link_generated,,pokemon.com page content is bot-protected; official page URL is attached for manual verification.
feraligatr-mega,Feraligatr maleega,160,https://assets.pokemon.com/assets/cms2/img/pokedex/full/160.png,https://raw.githubusercontent.com/PokeAPI/sprites/master/sprites/pokemon/other/official-artwork/10283.png,https://raw.githubusercontent.com/PokeAPI/sprites/master/sprites/pokemon/other/official-artwork/10283.png,https://raw.githubusercontent.com/PokeAPI/sprites/master/sprites/pokemon/other/official-artwork/10283.png,https://www.pokemon.com/us/pokedex/feraligatr,species-page,2026-04-13T11:45:21.940891-07:00,200,official_media_verified_link_generated,,pokemon.com page content is bot-protected; official page URL is attached for manual verification.
sentret,Sentret,161,https://assets.pokemon.com/assets/cms2/img/pokedex/full/161.png,https://raw.githubusercontent.com/PokeAPI/sprites/master/sprites/pokemon/other/official-artwork/161.png,https://raw.githubusercontent.com/PokeAPI/sprites/master/sprites/pokemon/other/home/161.png,https://raw.githubusercontent.com/PokeAPI/sprites/master/sprites/pokemon/other/official-artwork/161.png,https://www.pokemon.com/us/pokedex/sentret,species-page,2026-04-13T11:45:21.940891-07:00,200,official_media_verified_link_generated,,pokemon.com page content is bot-protected; official page URL is attached for manual verification.
furret,Furret,162,https://assets.pokemon.com/assets/cms2/img/pokedex/full/162.png,https://raw.githubusercontent.com/PokeAPI/sprites/master/sprites/pokemon/other/official-artwork/162.png,https://raw.githubusercontent.com/PokeAPI/sprites/master/sprites/pokemon/other/home/162.png,https://raw.githubusercontent.com/PokeAPI/sprites/master/sprites/pokemon/other/official-artwork/162.png,https://www.pokemon.com/us/pokedex/furret,species-page,2026-04-13T11:45:21.940891-07:00,200,official_media_verified_link_generated,,pokemon.com page content is bot-protected; official page URL is attached for manual verification.
hoothoot,Hoothoot,163,https://assets.pokemon.com/assets/cms2/img/pokedex/full/163.png,https://raw.githubusercontent.com/PokeAPI/sprites/master/sprites/pokemon/other/official-artwork/163.png,https://raw.githubusercontent.com/PokeAPI/sprites/master/sprites/pokemon/other/home/163.png,https://raw.githubusercontent.com/PokeAPI/sprites/master/sprites/pokemon/other/official-artwork/163.png,https://www.pokemon.com/us/pokedex/hoothoot,species-page,2026-04-13T11:45:21.940891-07:00,200,official_media_verified_link_generated,,pokemon.com page content is bot-protected; official page URL is attached for manual verification.
noctowl,Noctowl,164,https://assets.pokemon.com/assets/cms2/img/pokedex/full/164.png,https://raw.githubusercontent.com/PokeAPI/sprites/master/sprites/pokemon/other/official-artwork/164.png,https://raw.githubusercontent.com/PokeAPI/sprites/master/sprites/pokemon/other/home/164.png,https://raw.githubusercontent.com/PokeAPI/sprites/master/sprites/pokemon/other/official-artwork/164.png,https://www.pokemon.com/us/pokedex/noctowl,species-page,2026-04-13T11:45:21.940891-07:00,200,official_media_verified_link_generated,,pokemon.com page content is bot-protected; official page URL is attached for manual verification.
ledyba,Ledyba,165,https://assets.pokemon.com/assets/cms2/img/pokedex/full/165.png,https://raw.githubusercontent.com/PokeAPI/sprites/master/sprites/pokemon/other/official-artwork/165.png,https://raw.githubusercontent.com/PokeAPI/sprites/master/sprites/pokemon/other/home/165.png,https://raw.githubusercontent.com/PokeAPI/sprites/master/sprites/pokemon/other/official-artwork/165.png,https://www.pokemon.com/us/pokedex/ledyba,species-page,2026-04-13T11:45:21.940891-07:00,200,official_media_verified_link_generated,,pokemon.com page content is bot-protected; official page URL is attached for manual verification.
ledian,Ledian,166,https://assets.pokemon.com/assets/cms2/img/pokedex/full/166.png,https://raw.githubusercontent.com/PokeAPI/sprites/master/sprites/pokemon/other/official-artwork/166.png,https://raw.githubusercontent.com/PokeAPI/sprites/master/sprites/pokemon/other/home/166.png,https://raw.githubusercontent.com/PokeAPI/sprites/master/sprites/pokemon/other/official-artwork/166.png,https://www.pokemon.com/us/pokedex/ledian,species-page,2026-04-13T11:45:21.940891-07:00,200,official_media_verified_link_generated,,pokemon.com page content is bot-protected; official page URL is attached for manual verification.
spinarak,Spinarak,167,https://assets.pokemon.com/assets/cms2/img/pokedex/full/167.png,https://raw.githubusercontent.com/PokeAPI/sprites/master/sprites/pokemon/other/official-artwork/167.png,https://raw.githubusercontent.com/PokeAPI/sprites/master/sprites/pokemon/other/home/167.png,https://raw.githubusercontent.com/PokeAPI/sprites/master/sprites/pokemon/other/official-artwork/167.png,https://www.pokemon.com/us/pokedex/spinarak,species-page,2026-04-13T11:45:21.940891-07:00,200,official_media_verified_link_generated,,pokemon.com page content is bot-protected; official page URL is attached for manual verification.
ariados,Ariados,168,https://assets.pokemon.com/assets/cms2/img/pokedex/full/168.png,https://raw.githubusercontent.com/PokeAPI/sprites/master/sprites/pokemon/other/official-artwork/168.png,https://raw.githubusercontent.com/PokeAPI/sprites/master/sprites/pokemon/other/home/168.png,https://raw.githubusercontent.com/PokeAPI/sprites/master/sprites/pokemon/other/official-artwork/168.png,https://www.pokemon.com/us/pokedex/ariados,species-page,2026-04-13T11:45:21.940891-07:00,200,official_media_verified_link_generated,,pokemon.com page content is bot-protected; official page URL is attached for manual verification.
crobat,Crobat,169,https://assets.pokemon.com/assets/cms2/img/pokedex/full/169.png,https://raw.githubusercontent.com/PokeAPI/sprites/master/sprites/pokemon/other/official-artwork/169.png,https://raw.githubusercontent.com/PokeAPI/sprites/master/sprites/pokemon/other/home/169.png,https://raw.githubusercontent.com/PokeAPI/sprites/master/sprites/pokemon/other/official-artwork/169.png,https://www.pokemon.com/us/pokedex/crobat,species-page,2026-04-13T11:45:21.940891-07:00,200,official_media_verified_link_generated,,pokemon.com page content is bot-protected; official page URL is attached for manual verification.
chinchou,Chinchou,170,https://assets.pokemon.com/assets/cms2/img/pokedex/full/170.png,https://raw.githubusercontent.com/PokeAPI/sprites/master/sprites/pokemon/other/official-artwork/170.png,https://raw.githubusercontent.com/PokeAPI/sprites/master/sprites/pokemon/other/home/170.png,https://raw.githubusercontent.com/PokeAPI/sprites/master/sprites/pokemon/other/official-artwork/170.png,https://www.pokemon.com/us/pokedex/chinchou,species-page,2026-04-13T11:45:21.940891-07:00,200,official_media_verified_link_generated,,pokemon.com page content is bot-protected; official page URL is attached for manual verification.
lanturn,Lanturn,171,https://assets.pokemon.com/assets/cms2/img/pokedex/full/171.png,https://raw.githubusercontent.com/PokeAPI/sprites/master/sprites/pokemon/other/official-artwork/171.png,https://raw.githubusercontent.com/PokeAPI/sprites/master/sprites/pokemon/other/home/171.png,https://raw.githubusercontent.com/PokeAPI/sprites/master/sprites/pokemon/other/official-artwork/171.png,https://www.pokemon.com/us/pokedex/lanturn,species-page,2026-04-13T11:45:21.940891-07:00,200,official_media_verified_link_generated,,pokemon.com page content is bot-protected; official page URL is attached for manual verification.
pichu,Pichu,172,https://assets.pokemon.com/assets/cms2/img/pokedex/full/172.png,https://raw.githubusercontent.com/PokeAPI/sprites/master/sprites/pokemon/other/official-artwork/172.png,https://raw.githubusercontent.com/PokeAPI/sprites/master/sprites/pokemon/other/home/172.png,https://raw.githubusercontent.com/PokeAPI/sprites/master/sprites/pokemon/other/official-artwork/172.png,https://www.pokemon.com/us/pokedex/pichu,species-page,2026-04-13T11:45:21.940891-07:00,200,official_media_verified_link_generated,,pokemon.com page content is bot-protected; official page URL is attached for manual verification.
cleffa,Cleffa,173,https://assets.pokemon.com/assets/cms2/img/pokedex/full/173.png,https://raw.githubusercontent.com/PokeAPI/sprites/master/sprites/pokemon/other/official-artwork/173.png,https://raw.githubusercontent.com/PokeAPI/sprites/master/sprites/pokemon/other/home/173.png,https://raw.githubusercontent.com/PokeAPI/sprites/master/sprites/pokemon/other/official-artwork/173.png,https://www.pokemon.com/us/pokedex/cleffa,species-page,2026-04-13T11:45:21.940891-07:00,200,official_media_verified_link_generated,,pokemon.com page content is bot-protected; official page URL is attached for manual verification.
igglybuff,Igglybuff,174,https://assets.pokemon.com/assets/cms2/img/pokedex/full/174.png,https://raw.githubusercontent.com/PokeAPI/sprites/master/sprites/pokemon/other/official-artwork/174.png,https://raw.githubusercontent.com/PokeAPI/sprites/master/sprites/pokemon/other/home/174.png,https://raw.githubusercontent.com/PokeAPI/sprites/master/sprites/pokemon/other/official-artwork/174.png,https://www.pokemon.com/us/pokedex/igglybuff,species-page,2026-04-13T11:45:21.940891-07:00,200,official_media_verified_link_generated,,pokemon.com page content is bot-protected; official page URL is attached for manual verification.
togepi,Togepi,175,https://assets.pokemon.com/assets/cms2/img/pokedex/full/175.png,https://raw.githubusercontent.com/PokeAPI/sprites/master/sprites/pokemon/other/official-artwork/175.png,https://raw.githubusercontent.com/PokeAPI/sprites/master/sprites/pokemon/other/home/175.png,https://raw.githubusercontent.com/PokeAPI/sprites/master/sprites/pokemon/other/official-artwork/175.png,https://www.pokemon.com/us/pokedex/togepi,species-page,2026-04-13T11:45:21.940891-07:00,200,official_media_verified_link_generated,,pokemon.com page content is bot-protected; official page URL is attached for manual verification.
togetic,Togetic,176,https://assets.pokemon.com/assets/cms2/img/pokedex/full/176.png,https://raw.githubusercontent.com/PokeAPI/sprites/master/sprites/pokemon/other/official-artwork/176.png,https://raw.githubusercontent.com/PokeAPI/sprites/master/sprites/pokemon/other/home/176.png,https://raw.githubusercontent.com/PokeAPI/sprites/master/sprites/pokemon/other/official-artwork/176.png,https://www.pokemon.com/us/pokedex/togetic,species-page,2026-04-13T11:45:21.940891-07:00,200,official_media_verified_link_generated,,pokemon.com page content is bot-protected; official page URL is attached for manual verification.
natu,Natu,177,https://assets.pokemon.com/assets/cms2/img/pokedex/full/177.png,https://raw.githubusercontent.com/PokeAPI/sprites/master/sprites/pokemon/other/official-artwork/177.png,https://raw.githubusercontent.com/PokeAPI/sprites/master/sprites/pokemon/other/home/177.png,https://raw.githubusercontent.com/PokeAPI/sprites/master/sprites/pokemon/other/official-artwork/177.png,https://www.pokemon.com/us/pokedex/natu,species-page,2026-04-13T11:45:21.940891-07:00,200,official_media_verified_link_generated,,pokemon.com page content is bot-protected; official page URL is attached for manual verification.
xatu,Xatu,178,https://assets.pokemon.com/assets/cms2/img/pokedex/full/178.png,https://raw.githubusercontent.com/PokeAPI/sprites/master/sprites/pokemon/other/official-artwork/178.png,https://raw.githubusercontent.com/PokeAPI/sprites/master/sprites/pokemon/other/home/178.png,https://raw.githubusercontent.com/PokeAPI/sprites/master/sprites/pokemon/other/official-artwork/178.png,https://www.pokemon.com/us/pokedex/xatu,species-page,2026-04-13T11:45:21.940891-07:00,200,official_media_verified_link_generated,,pokemon.com page content is bot-protected; official page URL is attached for manual verification.
mareep,Mareep,179,https://assets.pokemon.com/assets/cms2/img/pokedex/full/179.png,https://raw.githubusercontent.com/PokeAPI/sprites/master/sprites/pokemon/other/official-artwork/179.png,https://raw.githubusercontent.com/PokeAPI/sprites/master/sprites/pokemon/other/home/179.png,https://raw.githubusercontent.com/PokeAPI/sprites/master/sprites/pokemon/other/official-artwork/179.png,https://www.pokemon.com/us/pokedex/mareep,species-page,2026-04-13T11:45:21.940891-07:00,200,official_media_verified_link_generated,,pokemon.com page content is bot-protected; official page URL is attached for manual verification.
flaaffy,Flaaffy,180,https://assets.pokemon.com/assets/cms2/img/pokedex/full/180.png,https://raw.githubusercontent.com/PokeAPI/sprites/master/sprites/pokemon/other/official-artwork/180.png,https://raw.githubusercontent.com/PokeAPI/sprites/master/sprites/pokemon/other/home/180.png,https://raw.githubusercontent.com/PokeAPI/sprites/master/sprites/pokemon/other/official-artwork/180.png,https://www.pokemon.com/us/pokedex/flaaffy,species-page,2026-04-13T11:45:21.940891-07:00,200,official_media_verified_link_generated,,pokemon.com page content is bot-protected; official page URL is attached for manual verification.
ampharos,Ampharos,181,https://assets.pokemon.com/assets/cms2/img/pokedex/full/181.png,https://raw.githubusercontent.com/PokeAPI/sprites/master/sprites/pokemon/other/official-artwork/181.png,https://raw.githubusercontent.com/PokeAPI/sprites/master/sprites/pokemon/other/home/181.png,https://raw.githubusercontent.com/PokeAPI/sprites/master/sprites/pokemon/other/official-artwork/181.png,https://www.pokemon.com/us/pokedex/ampharos,species-page,2026-04-13T11:45:21.940891-07:00,200,official_media_verified_link_generated,,pokemon.com page content is bot-protected; official page URL is attached for manual verification.
ampharos-mega,Ampharos maleega,181,https://assets.pokemon.com/assets/cms2/img/pokedex/full/181.png,https://raw.githubusercontent.com/PokeAPI/sprites/master/sprites/pokemon/other/official-artwork/10045.png,https://raw.githubusercontent.com/PokeAPI/sprites/master/sprites/pokemon/other/home/10045.png,https://raw.githubusercontent.com/PokeAPI/sprites/master/sprites/pokemon/other/official-artwork/10045.png,https://www.pokemon.com/us/pokedex/ampharos,species-page,2026-04-13T11:45:21.940891-07:00,200,official_media_verified_link_generated,,pokemon.com page content is bot-protected; official page URL is attached for manual verification.
bellossom,Bellossom,182,https://assets.pokemon.com/assets/cms2/img/pokedex/full/182.png,https://raw.githubusercontent.com/PokeAPI/sprites/master/sprites/pokemon/other/official-artwork/182.png,https://raw.githubusercontent.com/PokeAPI/sprites/master/sprites/pokemon/other/home/182.png,https://raw.githubusercontent.com/PokeAPI/sprites/master/sprites/pokemon/other/official-artwork/182.png,https://www.pokemon.com/us/pokedex/bellossom,species-page,2026-04-13T11:45:21.940891-07:00,200,official_media_verified_link_generated,,pokemon.com page content is bot-protected; official page URL is attached for manual verification.
marill,Marill,183,https://assets.pokemon.com/assets/cms2/img/pokedex/full/183.png,https://raw.githubusercontent.com/PokeAPI/sprites/master/sprites/pokemon/other/official-artwork/183.png,https://raw.githubusercontent.com/PokeAPI/sprites/master/sprites/pokemon/other/home/183.png,https://raw.githubusercontent.com/PokeAPI/sprites/master/sprites/pokemon/other/official-artwork/183.png,https://www.pokemon.com/us/pokedex/marill,species-page,2026-04-13T11:45:21.940891-07:00,200,official_media_verified_link_generated,,pokemon.com page content is bot-protected; official page URL is attached for manual verification.
azumarill,Azumarill,184,https://assets.pokemon.com/assets/cms2/img/pokedex/full/184.png,https://raw.githubusercontent.com/PokeAPI/sprites/master/sprites/pokemon/other/official-artwork/184.png,https://raw.githubusercontent.com/PokeAPI/sprites/master/sprites/pokemon/other/home/184.png,https://raw.githubusercontent.com/PokeAPI/sprites/master/sprites/pokemon/other/official-artwork/184.png,https://www.pokemon.com/us/pokedex/azumarill,species-page,2026-04-13T11:45:21.940891-07:00,200,official_media_verified_link_generated,,pokemon.com page content is bot-protected; official page URL is attached for manual verification.
sudowoodo,Sudowoodo,185,https://assets.pokemon.com/assets/cms2/img/pokedex/full/185.png,https://raw.githubusercontent.com/PokeAPI/sprites/master/sprites/pokemon/other/official-artwork/185.png,https://raw.githubusercontent.com/PokeAPI/sprites/master/sprites/pokemon/other/home/185.png,https://raw.githubusercontent.com/PokeAPI/sprites/master/sprites/pokemon/other/official-artwork/185.png,https://www.pokemon.com/us/pokedex/sudowoodo,species-page,2026-04-13T11:45:21.940891-07:00,200,official_media_verified_link_generated,,pokemon.com page content is bot-protected; official page URL is attached for manual verification.
politoed,Politoed,186,https://assets.pokemon.com/assets/cms2/img/pokedex/full/186.png,https://raw.githubusercontent.com/PokeAPI/sprites/master/sprites/pokemon/other/official-artwork/186.png,https://raw.githubusercontent.com/PokeAPI/sprites/master/sprites/pokemon/other/home/186.png,https://raw.githubusercontent.com/PokeAPI/sprites/master/sprites/pokemon/other/official-artwork/186.png,https://www.pokemon.com/us/pokedex/politoed,species-page,2026-04-13T11:45:21.940891-07:00,200,official_media_verified_link_generated,,pokemon.com page content is bot-protected; official page URL is attached for manual verification.
hoppip,Hoppip,187,https://assets.pokemon.com/assets/cms2/img/pokedex/full/187.png,https://raw.githubusercontent.com/PokeAPI/sprites/master/sprites/pokemon/other/official-artwork/187.png,https://raw.githubusercontent.com/PokeAPI/sprites/master/sprites/pokemon/other/home/187.png,https://raw.githubusercontent.com/PokeAPI/sprites/master/sprites/pokemon/other/official-artwork/187.png,https://www.pokemon.com/us/pokedex/hoppip,species-page,2026-04-13T11:45:21.940891-07:00,200,official_media_verified_link_generated,,pokemon.com page content is bot-protected; official page URL is attached for manual verification.
skiploom,Skiploom,188,https://assets.pokemon.com/assets/cms2/img/pokedex/full/188.png,https://raw.githubusercontent.com/PokeAPI/sprites/master/sprites/pokemon/other/official-artwork/188.png,https://raw.githubusercontent.com/PokeAPI/sprites/master/sprites/pokemon/other/home/188.png,https://raw.githubusercontent.com/PokeAPI/sprites/master/sprites/pokemon/other/official-artwork/188.png,https://www.pokemon.com/us/pokedex/skiploom,species-page,2026-04-13T11:45:21.940891-07:00,200,official_media_verified_link_generated,,pokemon.com page content is bot-protected; official page URL is attached for manual verification.
jumpluff,Jumpluff,189,https://assets.pokemon.com/assets/cms2/img/pokedex/full/189.png,https://raw.githubusercontent.com/PokeAPI/sprites/master/sprites/pokemon/other/official-artwork/189.png,https://raw.githubusercontent.com/PokeAPI/sprites/master/sprites/pokemon/other/home/189.png,https://raw.githubusercontent.com/PokeAPI/sprites/master/sprites/pokemon/other/official-artwork/189.png,https://www.pokemon.com/us/pokedex/jumpluff,species-page,2026-04-13T11:45:21.940891-07:00,200,official_media_verified_link_generated,,pokemon.com page content is bot-protected; official page URL is attached for manual verification.
aipom,Aipom,190,https://assets.pokemon.com/assets/cms2/img/pokedex/full/190.png,https://raw.githubusercontent.com/PokeAPI/sprites/master/sprites/pokemon/other/official-artwork/190.png,https://raw.githubusercontent.com/PokeAPI/sprites/master/sprites/pokemon/other/home/190.png,https://raw.githubusercontent.com/PokeAPI/sprites/master/sprites/pokemon/other/official-artwork/190.png,https://www.pokemon.com/us/pokedex/aipom,species-page,2026-04-13T11:45:21.940891-07:00,200,official_media_verified_link_generated,,pokemon.com page content is bot-protected; official page URL is attached for manual verification.
sunkern,Sunkern,191,https://assets.pokemon.com/assets/cms2/img/pokedex/full/191.png,https://raw.githubusercontent.com/PokeAPI/sprites/master/sprites/pokemon/other/official-artwork/191.png,https://raw.githubusercontent.com/PokeAPI/sprites/master/sprites/pokemon/other/home/191.png,https://raw.githubusercontent.com/PokeAPI/sprites/master/sprites/pokemon/other/official-artwork/191.png,https://www.pokemon.com/us/pokedex/sunkern,species-page,2026-04-13T11:45:21.940891-07:00,200,official_media_verified_link_generated,,pokemon.com page content is bot-protected; official page URL is attached for manual verification.
sunflora,Sunflora,192,https://assets.pokemon.com/assets/cms2/img/pokedex/full/192.png,https://raw.githubusercontent.com/PokeAPI/sprites/master/sprites/pokemon/other/official-artwork/192.png,https://raw.githubusercontent.com/PokeAPI/sprites/master/sprites/pokemon/other/home/192.png,https://raw.githubusercontent.com/PokeAPI/sprites/master/sprites/pokemon/other/official-artwork/192.png,https://www.pokemon.com/us/pokedex/sunflora,species-page,2026-04-13T11:45:21.940891-07:00,200,official_media_verified_link_generated,,pokemon.com page content is bot-protected; official page URL is attached for manual verification.
yanma,Yanma,193,https://assets.pokemon.com/assets/cms2/img/pokedex/full/193.png,https://raw.githubusercontent.com/PokeAPI/sprites/master/sprites/pokemon/other/official-artwork/193.png,https://raw.githubusercontent.com/PokeAPI/sprites/master/sprites/pokemon/other/home/193.png,https://raw.githubusercontent.com/PokeAPI/sprites/master/sprites/pokemon/other/official-artwork/193.png,https://www.pokemon.com/us/pokedex/yanma,species-page,2026-04-13T11:45:21.940891-07:00,200,official_media_verified_link_generated,,pokemon.com page content is bot-protected; official page URL is attached for manual verification.
wooper,Wooper,194,https://assets.pokemon.com/assets/cms2/img/pokedex/full/194.png,https://raw.githubusercontent.com/PokeAPI/sprites/master/sprites/pokemon/other/official-artwork/194.png,https://raw.githubusercontent.com/PokeAPI/sprites/master/sprites/pokemon/other/home/194.png,https://raw.githubusercontent.com/PokeAPI/sprites/master/sprites/pokemon/other/official-artwork/194.png,https://www.pokemon.com/us/pokedex/wooper,species-page,2026-04-13T11:45:21.940891-07:00,200,official_media_verified_link_generated,,pokemon.com page content is bot-protected; official page URL is attached for manual verification.
wooper-paldea,Wooper Paldea,194,https://assets.pokemon.com/assets/cms2/img/pokedex/full/194.png,https://raw.githubusercontent.com/PokeAPI/sprites/master/sprites/pokemon/other/official-artwork/10253.png,https://raw.githubusercontent.com/PokeAPI/sprites/master/sprites/pokemon/other/home/10253.png,https://raw.githubusercontent.com/PokeAPI/sprites/master/sprites/pokemon/other/official-artwork/10253.png,https://www.pokemon.com/us/pokedex/wooper,species-page,2026-04-13T11:45:21.940891-07:00,200,official_media_verified_link_generated,,pokemon.com page content is bot-protected; official page URL is attached for manual verification.
quagsire,Quagsire,195,https://assets.pokemon.com/assets/cms2/img/pokedex/full/195.png,https://raw.githubusercontent.com/PokeAPI/sprites/master/sprites/pokemon/other/official-artwork/195.png,https://raw.githubusercontent.com/PokeAPI/sprites/master/sprites/pokemon/other/home/195.png,https://raw.githubusercontent.com/PokeAPI/sprites/master/sprites/pokemon/other/official-artwork/195.png,https://www.pokemon.com/us/pokedex/quagsire,species-page,2026-04-13T11:45:21.940891-07:00,200,official_media_verified_link_generated,,pokemon.com page content is bot-protected; official page URL is attached for manual verification.
espeon,Espeon,196,https://assets.pokemon.com/assets/cms2/img/pokedex/full/196.png,https://raw.githubusercontent.com/PokeAPI/sprites/master/sprites/pokemon/other/official-artwork/196.png,https://raw.githubusercontent.com/PokeAPI/sprites/master/sprites/pokemon/other/home/196.png,https://raw.githubusercontent.com/PokeAPI/sprites/master/sprites/pokemon/other/official-artwork/196.png,https://www.pokemon.com/us/pokedex/espeon,species-page,2026-04-13T11:45:21.940891-07:00,200,official_media_verified_link_generated,,pokemon.com page content is bot-protected; official page URL is attached for manual verification.
umbreon,Umbreon,197,https://assets.pokemon.com/assets/cms2/img/pokedex/full/197.png,https://raw.githubusercontent.com/PokeAPI/sprites/master/sprites/pokemon/other/official-artwork/197.png,https://raw.githubusercontent.com/PokeAPI/sprites/master/sprites/pokemon/other/home/197.png,https://raw.githubusercontent.com/PokeAPI/sprites/master/sprites/pokemon/other/official-artwork/197.png,https://www.pokemon.com/us/pokedex/umbreon,species-page,2026-04-13T11:45:21.940891-07:00,200,official_media_verified_link_generated,,pokemon.com page content is bot-protected; official page URL is attached for manual verification.
murkrow,Murkrow,198,https://assets.pokemon.com/assets/cms2/img/pokedex/full/198.png,https://raw.githubusercontent.com/PokeAPI/sprites/master/sprites/pokemon/other/official-artwork/198.png,https://raw.githubusercontent.com/PokeAPI/sprites/master/sprites/pokemon/other/home/198.png,https://raw.githubusercontent.com/PokeAPI/sprites/master/sprites/pokemon/other/official-artwork/198.png,https://www.pokemon.com/us/pokedex/murkrow,species-page,2026-04-13T11:45:21.940891-07:00,200,official_media_verified_link_generated,,pokemon.com page content is bot-protected; official page URL is attached for manual verification.
slowking,Slowking,199,https://assets.pokemon.com/assets/cms2/img/pokedex/full/199.png,https://raw.githubusercontent.com/PokeAPI/sprites/master/sprites/pokemon/other/official-artwork/199.png,https://raw.githubusercontent.com/PokeAPI/sprites/master/sprites/pokemon/other/home/199.png,https://raw.githubusercontent.com/PokeAPI/sprites/master/sprites/pokemon/other/official-artwork/199.png,https://www.pokemon.com/us/pokedex/slowking,species-page,2026-04-13T11:45:21.940891-07:00,200,official_media_verified_link_generated,,pokemon.com page content is bot-protected; official page URL is attached for manual verification.
slowking-galar,Slowking Galar,199,https://assets.pokemon.com/assets/cms2/img/pokedex/full/199.png,https://raw.githubusercontent.com/PokeAPI/sprites/master/sprites/pokemon/other/official-artwork/10172.png,https://raw.githubusercontent.com/PokeAPI/sprites/master/sprites/pokemon/other/home/10172.png,https://raw.githubusercontent.com/PokeAPI/sprites/master/sprites/pokemon/other/official-artwork/10172.png,https://www.pokemon.com/us/pokedex/slowking,species-page,2026-04-13T11:45:21.940891-07:00,200,official_media_verified_link_generated,,pokemon.com page content is bot-protected; official page URL is attached for manual verification.
misdreavus,Misdreavus,200,https://assets.pokemon.com/assets/cms2/img/pokedex/full/200.png,https://raw.githubusercontent.com/PokeAPI/sprites/master/sprites/pokemon/other/official-artwork/200.png,https://raw.githubusercontent.com/PokeAPI/sprites/master/sprites/pokemon/other/home/200.png,https://raw.githubusercontent.com/PokeAPI/sprites/master/sprites/pokemon/other/official-artwork/200.png,https://www.pokemon.com/us/pokedex/misdreavus,species-page,2026-04-13T11:45:21.940891-07:00,200,official_media_verified_link_generated,,pokemon.com page content is bot-protected; official page URL is attached for manual verification.
unown,Unown,201,https://assets.pokemon.com/assets/cms2/img/pokedex/full/201.png,https://raw.githubusercontent.com/PokeAPI/sprites/master/sprites/pokemon/other/official-artwork/201.png,https://raw.githubusercontent.com/PokeAPI/sprites/master/sprites/pokemon/other/home/201.png,https://raw.githubusercontent.com/PokeAPI/sprites/master/sprites/pokemon/other/official-artwork/201.png,https://www.pokemon.com/us/pokedex/unown,species-page,2026-04-13T11:45:21.940891-07:00,200,official_media_verified_link_generated,,pokemon.com page content is bot-protected; official page URL is attached for manual verification.
wobbuffet,Wobbuffet,202,https://assets.pokemon.com/assets/cms2/img/pokedex/full/202.png,https://raw.githubusercontent.com/PokeAPI/sprites/master/sprites/pokemon/other/official-artwork/202.png,https://raw.githubusercontent.com/PokeAPI/sprites/master/sprites/pokemon/other/home/202.png,https://raw.githubusercontent.com/PokeAPI/sprites/master/sprites/pokemon/other/official-artwork/202.png,https://www.pokemon.com/us/pokedex/wobbuffet,species-page,2026-04-13T11:45:21.940891-07:00,200,official_media_verified_link_generated,,pokemon.com page content is bot-protected; official page URL is attached for manual verification.
girafarig,Girafarig,203,https://assets.pokemon.com/assets/cms2/img/pokedex/full/203.png,https://raw.githubusercontent.com/PokeAPI/sprites/master/sprites/pokemon/other/official-artwork/203.png,https://raw.githubusercontent.com/PokeAPI/sprites/master/sprites/pokemon/other/home/203.png,https://raw.githubusercontent.com/PokeAPI/sprites/master/sprites/pokemon/other/official-artwork/203.png,https://www.pokemon.com/us/pokedex/girafarig,species-page,2026-04-13T11:45:21.940891-07:00,200,official_media_verified_link_generated,,pokemon.com page content is bot-protected; official page URL is attached for manual verification.
pineco,Pineco,204,https://assets.pokemon.com/assets/cms2/img/pokedex/full/204.png,https://raw.githubusercontent.com/PokeAPI/sprites/master/sprites/pokemon/other/official-artwork/204.png,https://raw.githubusercontent.com/PokeAPI/sprites/master/sprites/pokemon/other/home/204.png,https://raw.githubusercontent.com/PokeAPI/sprites/master/sprites/pokemon/other/official-artwork/204.png,https://www.pokemon.com/us/pokedex/pineco,species-page,2026-04-13T11:45:21.940891-07:00,200,official_media_verified_link_generated,,pokemon.com page content is bot-protected; official page URL is attached for manual verification.
forretress,Forretress,205,https://assets.pokemon.com/assets/cms2/img/pokedex/full/205.png,https://raw.githubusercontent.com/PokeAPI/sprites/master/sprites/pokemon/other/official-artwork/205.png,https://raw.githubusercontent.com/PokeAPI/sprites/master/sprites/pokemon/other/home/205.png,https://raw.githubusercontent.com/PokeAPI/sprites/master/sprites/pokemon/other/official-artwork/205.png,https://www.pokemon.com/us/pokedex/forretress,species-page,2026-04-13T11:45:21.940891-07:00,200,official_media_verified_link_generated,,pokemon.com page content is bot-protected; official page URL is attached for manual verification.
dunsparce,Dunsparce,206,https://assets.pokemon.com/assets/cms2/img/pokedex/full/206.png,https://raw.githubusercontent.com/PokeAPI/sprites/master/sprites/pokemon/other/official-artwork/206.png,https://raw.githubusercontent.com/PokeAPI/sprites/master/sprites/pokemon/other/home/206.png,https://raw.githubusercontent.com/PokeAPI/sprites/master/sprites/pokemon/other/official-artwork/206.png,https://www.pokemon.com/us/pokedex/dunsparce,species-page,2026-04-13T11:45:21.940891-07:00,200,official_media_verified_link_generated,,pokemon.com page content is bot-protected; official page URL is attached for manual verification.
gligar,Gligar,207,https://assets.pokemon.com/assets/cms2/img/pokedex/full/207.png,https://raw.githubusercontent.com/PokeAPI/sprites/master/sprites/pokemon/other/official-artwork/207.png,https://raw.githubusercontent.com/PokeAPI/sprites/master/sprites/pokemon/other/home/207.png,https://raw.githubusercontent.com/PokeAPI/sprites/master/sprites/pokemon/other/official-artwork/207.png,https://www.pokemon.com/us/pokedex/gligar,species-page,2026-04-13T11:45:21.940891-07:00,200,official_media_verified_link_generated,,pokemon.com page content is bot-protected; official page URL is attached for manual verification.
steelix,Steelix,208,https://assets.pokemon.com/assets/cms2/img/pokedex/full/208.png,https://raw.githubusercontent.com/PokeAPI/sprites/master/sprites/pokemon/other/official-artwork/208.png,https://raw.githubusercontent.com/PokeAPI/sprites/master/sprites/pokemon/other/home/208.png,https://raw.githubusercontent.com/PokeAPI/sprites/master/sprites/pokemon/other/official-artwork/208.png,https://www.pokemon.com/us/pokedex/steelix,species-page,2026-04-13T11:45:21.940891-07:00,200,official_media_verified_link_generated,,pokemon.com page content is bot-protected; official page URL is attached for manual verification.
steelix-mega,Steelix maleega,208,https://assets.pokemon.com/assets/cms2/img/pokedex/full/208.png,https://raw.githubusercontent.com/PokeAPI/sprites/master/sprites/pokemon/other/official-artwork/10072.png,https://raw.githubusercontent.com/PokeAPI/sprites/master/sprites/pokemon/other/home/10072.png,https://raw.githubusercontent.com/PokeAPI/sprites/master/sprites/pokemon/other/official-artwork/10072.png,https://www.pokemon.com/us/pokedex/steelix,species-page,2026-04-13T11:45:21.940891-07:00,200,official_media_verified_link_generated,,pokemon.com page content is bot-protected; official page URL is attached for manual verification.
snubbull,Snubbull,209,https://assets.pokemon.com/assets/cms2/img/pokedex/full/209.png,https://raw.githubusercontent.com/PokeAPI/sprites/master/sprites/pokemon/other/official-artwork/209.png,https://raw.githubusercontent.com/PokeAPI/sprites/master/sprites/pokemon/other/home/209.png,https://raw.githubusercontent.com/PokeAPI/sprites/master/sprites/pokemon/other/official-artwork/209.png,https://www.pokemon.com/us/pokedex/snubbull,species-page,2026-04-13T11:45:21.940891-07:00,200,official_media_verified_link_generated,,pokemon.com page content is bot-protected; official page URL is attached for manual verification.
granbull,Granbull,210,https://assets.pokemon.com/assets/cms2/img/pokedex/full/210.png,https://raw.githubusercontent.com/PokeAPI/sprites/master/sprites/pokemon/other/official-artwork/210.png,https://raw.githubusercontent.com/PokeAPI/sprites/master/sprites/pokemon/other/home/210.png,https://raw.githubusercontent.com/PokeAPI/sprites/master/sprites/pokemon/other/official-artwork/210.png,https://www.pokemon.com/us/pokedex/granbull,species-page,2026-04-13T11:45:21.940891-07:00,200,official_media_verified_link_generated,,pokemon.com page content is bot-protected; official page URL is attached for manual verification.
qwilfish,Qwilfish,211,https://assets.pokemon.com/assets/cms2/img/pokedex/full/211.png,https://raw.githubusercontent.com/PokeAPI/sprites/master/sprites/pokemon/other/official-artwork/211.png,https://raw.githubusercontent.com/PokeAPI/sprites/master/sprites/pokemon/other/home/211.png,https://raw.githubusercontent.com/PokeAPI/sprites/master/sprites/pokemon/other/official-artwork/211.png,https://www.pokemon.com/us/pokedex/qwilfish,species-page,2026-04-13T11:45:21.940891-07:00,200,official_media_verified_link_generated,,pokemon.com page content is bot-protected; official page URL is attached for manual verification.
qwilfish-hisui,Qwilfish Hisui,211,https://assets.pokemon.com/assets/cms2/img/pokedex/full/211.png,https://raw.githubusercontent.com/PokeAPI/sprites/master/sprites/pokemon/other/official-artwork/10234.png,https://raw.githubusercontent.com/PokeAPI/sprites/master/sprites/pokemon/other/home/10234.png,https://raw.githubusercontent.com/PokeAPI/sprites/master/sprites/pokemon/other/official-artwork/10234.png,https://www.pokemon.com/us/pokedex/qwilfish,species-page,2026-04-13T11:45:21.940891-07:00,200,official_media_verified_link_generated,,pokemon.com page content is bot-protected; official page URL is attached for manual verification.
scizor,Scizor,212,https://assets.pokemon.com/assets/cms2/img/pokedex/full/212.png,https://raw.githubusercontent.com/PokeAPI/sprites/master/sprites/pokemon/other/official-artwork/212.png,https://raw.githubusercontent.com/PokeAPI/sprites/master/sprites/pokemon/other/home/212.png,https://raw.githubusercontent.com/PokeAPI/sprites/master/sprites/pokemon/other/official-artwork/212.png,https://www.pokemon.com/us/pokedex/scizor,species-page,2026-04-13T11:45:21.940891-07:00,200,official_media_verified_link_generated,,pokemon.com page content is bot-protected; official page URL is attached for manual verification.
scizor-mega,Scizor maleega,212,https://assets.pokemon.com/assets/cms2/img/pokedex/full/212.png,https://raw.githubusercontent.com/PokeAPI/sprites/master/sprites/pokemon/other/official-artwork/10046.png,https://raw.githubusercontent.com/PokeAPI/sprites/master/sprites/pokemon/other/home/10046.png,https://raw.githubusercontent.com/PokeAPI/sprites/master/sprites/pokemon/other/official-artwork/10046.png,https://www.pokemon.com/us/pokedex/scizor,species-page,2026-04-13T11:45:21.940891-07:00,200,official_media_verified_link_generated,,pokemon.com page content is bot-protected; official page URL is attached for manual verification.
shuckle,Shuckle,213,https://assets.pokemon.com/assets/cms2/img/pokedex/full/213.png,https://raw.githubusercontent.com/PokeAPI/sprites/master/sprites/pokemon/other/official-artwork/213.png,https://raw.githubusercontent.com/PokeAPI/sprites/master/sprites/pokemon/other/home/213.png,https://raw.githubusercontent.com/PokeAPI/sprites/master/sprites/pokemon/other/official-artwork/213.png,https://www.pokemon.com/us/pokedex/shuckle,species-page,2026-04-13T11:45:21.940891-07:00,200,official_media_verified_link_generated,,pokemon.com page content is bot-protected; official page URL is attached for manual verification.
heracross,Heracross,214,https://assets.pokemon.com/assets/cms2/img/pokedex/full/214.png,https://raw.githubusercontent.com/PokeAPI/sprites/master/sprites/pokemon/other/official-artwork/214.png,https://raw.githubusercontent.com/PokeAPI/sprites/master/sprites/pokemon/other/home/214.png,https://raw.githubusercontent.com/PokeAPI/sprites/master/sprites/pokemon/other/official-artwork/214.png,https://www.pokemon.com/us/pokedex/heracross,species-page,2026-04-13T11:45:21.940891-07:00,200,official_media_verified_link_generated,,pokemon.com page content is bot-protected; official page URL is attached for manual verification.
heracross-mega,Heracross maleega,214,https://assets.pokemon.com/assets/cms2/img/pokedex/full/214.png,https://raw.githubusercontent.com/PokeAPI/sprites/master/sprites/pokemon/other/official-artwork/10047.png,https://raw.githubusercontent.com/PokeAPI/sprites/master/sprites/pokemon/other/home/10047.png,https://raw.githubusercontent.com/PokeAPI/sprites/master/sprites/pokemon/other/official-artwork/10047.png,https://www.pokemon.com/us/pokedex/heracross,species-page,2026-04-13T11:45:21.940891-07:00,200,official_media_verified_link_generated,,pokemon.com page content is bot-protected; official page URL is attached for manual verification.
sneasel,Sneasel,215,https://assets.pokemon.com/assets/cms2/img/pokedex/full/215.png,https://raw.githubusercontent.com/PokeAPI/sprites/master/sprites/pokemon/other/official-artwork/215.png,https://raw.githubusercontent.com/PokeAPI/sprites/master/sprites/pokemon/other/home/215.png,https://raw.githubusercontent.com/PokeAPI/sprites/master/sprites/pokemon/other/official-artwork/215.png,https://www.pokemon.com/us/pokedex/sneasel,species-page,2026-04-13T11:45:21.940891-07:00,200,official_media_verified_link_generated,,pokemon.com page content is bot-protected; official page URL is attached for manual verification.
sneasel-hisui,Sneasel Hisui,215,https://assets.pokemon.com/assets/cms2/img/pokedex/full/215.png,https://raw.githubusercontent.com/PokeAPI/sprites/master/sprites/pokemon/other/official-artwork/10235.png,https://raw.githubusercontent.com/PokeAPI/sprites/master/sprites/pokemon/other/home/10235.png,https://raw.githubusercontent.com/PokeAPI/sprites/master/sprites/pokemon/other/official-artwork/10235.png,https://www.pokemon.com/us/pokedex/sneasel,species-page,2026-04-13T11:45:21.940891-07:00,200,official_media_verified_link_generated,,pokemon.com page content is bot-protected; official page URL is attached for manual verification.
teddiursa,Teddiursa,216,https://assets.pokemon.com/assets/cms2/img/pokedex/full/216.png,https://raw.githubusercontent.com/PokeAPI/sprites/master/sprites/pokemon/other/official-artwork/216.png,https://raw.githubusercontent.com/PokeAPI/sprites/master/sprites/pokemon/other/home/216.png,https://raw.githubusercontent.com/PokeAPI/sprites/master/sprites/pokemon/other/official-artwork/216.png,https://www.pokemon.com/us/pokedex/teddiursa,species-page,2026-04-13T11:45:21.940891-07:00,200,official_media_verified_link_generated,,pokemon.com page content is bot-protected; official page URL is attached for manual verification.
ursaring,Ursaring,217,https://assets.pokemon.com/assets/cms2/img/pokedex/full/217.png,https://raw.githubusercontent.com/PokeAPI/sprites/master/sprites/pokemon/other/official-artwork/217.png,https://raw.githubusercontent.com/PokeAPI/sprites/master/sprites/pokemon/other/home/217.png,https://raw.githubusercontent.com/PokeAPI/sprites/master/sprites/pokemon/other/official-artwork/217.png,https://www.pokemon.com/us/pokedex/ursaring,species-page,2026-04-13T11:45:21.940891-07:00,200,official_media_verified_link_generated,,pokemon.com page content is bot-protected; official page URL is attached for manual verification.
slugma,Slugma,218,https://assets.pokemon.com/assets/cms2/img/pokedex/full/218.png,https://raw.githubusercontent.com/PokeAPI/sprites/master/sprites/pokemon/other/official-artwork/218.png,https://raw.githubusercontent.com/PokeAPI/sprites/master/sprites/pokemon/other/home/218.png,https://raw.githubusercontent.com/PokeAPI/sprites/master/sprites/pokemon/other/official-artwork/218.png,https://www.pokemon.com/us/pokedex/slugma,species-page,2026-04-13T11:45:21.940891-07:00,200,official_media_verified_link_generated,,pokemon.com page content is bot-protected; official page URL is attached for manual verification.
magcargo,Magcargo,219,https://assets.pokemon.com/assets/cms2/img/pokedex/full/219.png,https://raw.githubusercontent.com/PokeAPI/sprites/master/sprites/pokemon/other/official-artwork/219.png,https://raw.githubusercontent.com/PokeAPI/sprites/master/sprites/pokemon/other/home/219.png,https://raw.githubusercontent.com/PokeAPI/sprites/master/sprites/pokemon/other/official-artwork/219.png,https://www.pokemon.com/us/pokedex/magcargo,species-page,2026-04-13T11:45:21.940891-07:00,200,official_media_verified_link_generated,,pokemon.com page content is bot-protected; official page URL is attached for manual verification.
swinub,Swinub,220,https://assets.pokemon.com/assets/cms2/img/pokedex/full/220.png,https://raw.githubusercontent.com/PokeAPI/sprites/master/sprites/pokemon/other/official-artwork/220.png,https://raw.githubusercontent.com/PokeAPI/sprites/master/sprites/pokemon/other/home/220.png,https://raw.githubusercontent.com/PokeAPI/sprites/master/sprites/pokemon/other/official-artwork/220.png,https://www.pokemon.com/us/pokedex/swinub,species-page,2026-04-13T11:45:21.940891-07:00,200,official_media_verified_link_generated,,pokemon.com page content is bot-protected; official page URL is attached for manual verification.
piloswine,Piloswine,221,https://assets.pokemon.com/assets/cms2/img/pokedex/full/221.png,https://raw.githubusercontent.com/PokeAPI/sprites/master/sprites/pokemon/other/official-artwork/221.png,https://raw.githubusercontent.com/PokeAPI/sprites/master/sprites/pokemon/other/home/221.png,https://raw.githubusercontent.com/PokeAPI/sprites/master/sprites/pokemon/other/official-artwork/221.png,https://www.pokemon.com/us/pokedex/piloswine,species-page,2026-04-13T11:45:21.940891-07:00,200,official_media_verified_link_generated,,pokemon.com page content is bot-protected; official page URL is attached for manual verification.
corsola,Corsola,222,https://assets.pokemon.com/assets/cms2/img/pokedex/full/222.png,https://raw.githubusercontent.com/PokeAPI/sprites/master/sprites/pokemon/other/official-artwork/222.png,https://raw.githubusercontent.com/PokeAPI/sprites/master/sprites/pokemon/other/home/222.png,https://raw.githubusercontent.com/PokeAPI/sprites/master/sprites/pokemon/other/official-artwork/222.png,https://www.pokemon.com/us/pokedex/corsola,species-page,2026-04-13T11:45:21.940891-07:00,200,official_media_verified_link_generated,,pokemon.com page content is bot-protected; official page URL is attached for manual verification.
corsola-galar,Corsola Galar,222,https://assets.pokemon.com/assets/cms2/img/pokedex/full/222.png,https://raw.githubusercontent.com/PokeAPI/sprites/master/sprites/pokemon/other/official-artwork/10173.png,https://raw.githubusercontent.com/PokeAPI/sprites/master/sprites/pokemon/other/home/10173.png,https://raw.githubusercontent.com/PokeAPI/sprites/master/sprites/pokemon/other/official-artwork/10173.png,https://www.pokemon.com/us/pokedex/corsola,species-page,2026-04-13T11:45:21.940891-07:00,200,official_media_verified_link_generated,,pokemon.com page content is bot-protected; official page URL is attached for manual verification.
remoraid,Remoraid,223,https://assets.pokemon.com/assets/cms2/img/pokedex/full/223.png,https://raw.githubusercontent.com/PokeAPI/sprites/master/sprites/pokemon/other/official-artwork/223.png,https://raw.githubusercontent.com/PokeAPI/sprites/master/sprites/pokemon/other/home/223.png,https://raw.githubusercontent.com/PokeAPI/sprites/master/sprites/pokemon/other/official-artwork/223.png,https://www.pokemon.com/us/pokedex/remoraid,species-page,2026-04-13T11:45:21.940891-07:00,200,official_media_verified_link_generated,,pokemon.com page content is bot-protected; official page URL is attached for manual verification.
octillery,Octillery,224,https://assets.pokemon.com/assets/cms2/img/pokedex/full/224.png,https://raw.githubusercontent.com/PokeAPI/sprites/master/sprites/pokemon/other/official-artwork/224.png,https://raw.githubusercontent.com/PokeAPI/sprites/master/sprites/pokemon/other/home/224.png,https://raw.githubusercontent.com/PokeAPI/sprites/master/sprites/pokemon/other/official-artwork/224.png,https://www.pokemon.com/us/pokedex/octillery,species-page,2026-04-13T11:45:21.940891-07:00,200,official_media_verified_link_generated,,pokemon.com page content is bot-protected; official page URL is attached for manual verification.
delibird,Delibird,225,https://assets.pokemon.com/assets/cms2/img/pokedex/full/225.png,https://raw.githubusercontent.com/PokeAPI/sprites/master/sprites/pokemon/other/official-artwork/225.png,https://raw.githubusercontent.com/PokeAPI/sprites/master/sprites/pokemon/other/home/225.png,https://raw.githubusercontent.com/PokeAPI/sprites/master/sprites/pokemon/other/official-artwork/225.png,https://www.pokemon.com/us/pokedex/delibird,species-page,2026-04-13T11:45:21.940891-07:00,200,official_media_verified_link_generated,,pokemon.com page content is bot-protected; official page URL is attached for manual verification.
mantine,Mantine,226,https://assets.pokemon.com/assets/cms2/img/pokedex/full/226.png,https://raw.githubusercontent.com/PokeAPI/sprites/master/sprites/pokemon/other/official-artwork/226.png,https://raw.githubusercontent.com/PokeAPI/sprites/master/sprites/pokemon/other/home/226.png,https://raw.githubusercontent.com/PokeAPI/sprites/master/sprites/pokemon/other/official-artwork/226.png,https://www.pokemon.com/us/pokedex/mantine,species-page,2026-04-13T11:45:21.940891-07:00,200,official_media_verified_link_generated,,pokemon.com page content is bot-protected; official page URL is attached for manual verification.
skarmory,Skarmory,227,https://assets.pokemon.com/assets/cms2/img/pokedex/full/227.png,https://raw.githubusercontent.com/PokeAPI/sprites/master/sprites/pokemon/other/official-artwork/227.png,https://raw.githubusercontent.com/PokeAPI/sprites/master/sprites/pokemon/other/home/227.png,https://raw.githubusercontent.com/PokeAPI/sprites/master/sprites/pokemon/other/official-artwork/227.png,https://www.pokemon.com/us/pokedex/skarmory,species-page,2026-04-13T11:45:21.940891-07:00,200,official_media_verified_link_generated,,pokemon.com page content is bot-protected; official page URL is attached for manual verification.
skarmory-mega,Skarmory maleega,227,https://assets.pokemon.com/assets/cms2/img/pokedex/full/227.png,https://raw.githubusercontent.com/PokeAPI/sprites/master/sprites/pokemon/other/official-artwork/10284.png,https://raw.githubusercontent.com/PokeAPI/sprites/master/sprites/pokemon/other/official-artwork/10284.png,https://raw.githubusercontent.com/PokeAPI/sprites/master/sprites/pokemon/other/official-artwork/10284.png,https://www.pokemon.com/us/pokedex/skarmory,species-page,2026-04-13T11:45:21.940891-07:00,200,official_media_verified_link_generated,,pokemon.com page content is bot-protected; official page URL is attached for manual verification.
houndour,Houndour,228,https://assets.pokemon.com/assets/cms2/img/pokedex/full/228.png,https://raw.githubusercontent.com/PokeAPI/sprites/master/sprites/pokemon/other/official-artwork/228.png,https://raw.githubusercontent.com/PokeAPI/sprites/master/sprites/pokemon/other/home/228.png,https://raw.githubusercontent.com/PokeAPI/sprites/master/sprites/pokemon/other/official-artwork/228.png,https://www.pokemon.com/us/pokedex/houndour,species-page,2026-04-13T11:45:21.940891-07:00,200,official_media_verified_link_generated,,pokemon.com page content is bot-protected; official page URL is attached for manual verification.
houndoom,Houndoom,229,https://assets.pokemon.com/assets/cms2/img/pokedex/full/229.png,https://raw.githubusercontent.com/PokeAPI/sprites/master/sprites/pokemon/other/official-artwork/229.png,https://raw.githubusercontent.com/PokeAPI/sprites/master/sprites/pokemon/other/home/229.png,https://raw.githubusercontent.com/PokeAPI/sprites/master/sprites/pokemon/other/official-artwork/229.png,https://www.pokemon.com/us/pokedex/houndoom,species-page,2026-04-13T11:45:21.940891-07:00,200,official_media_verified_link_generated,,pokemon.com page content is bot-protected; official page URL is attached for manual verification.
houndoom-mega,Houndoom maleega,229,https://assets.pokemon.com/assets/cms2/img/pokedex/full/229.png,https://raw.githubusercontent.com/PokeAPI/sprites/master/sprites/pokemon/other/official-artwork/10048.png,https://raw.githubusercontent.com/PokeAPI/sprites/master/sprites/pokemon/other/home/10048.png,https://raw.githubusercontent.com/PokeAPI/sprites/master/sprites/pokemon/other/official-artwork/10048.png,https://www.pokemon.com/us/pokedex/houndoom,species-page,2026-04-13T11:45:21.940891-07:00,200,official_media_verified_link_generated,,pokemon.com page content is bot-protected; official page URL is attached for manual verification.
kingdra,Kingdra,230,https://assets.pokemon.com/assets/cms2/img/pokedex/full/230.png,https://raw.githubusercontent.com/PokeAPI/sprites/master/sprites/pokemon/other/official-artwork/230.png,https://raw.githubusercontent.com/PokeAPI/sprites/master/sprites/pokemon/other/home/230.png,https://raw.githubusercontent.com/PokeAPI/sprites/master/sprites/pokemon/other/official-artwork/230.png,https://www.pokemon.com/us/pokedex/kingdra,species-page,2026-04-13T11:45:21.940891-07:00,200,official_media_verified_link_generated,,pokemon.com page content is bot-protected; official page URL is attached for manual verification.
phanpy,Phanpy,231,https://assets.pokemon.com/assets/cms2/img/pokedex/full/231.png,https://raw.githubusercontent.com/PokeAPI/sprites/master/sprites/pokemon/other/official-artwork/231.png,https://raw.githubusercontent.com/PokeAPI/sprites/master/sprites/pokemon/other/home/231.png,https://raw.githubusercontent.com/PokeAPI/sprites/master/sprites/pokemon/other/official-artwork/231.png,https://www.pokemon.com/us/pokedex/phanpy,species-page,2026-04-13T11:45:21.940891-07:00,200,official_media_verified_link_generated,,pokemon.com page content is bot-protected; official page URL is attached for manual verification.
donphan,Donphan,232,https://assets.pokemon.com/assets/cms2/img/pokedex/full/232.png,https://raw.githubusercontent.com/PokeAPI/sprites/master/sprites/pokemon/other/official-artwork/232.png,https://raw.githubusercontent.com/PokeAPI/sprites/master/sprites/pokemon/other/home/232.png,https://raw.githubusercontent.com/PokeAPI/sprites/master/sprites/pokemon/other/official-artwork/232.png,https://www.pokemon.com/us/pokedex/donphan,species-page,2026-04-13T11:45:21.940891-07:00,200,official_media_verified_link_generated,,pokemon.com page content is bot-protected; official page URL is attached for manual verification.
porygon2,Porygon2,233,https://assets.pokemon.com/assets/cms2/img/pokedex/full/233.png,https://raw.githubusercontent.com/PokeAPI/sprites/master/sprites/pokemon/other/official-artwork/233.png,https://raw.githubusercontent.com/PokeAPI/sprites/master/sprites/pokemon/other/home/233.png,https://raw.githubusercontent.com/PokeAPI/sprites/master/sprites/pokemon/other/official-artwork/233.png,https://www.pokemon.com/us/pokedex/porygon2,species-page,2026-04-13T11:45:21.940891-07:00,200,official_media_verified_link_generated,,pokemon.com page content is bot-protected; official page URL is attached for manual verification.
stantler,Stantler,234,https://assets.pokemon.com/assets/cms2/img/pokedex/full/234.png,https://raw.githubusercontent.com/PokeAPI/sprites/master/sprites/pokemon/other/official-artwork/234.png,https://raw.githubusercontent.com/PokeAPI/sprites/master/sprites/pokemon/other/home/234.png,https://raw.githubusercontent.com/PokeAPI/sprites/master/sprites/pokemon/other/official-artwork/234.png,https://www.pokemon.com/us/pokedex/stantler,species-page,2026-04-13T11:45:21.940891-07:00,200,official_media_verified_link_generated,,pokemon.com page content is bot-protected; official page URL is attached for manual verification.
smeargle,Smeargle,235,https://assets.pokemon.com/assets/cms2/img/pokedex/full/235.png,https://raw.githubusercontent.com/PokeAPI/sprites/master/sprites/pokemon/other/official-artwork/235.png,https://raw.githubusercontent.com/PokeAPI/sprites/master/sprites/pokemon/other/home/235.png,https://raw.githubusercontent.com/PokeAPI/sprites/master/sprites/pokemon/other/official-artwork/235.png,https://www.pokemon.com/us/pokedex/smeargle,species-page,2026-04-13T11:45:21.940891-07:00,200,official_media_verified_link_generated,,pokemon.com page content is bot-protected; official page URL is attached for manual verification.
tyrogue,Tyrogue,236,https://assets.pokemon.com/assets/cms2/img/pokedex/full/236.png,https://raw.githubusercontent.com/PokeAPI/sprites/master/sprites/pokemon/other/official-artwork/236.png,https://raw.githubusercontent.com/PokeAPI/sprites/master/sprites/pokemon/other/home/236.png,https://raw.githubusercontent.com/PokeAPI/sprites/master/sprites/pokemon/other/official-artwork/236.png,https://www.pokemon.com/us/pokedex/tyrogue,species-page,2026-04-13T11:45:21.940891-07:00,200,official_media_verified_link_generated,,pokemon.com page content is bot-protected; official page URL is attached for manual verification.
hitmontop,Hitmontop,237,https://assets.pokemon.com/assets/cms2/img/pokedex/full/237.png,https://raw.githubusercontent.com/PokeAPI/sprites/master/sprites/pokemon/other/official-artwork/237.png,https://raw.githubusercontent.com/PokeAPI/sprites/master/sprites/pokemon/other/home/237.png,https://raw.githubusercontent.com/PokeAPI/sprites/master/sprites/pokemon/other/official-artwork/237.png,https://www.pokemon.com/us/pokedex/hitmontop,species-page,2026-04-13T11:45:21.940891-07:00,200,official_media_verified_link_generated,,pokemon.com page content is bot-protected; official page URL is attached for manual verification.
smoochum,Smoochum,238,https://assets.pokemon.com/assets/cms2/img/pokedex/full/238.png,https://raw.githubusercontent.com/PokeAPI/sprites/master/sprites/pokemon/other/official-artwork/238.png,https://raw.githubusercontent.com/PokeAPI/sprites/master/sprites/pokemon/other/home/238.png,https://raw.githubusercontent.com/PokeAPI/sprites/master/sprites/pokemon/other/official-artwork/238.png,https://www.pokemon.com/us/pokedex/smoochum,species-page,2026-04-13T11:45:21.940891-07:00,200,official_media_verified_link_generated,,pokemon.com page content is bot-protected; official page URL is attached for manual verification.
elekid,Elekid,239,https://assets.pokemon.com/assets/cms2/img/pokedex/full/239.png,https://raw.githubusercontent.com/PokeAPI/sprites/master/sprites/pokemon/other/official-artwork/239.png,https://raw.githubusercontent.com/PokeAPI/sprites/master/sprites/pokemon/other/home/239.png,https://raw.githubusercontent.com/PokeAPI/sprites/master/sprites/pokemon/other/official-artwork/239.png,https://www.pokemon.com/us/pokedex/elekid,species-page,2026-04-13T11:45:21.940891-07:00,200,official_media_verified_link_generated,,pokemon.com page content is bot-protected; official page URL is attached for manual verification.
magby,Magby,240,https://assets.pokemon.com/assets/cms2/img/pokedex/full/240.png,https://raw.githubusercontent.com/PokeAPI/sprites/master/sprites/pokemon/other/official-artwork/240.png,https://raw.githubusercontent.com/PokeAPI/sprites/master/sprites/pokemon/other/home/240.png,https://raw.githubusercontent.com/PokeAPI/sprites/master/sprites/pokemon/other/official-artwork/240.png,https://www.pokemon.com/us/pokedex/magby,species-page,2026-04-13T11:45:21.940891-07:00,200,official_media_verified_link_generated,,pokemon.com page content is bot-protected; official page URL is attached for manual verification.
miltank,Miltank,241,https://assets.pokemon.com/assets/cms2/img/pokedex/full/241.png,https://raw.githubusercontent.com/PokeAPI/sprites/master/sprites/pokemon/other/official-artwork/241.png,https://raw.githubusercontent.com/PokeAPI/sprites/master/sprites/pokemon/other/home/241.png,https://raw.githubusercontent.com/PokeAPI/sprites/master/sprites/pokemon/other/official-artwork/241.png,https://www.pokemon.com/us/pokedex/miltank,species-page,2026-04-13T11:45:21.940891-07:00,200,official_media_verified_link_generated,,pokemon.com page content is bot-protected; official page URL is attached for manual verification.
blissey,Blissey,242,https://assets.pokemon.com/assets/cms2/img/pokedex/full/242.png,https://raw.githubusercontent.com/PokeAPI/sprites/master/sprites/pokemon/other/official-artwork/242.png,https://raw.githubusercontent.com/PokeAPI/sprites/master/sprites/pokemon/other/home/242.png,https://raw.githubusercontent.com/PokeAPI/sprites/master/sprites/pokemon/other/official-artwork/242.png,https://www.pokemon.com/us/pokedex/blissey,species-page,2026-04-13T11:45:21.940891-07:00,200,official_media_verified_link_generated,,pokemon.com page content is bot-protected; official page URL is attached for manual verification.
raikou,Raikou,243,https://assets.pokemon.com/assets/cms2/img/pokedex/full/243.png,https://raw.githubusercontent.com/PokeAPI/sprites/master/sprites/pokemon/other/official-artwork/243.png,https://raw.githubusercontent.com/PokeAPI/sprites/master/sprites/pokemon/other/home/243.png,https://raw.githubusercontent.com/PokeAPI/sprites/master/sprites/pokemon/other/official-artwork/243.png,https://www.pokemon.com/us/pokedex/raikou,species-page,2026-04-13T11:45:21.940891-07:00,200,official_media_verified_link_generated,,pokemon.com page content is bot-protected; official page URL is attached for manual verification.
entei,Entei,244,https://assets.pokemon.com/assets/cms2/img/pokedex/full/244.png,https://raw.githubusercontent.com/PokeAPI/sprites/master/sprites/pokemon/other/official-artwork/244.png,https://raw.githubusercontent.com/PokeAPI/sprites/master/sprites/pokemon/other/home/244.png,https://raw.githubusercontent.com/PokeAPI/sprites/master/sprites/pokemon/other/official-artwork/244.png,https://www.pokemon.com/us/pokedex/entei,species-page,2026-04-13T11:45:21.940891-07:00,200,official_media_verified_link_generated,,pokemon.com page content is bot-protected; official page URL is attached for manual verification.
suicune,Suicune,245,https://assets.pokemon.com/assets/cms2/img/pokedex/full/245.png,https://raw.githubusercontent.com/PokeAPI/sprites/master/sprites/pokemon/other/official-artwork/245.png,https://raw.githubusercontent.com/PokeAPI/sprites/master/sprites/pokemon/other/home/245.png,https://raw.githubusercontent.com/PokeAPI/sprites/master/sprites/pokemon/other/official-artwork/245.png,https://www.pokemon.com/us/pokedex/suicune,species-page,2026-04-13T11:45:21.940891-07:00,200,official_media_verified_link_generated,,pokemon.com page content is bot-protected; official page URL is attached for manual verification.
larvitar,Larvitar,246,https://assets.pokemon.com/assets/cms2/img/pokedex/full/246.png,https://raw.githubusercontent.com/PokeAPI/sprites/master/sprites/pokemon/other/official-artwork/246.png,https://raw.githubusercontent.com/PokeAPI/sprites/master/sprites/pokemon/other/home/246.png,https://raw.githubusercontent.com/PokeAPI/sprites/master/sprites/pokemon/other/official-artwork/246.png,https://www.pokemon.com/us/pokedex/larvitar,species-page,2026-04-13T11:45:21.940891-07:00,200,official_media_verified_link_generated,,pokemon.com page content is bot-protected; official page URL is attached for manual verification.
pupitar,Pupitar,247,https://assets.pokemon.com/assets/cms2/img/pokedex/full/247.png,https://raw.githubusercontent.com/PokeAPI/sprites/master/sprites/pokemon/other/official-artwork/247.png,https://raw.githubusercontent.com/PokeAPI/sprites/master/sprites/pokemon/other/home/247.png,https://raw.githubusercontent.com/PokeAPI/sprites/master/sprites/pokemon/other/official-artwork/247.png,https://www.pokemon.com/us/pokedex/pupitar,species-page,2026-04-13T11:45:21.940891-07:00,200,official_media_verified_link_generated,,pokemon.com page content is bot-protected; official page URL is attached for manual verification.
tyranitar,Tyranitar,248,https://assets.pokemon.com/assets/cms2/img/pokedex/full/248.png,https://raw.githubusercontent.com/PokeAPI/sprites/master/sprites/pokemon/other/official-artwork/248.png,https://raw.githubusercontent.com/PokeAPI/sprites/master/sprites/pokemon/other/home/248.png,https://raw.githubusercontent.com/PokeAPI/sprites/master/sprites/pokemon/other/official-artwork/248.png,https://www.pokemon.com/us/pokedex/tyranitar,species-page,2026-04-13T11:45:21.940891-07:00,200,official_media_verified_link_generated,,pokemon.com page content is bot-protected; official page URL is attached for manual verification.
tyranitar-mega,Tyranitar maleega,248,https://assets.pokemon.com/assets/cms2/img/pokedex/full/248.png,https://raw.githubusercontent.com/PokeAPI/sprites/master/sprites/pokemon/other/official-artwork/10049.png,https://raw.githubusercontent.com/PokeAPI/sprites/master/sprites/pokemon/other/home/10049.png,https://raw.githubusercontent.com/PokeAPI/sprites/master/sprites/pokemon/other/official-artwork/10049.png,https://www.pokemon.com/us/pokedex/tyranitar,species-page,2026-04-13T11:45:21.940891-07:00,200,official_media_verified_link_generated,,pokemon.com page content is bot-protected; official page URL is attached for manual verification.
lugia,Lugia,249,https://assets.pokemon.com/assets/cms2/img/pokedex/full/249.png,https://raw.githubusercontent.com/PokeAPI/sprites/master/sprites/pokemon/other/official-artwork/249.png,https://raw.githubusercontent.com/PokeAPI/sprites/master/sprites/pokemon/other/home/249.png,https://raw.githubusercontent.com/PokeAPI/sprites/master/sprites/pokemon/other/official-artwork/249.png,https://www.pokemon.com/us/pokedex/lugia,species-page,2026-04-13T11:45:21.940891-07:00,200,official_media_verified_link_generated,,pokemon.com page content is bot-protected; official page URL is attached for manual verification.
ho-oh,Ho Oh,250,https://assets.pokemon.com/assets/cms2/img/pokedex/full/250.png,https://raw.githubusercontent.com/PokeAPI/sprites/master/sprites/pokemon/other/official-artwork/250.png,https://raw.githubusercontent.com/PokeAPI/sprites/master/sprites/pokemon/other/home/250.png,https://raw.githubusercontent.com/PokeAPI/sprites/master/sprites/pokemon/other/official-artwork/250.png,https://www.pokemon.com/us/pokedex/ho-oh,species-page,2026-04-13T11:45:21.940891-07:00,200,official_media_verified_link_generated,,pokemon.com page content is bot-protected; official page URL is attached for manual verification.
celebi,Celebi,251,https://assets.pokemon.com/assets/cms2/img/pokedex/full/251.png,https://raw.githubusercontent.com/PokeAPI/sprites/master/sprites/pokemon/other/official-artwork/251.png,https://raw.githubusercontent.com/PokeAPI/sprites/master/sprites/pokemon/other/home/251.png,https://raw.githubusercontent.com/PokeAPI/sprites/master/sprites/pokemon/other/official-artwork/251.png,https://www.pokemon.com/us/pokedex/celebi,species-page,2026-04-13T11:45:21.940891-07:00,200,official_media_verified_link_generated,,pokemon.com page content is bot-protected; official page URL is attached for manual verification.
treecko,Treecko,252,https://assets.pokemon.com/assets/cms2/img/pokedex/full/252.png,https://raw.githubusercontent.com/PokeAPI/sprites/master/sprites/pokemon/other/official-artwork/252.png,https://raw.githubusercontent.com/PokeAPI/sprites/master/sprites/pokemon/other/home/252.png,https://raw.githubusercontent.com/PokeAPI/sprites/master/sprites/pokemon/other/official-artwork/252.png,https://www.pokemon.com/us/pokedex/treecko,species-page,2026-04-13T11:45:21.940891-07:00,200,official_media_verified_link_generated,,pokemon.com page content is bot-protected; official page URL is attached for manual verification.
grovyle,Grovyle,253,https://assets.pokemon.com/assets/cms2/img/pokedex/full/253.png,https://raw.githubusercontent.com/PokeAPI/sprites/master/sprites/pokemon/other/official-artwork/253.png,https://raw.githubusercontent.com/PokeAPI/sprites/master/sprites/pokemon/other/home/253.png,https://raw.githubusercontent.com/PokeAPI/sprites/master/sprites/pokemon/other/official-artwork/253.png,https://www.pokemon.com/us/pokedex/grovyle,species-page,2026-04-13T11:45:21.940891-07:00,200,official_media_verified_link_generated,,pokemon.com page content is bot-protected; official page URL is attached for manual verification.
sceptile,Sceptile,254,https://assets.pokemon.com/assets/cms2/img/pokedex/full/254.png,https://raw.githubusercontent.com/PokeAPI/sprites/master/sprites/pokemon/other/official-artwork/254.png,https://raw.githubusercontent.com/PokeAPI/sprites/master/sprites/pokemon/other/home/254.png,https://raw.githubusercontent.com/PokeAPI/sprites/master/sprites/pokemon/other/official-artwork/254.png,https://www.pokemon.com/us/pokedex/sceptile,species-page,2026-04-13T11:45:21.940891-07:00,200,official_media_verified_link_generated,,pokemon.com page content is bot-protected; official page URL is attached for manual verification.
sceptile-mega,Sceptile maleega,254,https://assets.pokemon.com/assets/cms2/img/pokedex/full/254.png,https://raw.githubusercontent.com/PokeAPI/sprites/master/sprites/pokemon/other/official-artwork/10065.png,https://raw.githubusercontent.com/PokeAPI/sprites/master/sprites/pokemon/other/home/10065.png,https://raw.githubusercontent.com/PokeAPI/sprites/master/sprites/pokemon/other/official-artwork/10065.png,https://www.pokemon.com/us/pokedex/sceptile,species-page,2026-04-13T11:45:21.940891-07:00,200,official_media_verified_link_generated,,pokemon.com page content is bot-protected; official page URL is attached for manual verification.
torchic,Torchic,255,https://assets.pokemon.com/assets/cms2/img/pokedex/full/255.png,https://raw.githubusercontent.com/PokeAPI/sprites/master/sprites/pokemon/other/official-artwork/255.png,https://raw.githubusercontent.com/PokeAPI/sprites/master/sprites/pokemon/other/home/255.png,https://raw.githubusercontent.com/PokeAPI/sprites/master/sprites/pokemon/other/official-artwork/255.png,https://www.pokemon.com/us/pokedex/torchic,species-page,2026-04-13T11:45:21.940891-07:00,200,official_media_verified_link_generated,,pokemon.com page content is bot-protected; official page URL is attached for manual verification.
combusken,Combusken,256,https://assets.pokemon.com/assets/cms2/img/pokedex/full/256.png,https://raw.githubusercontent.com/PokeAPI/sprites/master/sprites/pokemon/other/official-artwork/256.png,https://raw.githubusercontent.com/PokeAPI/sprites/master/sprites/pokemon/other/home/256.png,https://raw.githubusercontent.com/PokeAPI/sprites/master/sprites/pokemon/other/official-artwork/256.png,https://www.pokemon.com/us/pokedex/combusken,species-page,2026-04-13T11:45:21.940891-07:00,200,official_media_verified_link_generated,,pokemon.com page content is bot-protected; official page URL is attached for manual verification.
blaziken,Blaziken,257,https://assets.pokemon.com/assets/cms2/img/pokedex/full/257.png,https://raw.githubusercontent.com/PokeAPI/sprites/master/sprites/pokemon/other/official-artwork/257.png,https://raw.githubusercontent.com/PokeAPI/sprites/master/sprites/pokemon/other/home/257.png,https://raw.githubusercontent.com/PokeAPI/sprites/master/sprites/pokemon/other/official-artwork/257.png,https://www.pokemon.com/us/pokedex/blaziken,species-page,2026-04-13T11:45:21.940891-07:00,200,official_media_verified_link_generated,,pokemon.com page content is bot-protected; official page URL is attached for manual verification.
blaziken-mega,Blaziken maleega,257,https://assets.pokemon.com/assets/cms2/img/pokedex/full/257.png,https://raw.githubusercontent.com/PokeAPI/sprites/master/sprites/pokemon/other/official-artwork/10050.png,https://raw.githubusercontent.com/PokeAPI/sprites/master/sprites/pokemon/other/home/10050.png,https://raw.githubusercontent.com/PokeAPI/sprites/master/sprites/pokemon/other/official-artwork/10050.png,https://www.pokemon.com/us/pokedex/blaziken,species-page,2026-04-13T11:45:21.940891-07:00,200,official_media_verified_link_generated,,pokemon.com page content is bot-protected; official page URL is attached for manual verification.
mudkip,Mudkip,258,https://assets.pokemon.com/assets/cms2/img/pokedex/full/258.png,https://raw.githubusercontent.com/PokeAPI/sprites/master/sprites/pokemon/other/official-artwork/258.png,https://raw.githubusercontent.com/PokeAPI/sprites/master/sprites/pokemon/other/home/258.png,https://raw.githubusercontent.com/PokeAPI/sprites/master/sprites/pokemon/other/official-artwork/258.png,https://www.pokemon.com/us/pokedex/mudkip,species-page,2026-04-13T11:45:21.940891-07:00,200,official_media_verified_link_generated,,pokemon.com page content is bot-protected; official page URL is attached for manual verification.
marshtomp,Marshtomp,259,https://assets.pokemon.com/assets/cms2/img/pokedex/full/259.png,https://raw.githubusercontent.com/PokeAPI/sprites/master/sprites/pokemon/other/official-artwork/259.png,https://raw.githubusercontent.com/PokeAPI/sprites/master/sprites/pokemon/other/home/259.png,https://raw.githubusercontent.com/PokeAPI/sprites/master/sprites/pokemon/other/official-artwork/259.png,https://www.pokemon.com/us/pokedex/marshtomp,species-page,2026-04-13T11:45:21.940891-07:00,200,official_media_verified_link_generated,,pokemon.com page content is bot-protected; official page URL is attached for manual verification.
swampert,Swampert,260,https://assets.pokemon.com/assets/cms2/img/pokedex/full/260.png,https://raw.githubusercontent.com/PokeAPI/sprites/master/sprites/pokemon/other/official-artwork/260.png,https://raw.githubusercontent.com/PokeAPI/sprites/master/sprites/pokemon/other/home/260.png,https://raw.githubusercontent.com/PokeAPI/sprites/master/sprites/pokemon/other/official-artwork/260.png,https://www.pokemon.com/us/pokedex/swampert,species-page,2026-04-13T11:45:21.940891-07:00,200,official_media_verified_link_generated,,pokemon.com page content is bot-protected; official page URL is attached for manual verification.
swampert-mega,Swampert maleega,260,https://assets.pokemon.com/assets/cms2/img/pokedex/full/260.png,https://raw.githubusercontent.com/PokeAPI/sprites/master/sprites/pokemon/other/official-artwork/10064.png,https://raw.githubusercontent.com/PokeAPI/sprites/master/sprites/pokemon/other/home/10064.png,https://raw.githubusercontent.com/PokeAPI/sprites/master/sprites/pokemon/other/official-artwork/10064.png,https://www.pokemon.com/us/pokedex/swampert,species-page,2026-04-13T11:45:21.940891-07:00,200,official_media_verified_link_generated,,pokemon.com page content is bot-protected; official page URL is attached for manual verification.
poochyena,Poochyena,261,https://assets.pokemon.com/assets/cms2/img/pokedex/full/261.png,https://raw.githubusercontent.com/PokeAPI/sprites/master/sprites/pokemon/other/official-artwork/261.png,https://raw.githubusercontent.com/PokeAPI/sprites/master/sprites/pokemon/other/home/261.png,https://raw.githubusercontent.com/PokeAPI/sprites/master/sprites/pokemon/other/official-artwork/261.png,https://www.pokemon.com/us/pokedex/poochyena,species-page,2026-04-13T11:45:21.940891-07:00,200,official_media_verified_link_generated,,pokemon.com page content is bot-protected; official page URL is attached for manual verification.
mightyena,Mightyena,262,https://assets.pokemon.com/assets/cms2/img/pokedex/full/262.png,https://raw.githubusercontent.com/PokeAPI/sprites/master/sprites/pokemon/other/official-artwork/262.png,https://raw.githubusercontent.com/PokeAPI/sprites/master/sprites/pokemon/other/home/262.png,https://raw.githubusercontent.com/PokeAPI/sprites/master/sprites/pokemon/other/official-artwork/262.png,https://www.pokemon.com/us/pokedex/mightyena,species-page,2026-04-13T11:45:21.940891-07:00,200,official_media_verified_link_generated,,pokemon.com page content is bot-protected; official page URL is attached for manual verification.
zigzagoon,Zigzagoon,263,https://assets.pokemon.com/assets/cms2/img/pokedex/full/263.png,https://raw.githubusercontent.com/PokeAPI/sprites/master/sprites/pokemon/other/official-artwork/263.png,https://raw.githubusercontent.com/PokeAPI/sprites/master/sprites/pokemon/other/home/263.png,https://raw.githubusercontent.com/PokeAPI/sprites/master/sprites/pokemon/other/official-artwork/263.png,https://www.pokemon.com/us/pokedex/zigzagoon,species-page,2026-04-13T11:45:21.940891-07:00,200,official_media_verified_link_generated,,pokemon.com page content is bot-protected; official page URL is attached for manual verification.
zigzagoon-galar,Zigzagoon Galar,263,https://assets.pokemon.com/assets/cms2/img/pokedex/full/263.png,https://raw.githubusercontent.com/PokeAPI/sprites/master/sprites/pokemon/other/official-artwork/10174.png,https://raw.githubusercontent.com/PokeAPI/sprites/master/sprites/pokemon/other/home/10174.png,https://raw.githubusercontent.com/PokeAPI/sprites/master/sprites/pokemon/other/official-artwork/10174.png,https://www.pokemon.com/us/pokedex/zigzagoon,species-page,2026-04-13T11:45:21.940891-07:00,200,official_media_verified_link_generated,,pokemon.com page content is bot-protected; official page URL is attached for manual verification.
linoone,Linoone,264,https://assets.pokemon.com/assets/cms2/img/pokedex/full/264.png,https://raw.githubusercontent.com/PokeAPI/sprites/master/sprites/pokemon/other/official-artwork/264.png,https://raw.githubusercontent.com/PokeAPI/sprites/master/sprites/pokemon/other/home/264.png,https://raw.githubusercontent.com/PokeAPI/sprites/master/sprites/pokemon/other/official-artwork/264.png,https://www.pokemon.com/us/pokedex/linoone,species-page,2026-04-13T11:45:21.940891-07:00,200,official_media_verified_link_generated,,pokemon.com page content is bot-protected; official page URL is attached for manual verification.
linoone-galar,Linoone Galar,264,https://assets.pokemon.com/assets/cms2/img/pokedex/full/264.png,https://raw.githubusercontent.com/PokeAPI/sprites/master/sprites/pokemon/other/official-artwork/10175.png,https://raw.githubusercontent.com/PokeAPI/sprites/master/sprites/pokemon/other/home/10175.png,https://raw.githubusercontent.com/PokeAPI/sprites/master/sprites/pokemon/other/official-artwork/10175.png,https://www.pokemon.com/us/pokedex/linoone,species-page,2026-04-13T11:45:21.940891-07:00,200,official_media_verified_link_generated,,pokemon.com page content is bot-protected; official page URL is attached for manual verification.
wurmple,Wurmple,265,https://assets.pokemon.com/assets/cms2/img/pokedex/full/265.png,https://raw.githubusercontent.com/PokeAPI/sprites/master/sprites/pokemon/other/official-artwork/265.png,https://raw.githubusercontent.com/PokeAPI/sprites/master/sprites/pokemon/other/home/265.png,https://raw.githubusercontent.com/PokeAPI/sprites/master/sprites/pokemon/other/official-artwork/265.png,https://www.pokemon.com/us/pokedex/wurmple,species-page,2026-04-13T11:45:21.940891-07:00,200,official_media_verified_link_generated,,pokemon.com page content is bot-protected; official page URL is attached for manual verification.
silcoon,Silcoon,266,https://assets.pokemon.com/assets/cms2/img/pokedex/full/266.png,https://raw.githubusercontent.com/PokeAPI/sprites/master/sprites/pokemon/other/official-artwork/266.png,https://raw.githubusercontent.com/PokeAPI/sprites/master/sprites/pokemon/other/home/266.png,https://raw.githubusercontent.com/PokeAPI/sprites/master/sprites/pokemon/other/official-artwork/266.png,https://www.pokemon.com/us/pokedex/silcoon,species-page,2026-04-13T11:45:21.940891-07:00,200,official_media_verified_link_generated,,pokemon.com page content is bot-protected; official page URL is attached for manual verification.
beautifly,Beautifly,267,https://assets.pokemon.com/assets/cms2/img/pokedex/full/267.png,https://raw.githubusercontent.com/PokeAPI/sprites/master/sprites/pokemon/other/official-artwork/267.png,https://raw.githubusercontent.com/PokeAPI/sprites/master/sprites/pokemon/other/home/267.png,https://raw.githubusercontent.com/PokeAPI/sprites/master/sprites/pokemon/other/official-artwork/267.png,https://www.pokemon.com/us/pokedex/beautifly,species-page,2026-04-13T11:45:21.940891-07:00,200,official_media_verified_link_generated,,pokemon.com page content is bot-protected; official page URL is attached for manual verification.
cascoon,Cascoon,268,https://assets.pokemon.com/assets/cms2/img/pokedex/full/268.png,https://raw.githubusercontent.com/PokeAPI/sprites/master/sprites/pokemon/other/official-artwork/268.png,https://raw.githubusercontent.com/PokeAPI/sprites/master/sprites/pokemon/other/home/268.png,https://raw.githubusercontent.com/PokeAPI/sprites/master/sprites/pokemon/other/official-artwork/268.png,https://www.pokemon.com/us/pokedex/cascoon,species-page,2026-04-13T11:45:21.940891-07:00,200,official_media_verified_link_generated,,pokemon.com page content is bot-protected; official page URL is attached for manual verification.
dustox,Dustox,269,https://assets.pokemon.com/assets/cms2/img/pokedex/full/269.png,https://raw.githubusercontent.com/PokeAPI/sprites/master/sprites/pokemon/other/official-artwork/269.png,https://raw.githubusercontent.com/PokeAPI/sprites/master/sprites/pokemon/other/home/269.png,https://raw.githubusercontent.com/PokeAPI/sprites/master/sprites/pokemon/other/official-artwork/269.png,https://www.pokemon.com/us/pokedex/dustox,species-page,2026-04-13T11:45:21.940891-07:00,200,official_media_verified_link_generated,,pokemon.com page content is bot-protected; official page URL is attached for manual verification.
lotad,Lotad,270,https://assets.pokemon.com/assets/cms2/img/pokedex/full/270.png,https://raw.githubusercontent.com/PokeAPI/sprites/master/sprites/pokemon/other/official-artwork/270.png,https://raw.githubusercontent.com/PokeAPI/sprites/master/sprites/pokemon/other/home/270.png,https://raw.githubusercontent.com/PokeAPI/sprites/master/sprites/pokemon/other/official-artwork/270.png,https://www.pokemon.com/us/pokedex/lotad,species-page,2026-04-13T11:45:21.940891-07:00,200,official_media_verified_link_generated,,pokemon.com page content is bot-protected; official page URL is attached for manual verification.
lombre,Lombre,271,https://assets.pokemon.com/assets/cms2/img/pokedex/full/271.png,https://raw.githubusercontent.com/PokeAPI/sprites/master/sprites/pokemon/other/official-artwork/271.png,https://raw.githubusercontent.com/PokeAPI/sprites/master/sprites/pokemon/other/home/271.png,https://raw.githubusercontent.com/PokeAPI/sprites/master/sprites/pokemon/other/official-artwork/271.png,https://www.pokemon.com/us/pokedex/lombre,species-page,2026-04-13T11:45:21.940891-07:00,200,official_media_verified_link_generated,,pokemon.com page content is bot-protected; official page URL is attached for manual verification.
ludicolo,Ludicolo,272,https://assets.pokemon.com/assets/cms2/img/pokedex/full/272.png,https://raw.githubusercontent.com/PokeAPI/sprites/master/sprites/pokemon/other/official-artwork/272.png,https://raw.githubusercontent.com/PokeAPI/sprites/master/sprites/pokemon/other/home/272.png,https://raw.githubusercontent.com/PokeAPI/sprites/master/sprites/pokemon/other/official-artwork/272.png,https://www.pokemon.com/us/pokedex/ludicolo,species-page,2026-04-13T11:45:21.940891-07:00,200,official_media_verified_link_generated,,pokemon.com page content is bot-protected; official page URL is attached for manual verification.
seedot,Seedot,273,https://assets.pokemon.com/assets/cms2/img/pokedex/full/273.png,https://raw.githubusercontent.com/PokeAPI/sprites/master/sprites/pokemon/other/official-artwork/273.png,https://raw.githubusercontent.com/PokeAPI/sprites/master/sprites/pokemon/other/home/273.png,https://raw.githubusercontent.com/PokeAPI/sprites/master/sprites/pokemon/other/official-artwork/273.png,https://www.pokemon.com/us/pokedex/seedot,species-page,2026-04-13T11:45:21.940891-07:00,200,official_media_verified_link_generated,,pokemon.com page content is bot-protected; official page URL is attached for manual verification.
nuzleaf,Nuzleaf,274,https://assets.pokemon.com/assets/cms2/img/pokedex/full/274.png,https://raw.githubusercontent.com/PokeAPI/sprites/master/sprites/pokemon/other/official-artwork/274.png,https://raw.githubusercontent.com/PokeAPI/sprites/master/sprites/pokemon/other/home/274.png,https://raw.githubusercontent.com/PokeAPI/sprites/master/sprites/pokemon/other/official-artwork/274.png,https://www.pokemon.com/us/pokedex/nuzleaf,species-page,2026-04-13T11:45:21.940891-07:00,200,official_media_verified_link_generated,,pokemon.com page content is bot-protected; official page URL is attached for manual verification.
shiftry,Shiftry,275,https://assets.pokemon.com/assets/cms2/img/pokedex/full/275.png,https://raw.githubusercontent.com/PokeAPI/sprites/master/sprites/pokemon/other/official-artwork/275.png,https://raw.githubusercontent.com/PokeAPI/sprites/master/sprites/pokemon/other/home/275.png,https://raw.githubusercontent.com/PokeAPI/sprites/master/sprites/pokemon/other/official-artwork/275.png,https://www.pokemon.com/us/pokedex/shiftry,species-page,2026-04-13T11:45:21.940891-07:00,200,official_media_verified_link_generated,,pokemon.com page content is bot-protected; official page URL is attached for manual verification.
taillow,Taillow,276,https://assets.pokemon.com/assets/cms2/img/pokedex/full/276.png,https://raw.githubusercontent.com/PokeAPI/sprites/master/sprites/pokemon/other/official-artwork/276.png,https://raw.githubusercontent.com/PokeAPI/sprites/master/sprites/pokemon/other/home/276.png,https://raw.githubusercontent.com/PokeAPI/sprites/master/sprites/pokemon/other/official-artwork/276.png,https://www.pokemon.com/us/pokedex/taillow,species-page,2026-04-13T11:45:21.940891-07:00,200,official_media_verified_link_generated,,pokemon.com page content is bot-protected; official page URL is attached for manual verification.
swellow,Swellow,277,https://assets.pokemon.com/assets/cms2/img/pokedex/full/277.png,https://raw.githubusercontent.com/PokeAPI/sprites/master/sprites/pokemon/other/official-artwork/277.png,https://raw.githubusercontent.com/PokeAPI/sprites/master/sprites/pokemon/other/home/277.png,https://raw.githubusercontent.com/PokeAPI/sprites/master/sprites/pokemon/other/official-artwork/277.png,https://www.pokemon.com/us/pokedex/swellow,species-page,2026-04-13T11:45:21.940891-07:00,200,official_media_verified_link_generated,,pokemon.com page content is bot-protected; official page URL is attached for manual verification.
wingull,Wingull,278,https://assets.pokemon.com/assets/cms2/img/pokedex/full/278.png,https://raw.githubusercontent.com/PokeAPI/sprites/master/sprites/pokemon/other/official-artwork/278.png,https://raw.githubusercontent.com/PokeAPI/sprites/master/sprites/pokemon/other/home/278.png,https://raw.githubusercontent.com/PokeAPI/sprites/master/sprites/pokemon/other/official-artwork/278.png,https://www.pokemon.com/us/pokedex/wingull,species-page,2026-04-13T11:45:21.940891-07:00,200,official_media_verified_link_generated,,pokemon.com page content is bot-protected; official page URL is attached for manual verification.
pelipper,Pelipper,279,https://assets.pokemon.com/assets/cms2/img/pokedex/full/279.png,https://raw.githubusercontent.com/PokeAPI/sprites/master/sprites/pokemon/other/official-artwork/279.png,https://raw.githubusercontent.com/PokeAPI/sprites/master/sprites/pokemon/other/home/279.png,https://raw.githubusercontent.com/PokeAPI/sprites/master/sprites/pokemon/other/official-artwork/279.png,https://www.pokemon.com/us/pokedex/pelipper,species-page,2026-04-13T11:45:21.940891-07:00,200,official_media_verified_link_generated,,pokemon.com page content is bot-protected; official page URL is attached for manual verification.
ralts,Ralts,280,https://assets.pokemon.com/assets/cms2/img/pokedex/full/280.png,https://raw.githubusercontent.com/PokeAPI/sprites/master/sprites/pokemon/other/official-artwork/280.png,https://raw.githubusercontent.com/PokeAPI/sprites/master/sprites/pokemon/other/home/280.png,https://raw.githubusercontent.com/PokeAPI/sprites/master/sprites/pokemon/other/official-artwork/280.png,https://www.pokemon.com/us/pokedex/ralts,species-page,2026-04-13T11:45:21.940891-07:00,200,official_media_verified_link_generated,,pokemon.com page content is bot-protected; official page URL is attached for manual verification.
kirlia,Kirlia,281,https://assets.pokemon.com/assets/cms2/img/pokedex/full/281.png,https://raw.githubusercontent.com/PokeAPI/sprites/master/sprites/pokemon/other/official-artwork/281.png,https://raw.githubusercontent.com/PokeAPI/sprites/master/sprites/pokemon/other/home/281.png,https://raw.githubusercontent.com/PokeAPI/sprites/master/sprites/pokemon/other/official-artwork/281.png,https://www.pokemon.com/us/pokedex/kirlia,species-page,2026-04-13T11:45:21.940891-07:00,200,official_media_verified_link_generated,,pokemon.com page content is bot-protected; official page URL is attached for manual verification.
gardevoir,Gardevoir,282,https://assets.pokemon.com/assets/cms2/img/pokedex/full/282.png,https://raw.githubusercontent.com/PokeAPI/sprites/master/sprites/pokemon/other/official-artwork/282.png,https://raw.githubusercontent.com/PokeAPI/sprites/master/sprites/pokemon/other/home/282.png,https://raw.githubusercontent.com/PokeAPI/sprites/master/sprites/pokemon/other/official-artwork/282.png,https://www.pokemon.com/us/pokedex/gardevoir,species-page,2026-04-13T11:45:21.940891-07:00,200,official_media_verified_link_generated,,pokemon.com page content is bot-protected; official page URL is attached for manual verification.
gardevoir-mega,Gardevoir maleega,282,https://assets.pokemon.com/assets/cms2/img/pokedex/full/282.png,https://raw.githubusercontent.com/PokeAPI/sprites/master/sprites/pokemon/other/official-artwork/10051.png,https://raw.githubusercontent.com/PokeAPI/sprites/master/sprites/pokemon/other/home/10051.png,https://raw.githubusercontent.com/PokeAPI/sprites/master/sprites/pokemon/other/official-artwork/10051.png,https://www.pokemon.com/us/pokedex/gardevoir,species-page,2026-04-13T11:45:21.940891-07:00,200,official_media_verified_link_generated,,pokemon.com page content is bot-protected; official page URL is attached for manual verification.
surskit,Surskit,283,https://assets.pokemon.com/assets/cms2/img/pokedex/full/283.png,https://raw.githubusercontent.com/PokeAPI/sprites/master/sprites/pokemon/other/official-artwork/283.png,https://raw.githubusercontent.com/PokeAPI/sprites/master/sprites/pokemon/other/home/283.png,https://raw.githubusercontent.com/PokeAPI/sprites/master/sprites/pokemon/other/official-artwork/283.png,https://www.pokemon.com/us/pokedex/surskit,species-page,2026-04-13T11:45:21.940891-07:00,200,official_media_verified_link_generated,,pokemon.com page content is bot-protected; official page URL is attached for manual verification.
masquerain,Masquerain,284,https://assets.pokemon.com/assets/cms2/img/pokedex/full/284.png,https://raw.githubusercontent.com/PokeAPI/sprites/master/sprites/pokemon/other/official-artwork/284.png,https://raw.githubusercontent.com/PokeAPI/sprites/master/sprites/pokemon/other/home/284.png,https://raw.githubusercontent.com/PokeAPI/sprites/master/sprites/pokemon/other/official-artwork/284.png,https://www.pokemon.com/us/pokedex/masquerain,species-page,2026-04-13T11:45:21.940891-07:00,200,official_media_verified_link_generated,,pokemon.com page content is bot-protected; official page URL is attached for manual verification.
shroomish,Shroomish,285,https://assets.pokemon.com/assets/cms2/img/pokedex/full/285.png,https://raw.githubusercontent.com/PokeAPI/sprites/master/sprites/pokemon/other/official-artwork/285.png,https://raw.githubusercontent.com/PokeAPI/sprites/master/sprites/pokemon/other/home/285.png,https://raw.githubusercontent.com/PokeAPI/sprites/master/sprites/pokemon/other/official-artwork/285.png,https://www.pokemon.com/us/pokedex/shroomish,species-page,2026-04-13T11:45:21.940891-07:00,200,official_media_verified_link_generated,,pokemon.com page content is bot-protected; official page URL is attached for manual verification.
breloom,Breloom,286,https://assets.pokemon.com/assets/cms2/img/pokedex/full/286.png,https://raw.githubusercontent.com/PokeAPI/sprites/master/sprites/pokemon/other/official-artwork/286.png,https://raw.githubusercontent.com/PokeAPI/sprites/master/sprites/pokemon/other/home/286.png,https://raw.githubusercontent.com/PokeAPI/sprites/master/sprites/pokemon/other/official-artwork/286.png,https://www.pokemon.com/us/pokedex/breloom,species-page,2026-04-13T11:45:21.940891-07:00,200,official_media_verified_link_generated,,pokemon.com page content is bot-protected; official page URL is attached for manual verification.
slakoth,Slakoth,287,https://assets.pokemon.com/assets/cms2/img/pokedex/full/287.png,https://raw.githubusercontent.com/PokeAPI/sprites/master/sprites/pokemon/other/official-artwork/287.png,https://raw.githubusercontent.com/PokeAPI/sprites/master/sprites/pokemon/other/home/287.png,https://raw.githubusercontent.com/PokeAPI/sprites/master/sprites/pokemon/other/official-artwork/287.png,https://www.pokemon.com/us/pokedex/slakoth,species-page,2026-04-13T11:45:21.940891-07:00,200,official_media_verified_link_generated,,pokemon.com page content is bot-protected; official page URL is attached for manual verification.
vigoroth,Vigoroth,288,https://assets.pokemon.com/assets/cms2/img/pokedex/full/288.png,https://raw.githubusercontent.com/PokeAPI/sprites/master/sprites/pokemon/other/official-artwork/288.png,https://raw.githubusercontent.com/PokeAPI/sprites/master/sprites/pokemon/other/home/288.png,https://raw.githubusercontent.com/PokeAPI/sprites/master/sprites/pokemon/other/official-artwork/288.png,https://www.pokemon.com/us/pokedex/vigoroth,species-page,2026-04-13T11:45:21.940891-07:00,200,official_media_verified_link_generated,,pokemon.com page content is bot-protected; official page URL is attached for manual verification.
slaking,Slaking,289,https://assets.pokemon.com/assets/cms2/img/pokedex/full/289.png,https://raw.githubusercontent.com/PokeAPI/sprites/master/sprites/pokemon/other/official-artwork/289.png,https://raw.githubusercontent.com/PokeAPI/sprites/master/sprites/pokemon/other/home/289.png,https://raw.githubusercontent.com/PokeAPI/sprites/master/sprites/pokemon/other/official-artwork/289.png,https://www.pokemon.com/us/pokedex/slaking,species-page,2026-04-13T11:45:21.940891-07:00,200,official_media_verified_link_generated,,pokemon.com page content is bot-protected; official page URL is attached for manual verification.
nincada,Nincada,290,https://assets.pokemon.com/assets/cms2/img/pokedex/full/290.png,https://raw.githubusercontent.com/PokeAPI/sprites/master/sprites/pokemon/other/official-artwork/290.png,https://raw.githubusercontent.com/PokeAPI/sprites/master/sprites/pokemon/other/home/290.png,https://raw.githubusercontent.com/PokeAPI/sprites/master/sprites/pokemon/other/official-artwork/290.png,https://www.pokemon.com/us/pokedex/nincada,species-page,2026-04-13T11:45:21.940891-07:00,200,official_media_verified_link_generated,,pokemon.com page content is bot-protected; official page URL is attached for manual verification.
ninjask,Ninjask,291,https://assets.pokemon.com/assets/cms2/img/pokedex/full/291.png,https://raw.githubusercontent.com/PokeAPI/sprites/master/sprites/pokemon/other/official-artwork/291.png,https://raw.githubusercontent.com/PokeAPI/sprites/master/sprites/pokemon/other/home/291.png,https://raw.githubusercontent.com/PokeAPI/sprites/master/sprites/pokemon/other/official-artwork/291.png,https://www.pokemon.com/us/pokedex/ninjask,species-page,2026-04-13T11:45:21.940891-07:00,200,official_media_verified_link_generated,,pokemon.com page content is bot-protected; official page URL is attached for manual verification.
shedinja,Shedinja,292,https://assets.pokemon.com/assets/cms2/img/pokedex/full/292.png,https://raw.githubusercontent.com/PokeAPI/sprites/master/sprites/pokemon/other/official-artwork/292.png,https://raw.githubusercontent.com/PokeAPI/sprites/master/sprites/pokemon/other/home/292.png,https://raw.githubusercontent.com/PokeAPI/sprites/master/sprites/pokemon/other/official-artwork/292.png,https://www.pokemon.com/us/pokedex/shedinja,species-page,2026-04-13T11:45:21.940891-07:00,200,official_media_verified_link_generated,,pokemon.com page content is bot-protected; official page URL is attached for manual verification.
whismur,Whismur,293,https://assets.pokemon.com/assets/cms2/img/pokedex/full/293.png,https://raw.githubusercontent.com/PokeAPI/sprites/master/sprites/pokemon/other/official-artwork/293.png,https://raw.githubusercontent.com/PokeAPI/sprites/master/sprites/pokemon/other/home/293.png,https://raw.githubusercontent.com/PokeAPI/sprites/master/sprites/pokemon/other/official-artwork/293.png,https://www.pokemon.com/us/pokedex/whismur,species-page,2026-04-13T11:45:21.940891-07:00,200,official_media_verified_link_generated,,pokemon.com page content is bot-protected; official page URL is attached for manual verification.
loudred,Loudred,294,https://assets.pokemon.com/assets/cms2/img/pokedex/full/294.png,https://raw.githubusercontent.com/PokeAPI/sprites/master/sprites/pokemon/other/official-artwork/294.png,https://raw.githubusercontent.com/PokeAPI/sprites/master/sprites/pokemon/other/home/294.png,https://raw.githubusercontent.com/PokeAPI/sprites/master/sprites/pokemon/other/official-artwork/294.png,https://www.pokemon.com/us/pokedex/loudred,species-page,2026-04-13T11:45:21.940891-07:00,200,official_media_verified_link_generated,,pokemon.com page content is bot-protected; official page URL is attached for manual verification.
exploud,Exploud,295,https://assets.pokemon.com/assets/cms2/img/pokedex/full/295.png,https://raw.githubusercontent.com/PokeAPI/sprites/master/sprites/pokemon/other/official-artwork/295.png,https://raw.githubusercontent.com/PokeAPI/sprites/master/sprites/pokemon/other/home/295.png,https://raw.githubusercontent.com/PokeAPI/sprites/master/sprites/pokemon/other/official-artwork/295.png,https://www.pokemon.com/us/pokedex/exploud,species-page,2026-04-13T11:45:21.940891-07:00,200,official_media_verified_link_generated,,pokemon.com page content is bot-protected; official page URL is attached for manual verification.
makuhita,Makuhita,296,https://assets.pokemon.com/assets/cms2/img/pokedex/full/296.png,https://raw.githubusercontent.com/PokeAPI/sprites/master/sprites/pokemon/other/official-artwork/296.png,https://raw.githubusercontent.com/PokeAPI/sprites/master/sprites/pokemon/other/home/296.png,https://raw.githubusercontent.com/PokeAPI/sprites/master/sprites/pokemon/other/official-artwork/296.png,https://www.pokemon.com/us/pokedex/makuhita,species-page,2026-04-13T11:45:21.940891-07:00,200,official_media_verified_link_generated,,pokemon.com page content is bot-protected; official page URL is attached for manual verification.
hariyama,Hariyama,297,https://assets.pokemon.com/assets/cms2/img/pokedex/full/297.png,https://raw.githubusercontent.com/PokeAPI/sprites/master/sprites/pokemon/other/official-artwork/297.png,https://raw.githubusercontent.com/PokeAPI/sprites/master/sprites/pokemon/other/home/297.png,https://raw.githubusercontent.com/PokeAPI/sprites/master/sprites/pokemon/other/official-artwork/297.png,https://www.pokemon.com/us/pokedex/hariyama,species-page,2026-04-13T11:45:21.940891-07:00,200,official_media_verified_link_generated,,pokemon.com page content is bot-protected; official page URL is attached for manual verification.
azurill,Azurill,298,https://assets.pokemon.com/assets/cms2/img/pokedex/full/298.png,https://raw.githubusercontent.com/PokeAPI/sprites/master/sprites/pokemon/other/official-artwork/298.png,https://raw.githubusercontent.com/PokeAPI/sprites/master/sprites/pokemon/other/home/298.png,https://raw.githubusercontent.com/PokeAPI/sprites/master/sprites/pokemon/other/official-artwork/298.png,https://www.pokemon.com/us/pokedex/azurill,species-page,2026-04-13T11:45:21.940891-07:00,200,official_media_verified_link_generated,,pokemon.com page content is bot-protected; official page URL is attached for manual verification.
nosepass,Nosepass,299,https://assets.pokemon.com/assets/cms2/img/pokedex/full/299.png,https://raw.githubusercontent.com/PokeAPI/sprites/master/sprites/pokemon/other/official-artwork/299.png,https://raw.githubusercontent.com/PokeAPI/sprites/master/sprites/pokemon/other/home/299.png,https://raw.githubusercontent.com/PokeAPI/sprites/master/sprites/pokemon/other/official-artwork/299.png,https://www.pokemon.com/us/pokedex/nosepass,species-page,2026-04-13T11:45:21.940891-07:00,200,official_media_verified_link_generated,,pokemon.com page content is bot-protected; official page URL is attached for manual verification.
skitty,Skitty,300,https://assets.pokemon.com/assets/cms2/img/pokedex/full/300.png,https://raw.githubusercontent.com/PokeAPI/sprites/master/sprites/pokemon/other/official-artwork/300.png,https://raw.githubusercontent.com/PokeAPI/sprites/master/sprites/pokemon/other/home/300.png,https://raw.githubusercontent.com/PokeAPI/sprites/master/sprites/pokemon/other/official-artwork/300.png,https://www.pokemon.com/us/pokedex/skitty,species-page,2026-04-13T11:45:21.940891-07:00,200,official_media_verified_link_generated,,pokemon.com page content is bot-protected; official page URL is attached for manual verification.
delcatty,Delcatty,301,https://assets.pokemon.com/assets/cms2/img/pokedex/full/301.png,https://raw.githubusercontent.com/PokeAPI/sprites/master/sprites/pokemon/other/official-artwork/301.png,https://raw.githubusercontent.com/PokeAPI/sprites/master/sprites/pokemon/other/home/301.png,https://raw.githubusercontent.com/PokeAPI/sprites/master/sprites/pokemon/other/official-artwork/301.png,https://www.pokemon.com/us/pokedex/delcatty,species-page,2026-04-13T11:45:21.940891-07:00,200,official_media_verified_link_generated,,pokemon.com page content is bot-protected; official page URL is attached for manual verification.
sableye,Sableye,302,https://assets.pokemon.com/assets/cms2/img/pokedex/full/302.png,https://raw.githubusercontent.com/PokeAPI/sprites/master/sprites/pokemon/other/official-artwork/302.png,https://raw.githubusercontent.com/PokeAPI/sprites/master/sprites/pokemon/other/home/302.png,https://raw.githubusercontent.com/PokeAPI/sprites/master/sprites/pokemon/other/official-artwork/302.png,https://www.pokemon.com/us/pokedex/sableye,species-page,2026-04-13T11:45:21.940891-07:00,200,official_media_verified_link_generated,,pokemon.com page content is bot-protected; official page URL is attached for manual verification.
sableye-mega,Sableye maleega,302,https://assets.pokemon.com/assets/cms2/img/pokedex/full/302.png,https://raw.githubusercontent.com/PokeAPI/sprites/master/sprites/pokemon/other/official-artwork/10066.png,https://raw.githubusercontent.com/PokeAPI/sprites/master/sprites/pokemon/other/home/10066.png,https://raw.githubusercontent.com/PokeAPI/sprites/master/sprites/pokemon/other/official-artwork/10066.png,https://www.pokemon.com/us/pokedex/sableye,species-page,2026-04-13T11:45:21.940891-07:00,200,official_media_verified_link_generated,,pokemon.com page content is bot-protected; official page URL is attached for manual verification.
mawile,Mawile,303,https://assets.pokemon.com/assets/cms2/img/pokedex/full/303.png,https://raw.githubusercontent.com/PokeAPI/sprites/master/sprites/pokemon/other/official-artwork/303.png,https://raw.githubusercontent.com/PokeAPI/sprites/master/sprites/pokemon/other/home/303.png,https://raw.githubusercontent.com/PokeAPI/sprites/master/sprites/pokemon/other/official-artwork/303.png,https://www.pokemon.com/us/pokedex/mawile,species-page,2026-04-13T11:45:21.940891-07:00,200,official_media_verified_link_generated,,pokemon.com page content is bot-protected; official page URL is attached for manual verification.
mawile-mega,Mawile maleega,303,https://assets.pokemon.com/assets/cms2/img/pokedex/full/303.png,https://raw.githubusercontent.com/PokeAPI/sprites/master/sprites/pokemon/other/official-artwork/10052.png,https://raw.githubusercontent.com/PokeAPI/sprites/master/sprites/pokemon/other/home/10052.png,https://raw.githubusercontent.com/PokeAPI/sprites/master/sprites/pokemon/other/official-artwork/10052.png,https://www.pokemon.com/us/pokedex/mawile,species-page,2026-04-13T11:45:21.940891-07:00,200,official_media_verified_link_generated,,pokemon.com page content is bot-protected; official page URL is attached for manual verification.
aron,Aron,304,https://assets.pokemon.com/assets/cms2/img/pokedex/full/304.png,https://raw.githubusercontent.com/PokeAPI/sprites/master/sprites/pokemon/other/official-artwork/304.png,https://raw.githubusercontent.com/PokeAPI/sprites/master/sprites/pokemon/other/home/304.png,https://raw.githubusercontent.com/PokeAPI/sprites/master/sprites/pokemon/other/official-artwork/304.png,https://www.pokemon.com/us/pokedex/aron,species-page,2026-04-13T11:45:21.940891-07:00,200,official_media_verified_link_generated,,pokemon.com page content is bot-protected; official page URL is attached for manual verification.
lairon,Lairon,305,https://assets.pokemon.com/assets/cms2/img/pokedex/full/305.png,https://raw.githubusercontent.com/PokeAPI/sprites/master/sprites/pokemon/other/official-artwork/305.png,https://raw.githubusercontent.com/PokeAPI/sprites/master/sprites/pokemon/other/home/305.png,https://raw.githubusercontent.com/PokeAPI/sprites/master/sprites/pokemon/other/official-artwork/305.png,https://www.pokemon.com/us/pokedex/lairon,species-page,2026-04-13T11:45:21.940891-07:00,200,official_media_verified_link_generated,,pokemon.com page content is bot-protected; official page URL is attached for manual verification.
aggron,Aggron,306,https://assets.pokemon.com/assets/cms2/img/pokedex/full/306.png,https://raw.githubusercontent.com/PokeAPI/sprites/master/sprites/pokemon/other/official-artwork/306.png,https://raw.githubusercontent.com/PokeAPI/sprites/master/sprites/pokemon/other/home/306.png,https://raw.githubusercontent.com/PokeAPI/sprites/master/sprites/pokemon/other/official-artwork/306.png,https://www.pokemon.com/us/pokedex/aggron,species-page,2026-04-13T11:45:21.940891-07:00,200,official_media_verified_link_generated,,pokemon.com page content is bot-protected; official page URL is attached for manual verification.
aggron-mega,Aggron maleega,306,https://assets.pokemon.com/assets/cms2/img/pokedex/full/306.png,https://raw.githubusercontent.com/PokeAPI/sprites/master/sprites/pokemon/other/official-artwork/10053.png,https://raw.githubusercontent.com/PokeAPI/sprites/master/sprites/pokemon/other/home/10053.png,https://raw.githubusercontent.com/PokeAPI/sprites/master/sprites/pokemon/other/official-artwork/10053.png,https://www.pokemon.com/us/pokedex/aggron,species-page,2026-04-13T11:45:21.940891-07:00,200,official_media_verified_link_generated,,pokemon.com page content is bot-protected; official page URL is attached for manual verification.
meditite,Meditite,307,https://assets.pokemon.com/assets/cms2/img/pokedex/full/307.png,https://raw.githubusercontent.com/PokeAPI/sprites/master/sprites/pokemon/other/official-artwork/307.png,https://raw.githubusercontent.com/PokeAPI/sprites/master/sprites/pokemon/other/home/307.png,https://raw.githubusercontent.com/PokeAPI/sprites/master/sprites/pokemon/other/official-artwork/307.png,https://www.pokemon.com/us/pokedex/meditite,species-page,2026-04-13T11:45:21.940891-07:00,200,official_media_verified_link_generated,,pokemon.com page content is bot-protected; official page URL is attached for manual verification.
medicham,Medicham,308,https://assets.pokemon.com/assets/cms2/img/pokedex/full/308.png,https://raw.githubusercontent.com/PokeAPI/sprites/master/sprites/pokemon/other/official-artwork/308.png,https://raw.githubusercontent.com/PokeAPI/sprites/master/sprites/pokemon/other/home/308.png,https://raw.githubusercontent.com/PokeAPI/sprites/master/sprites/pokemon/other/official-artwork/308.png,https://www.pokemon.com/us/pokedex/medicham,species-page,2026-04-13T11:45:21.940891-07:00,200,official_media_verified_link_generated,,pokemon.com page content is bot-protected; official page URL is attached for manual verification.
medicham-mega,Medicham maleega,308,https://assets.pokemon.com/assets/cms2/img/pokedex/full/308.png,https://raw.githubusercontent.com/PokeAPI/sprites/master/sprites/pokemon/other/official-artwork/10054.png,https://raw.githubusercontent.com/PokeAPI/sprites/master/sprites/pokemon/other/home/10054.png,https://raw.githubusercontent.com/PokeAPI/sprites/master/sprites/pokemon/other/official-artwork/10054.png,https://www.pokemon.com/us/pokedex/medicham,species-page,2026-04-13T11:45:21.940891-07:00,200,official_media_verified_link_generated,,pokemon.com page content is bot-protected; official page URL is attached for manual verification.
electrike,Electrike,309,https://assets.pokemon.com/assets/cms2/img/pokedex/full/309.png,https://raw.githubusercontent.com/PokeAPI/sprites/master/sprites/pokemon/other/official-artwork/309.png,https://raw.githubusercontent.com/PokeAPI/sprites/master/sprites/pokemon/other/home/309.png,https://raw.githubusercontent.com/PokeAPI/sprites/master/sprites/pokemon/other/official-artwork/309.png,https://www.pokemon.com/us/pokedex/electrike,species-page,2026-04-13T11:45:21.940891-07:00,200,official_media_verified_link_generated,,pokemon.com page content is bot-protected; official page URL is attached for manual verification.
manectric,Manectric,310,https://assets.pokemon.com/assets/cms2/img/pokedex/full/310.png,https://raw.githubusercontent.com/PokeAPI/sprites/master/sprites/pokemon/other/official-artwork/310.png,https://raw.githubusercontent.com/PokeAPI/sprites/master/sprites/pokemon/other/home/310.png,https://raw.githubusercontent.com/PokeAPI/sprites/master/sprites/pokemon/other/official-artwork/310.png,https://www.pokemon.com/us/pokedex/manectric,species-page,2026-04-13T11:45:21.940891-07:00,200,official_media_verified_link_generated,,pokemon.com page content is bot-protected; official page URL is attached for manual verification.
manectric-mega,Manectric maleega,310,https://assets.pokemon.com/assets/cms2/img/pokedex/full/310.png,https://raw.githubusercontent.com/PokeAPI/sprites/master/sprites/pokemon/other/official-artwork/10055.png,https://raw.githubusercontent.com/PokeAPI/sprites/master/sprites/pokemon/other/home/10055.png,https://raw.githubusercontent.com/PokeAPI/sprites/master/sprites/pokemon/other/official-artwork/10055.png,https://www.pokemon.com/us/pokedex/manectric,species-page,2026-04-13T11:45:21.940891-07:00,200,official_media_verified_link_generated,,pokemon.com page content is bot-protected; official page URL is attached for manual verification.
plusle,Plusle,311,https://assets.pokemon.com/assets/cms2/img/pokedex/full/311.png,https://raw.githubusercontent.com/PokeAPI/sprites/master/sprites/pokemon/other/official-artwork/311.png,https://raw.githubusercontent.com/PokeAPI/sprites/master/sprites/pokemon/other/home/311.png,https://raw.githubusercontent.com/PokeAPI/sprites/master/sprites/pokemon/other/official-artwork/311.png,https://www.pokemon.com/us/pokedex/plusle,species-page,2026-04-13T11:45:21.940891-07:00,200,official_media_verified_link_generated,,pokemon.com page content is bot-protected; official page URL is attached for manual verification.
minun,Minun,312,https://assets.pokemon.com/assets/cms2/img/pokedex/full/312.png,https://raw.githubusercontent.com/PokeAPI/sprites/master/sprites/pokemon/other/official-artwork/312.png,https://raw.githubusercontent.com/PokeAPI/sprites/master/sprites/pokemon/other/home/312.png,https://raw.githubusercontent.com/PokeAPI/sprites/master/sprites/pokemon/other/official-artwork/312.png,https://www.pokemon.com/us/pokedex/minun,species-page,2026-04-13T11:45:21.940891-07:00,200,official_media_verified_link_generated,,pokemon.com page content is bot-protected; official page URL is attached for manual verification.
volbeat,Volbeat,313,https://assets.pokemon.com/assets/cms2/img/pokedex/full/313.png,https://raw.githubusercontent.com/PokeAPI/sprites/master/sprites/pokemon/other/official-artwork/313.png,https://raw.githubusercontent.com/PokeAPI/sprites/master/sprites/pokemon/other/home/313.png,https://raw.githubusercontent.com/PokeAPI/sprites/master/sprites/pokemon/other/official-artwork/313.png,https://www.pokemon.com/us/pokedex/volbeat,species-page,2026-04-13T11:45:21.940891-07:00,200,official_media_verified_link_generated,,pokemon.com page content is bot-protected; official page URL is attached for manual verification.
illumise,Illumise,314,https://assets.pokemon.com/assets/cms2/img/pokedex/full/314.png,https://raw.githubusercontent.com/PokeAPI/sprites/master/sprites/pokemon/other/official-artwork/314.png,https://raw.githubusercontent.com/PokeAPI/sprites/master/sprites/pokemon/other/home/314.png,https://raw.githubusercontent.com/PokeAPI/sprites/master/sprites/pokemon/other/official-artwork/314.png,https://www.pokemon.com/us/pokedex/illumise,species-page,2026-04-13T11:45:21.940891-07:00,200,official_media_verified_link_generated,,pokemon.com page content is bot-protected; official page URL is attached for manual verification.
roselia,Roselia,315,https://assets.pokemon.com/assets/cms2/img/pokedex/full/315.png,https://raw.githubusercontent.com/PokeAPI/sprites/master/sprites/pokemon/other/official-artwork/315.png,https://raw.githubusercontent.com/PokeAPI/sprites/master/sprites/pokemon/other/home/315.png,https://raw.githubusercontent.com/PokeAPI/sprites/master/sprites/pokemon/other/official-artwork/315.png,https://www.pokemon.com/us/pokedex/roselia,species-page,2026-04-13T11:45:21.940891-07:00,200,official_media_verified_link_generated,,pokemon.com page content is bot-protected; official page URL is attached for manual verification.
gulpin,Gulpin,316,https://assets.pokemon.com/assets/cms2/img/pokedex/full/316.png,https://raw.githubusercontent.com/PokeAPI/sprites/master/sprites/pokemon/other/official-artwork/316.png,https://raw.githubusercontent.com/PokeAPI/sprites/master/sprites/pokemon/other/home/316.png,https://raw.githubusercontent.com/PokeAPI/sprites/master/sprites/pokemon/other/official-artwork/316.png,https://www.pokemon.com/us/pokedex/gulpin,species-page,2026-04-13T11:45:21.940891-07:00,200,official_media_verified_link_generated,,pokemon.com page content is bot-protected; official page URL is attached for manual verification.
swalot,Swalot,317,https://assets.pokemon.com/assets/cms2/img/pokedex/full/317.png,https://raw.githubusercontent.com/PokeAPI/sprites/master/sprites/pokemon/other/official-artwork/317.png,https://raw.githubusercontent.com/PokeAPI/sprites/master/sprites/pokemon/other/home/317.png,https://raw.githubusercontent.com/PokeAPI/sprites/master/sprites/pokemon/other/official-artwork/317.png,https://www.pokemon.com/us/pokedex/swalot,species-page,2026-04-13T11:45:21.940891-07:00,200,official_media_verified_link_generated,,pokemon.com page content is bot-protected; official page URL is attached for manual verification.
carvanha,Carvanha,318,https://assets.pokemon.com/assets/cms2/img/pokedex/full/318.png,https://raw.githubusercontent.com/PokeAPI/sprites/master/sprites/pokemon/other/official-artwork/318.png,https://raw.githubusercontent.com/PokeAPI/sprites/master/sprites/pokemon/other/home/318.png,https://raw.githubusercontent.com/PokeAPI/sprites/master/sprites/pokemon/other/official-artwork/318.png,https://www.pokemon.com/us/pokedex/carvanha,species-page,2026-04-13T11:45:21.940891-07:00,200,official_media_verified_link_generated,,pokemon.com page content is bot-protected; official page URL is attached for manual verification.
sharpedo,Sharpedo,319,https://assets.pokemon.com/assets/cms2/img/pokedex/full/319.png,https://raw.githubusercontent.com/PokeAPI/sprites/master/sprites/pokemon/other/official-artwork/319.png,https://raw.githubusercontent.com/PokeAPI/sprites/master/sprites/pokemon/other/home/319.png,https://raw.githubusercontent.com/PokeAPI/sprites/master/sprites/pokemon/other/official-artwork/319.png,https://www.pokemon.com/us/pokedex/sharpedo,species-page,2026-04-13T11:45:21.940891-07:00,200,official_media_verified_link_generated,,pokemon.com page content is bot-protected; official page URL is attached for manual verification.
sharpedo-mega,Sharpedo maleega,319,https://assets.pokemon.com/assets/cms2/img/pokedex/full/319.png,https://raw.githubusercontent.com/PokeAPI/sprites/master/sprites/pokemon/other/official-artwork/10070.png,https://raw.githubusercontent.com/PokeAPI/sprites/master/sprites/pokemon/other/home/10070.png,https://raw.githubusercontent.com/PokeAPI/sprites/master/sprites/pokemon/other/official-artwork/10070.png,https://www.pokemon.com/us/pokedex/sharpedo,species-page,2026-04-13T11:45:21.940891-07:00,200,official_media_verified_link_generated,,pokemon.com page content is bot-protected; official page URL is attached for manual verification.
wailmer,Wailmer,320,https://assets.pokemon.com/assets/cms2/img/pokedex/full/320.png,https://raw.githubusercontent.com/PokeAPI/sprites/master/sprites/pokemon/other/official-artwork/320.png,https://raw.githubusercontent.com/PokeAPI/sprites/master/sprites/pokemon/other/home/320.png,https://raw.githubusercontent.com/PokeAPI/sprites/master/sprites/pokemon/other/official-artwork/320.png,https://www.pokemon.com/us/pokedex/wailmer,species-page,2026-04-13T11:45:21.940891-07:00,200,official_media_verified_link_generated,,pokemon.com page content is bot-protected; official page URL is attached for manual verification.
wailord,Wailord,321,https://assets.pokemon.com/assets/cms2/img/pokedex/full/321.png,https://raw.githubusercontent.com/PokeAPI/sprites/master/sprites/pokemon/other/official-artwork/321.png,https://raw.githubusercontent.com/PokeAPI/sprites/master/sprites/pokemon/other/home/321.png,https://raw.githubusercontent.com/PokeAPI/sprites/master/sprites/pokemon/other/official-artwork/321.png,https://www.pokemon.com/us/pokedex/wailord,species-page,2026-04-13T11:45:21.940891-07:00,200,official_media_verified_link_generated,,pokemon.com page content is bot-protected; official page URL is attached for manual verification.
numel,Numel,322,https://assets.pokemon.com/assets/cms2/img/pokedex/full/322.png,https://raw.githubusercontent.com/PokeAPI/sprites/master/sprites/pokemon/other/official-artwork/322.png,https://raw.githubusercontent.com/PokeAPI/sprites/master/sprites/pokemon/other/home/322.png,https://raw.githubusercontent.com/PokeAPI/sprites/master/sprites/pokemon/other/official-artwork/322.png,https://www.pokemon.com/us/pokedex/numel,species-page,2026-04-13T11:45:21.940891-07:00,200,official_media_verified_link_generated,,pokemon.com page content is bot-protected; official page URL is attached for manual verification.
camerupt,Camerupt,323,https://assets.pokemon.com/assets/cms2/img/pokedex/full/323.png,https://raw.githubusercontent.com/PokeAPI/sprites/master/sprites/pokemon/other/official-artwork/323.png,https://raw.githubusercontent.com/PokeAPI/sprites/master/sprites/pokemon/other/home/323.png,https://raw.githubusercontent.com/PokeAPI/sprites/master/sprites/pokemon/other/official-artwork/323.png,https://www.pokemon.com/us/pokedex/camerupt,species-page,2026-04-13T11:45:21.940891-07:00,200,official_media_verified_link_generated,,pokemon.com page content is bot-protected; official page URL is attached for manual verification.
camerupt-mega,Camerupt maleega,323,https://assets.pokemon.com/assets/cms2/img/pokedex/full/323.png,https://raw.githubusercontent.com/PokeAPI/sprites/master/sprites/pokemon/other/official-artwork/10087.png,https://raw.githubusercontent.com/PokeAPI/sprites/master/sprites/pokemon/other/home/10087.png,https://raw.githubusercontent.com/PokeAPI/sprites/master/sprites/pokemon/other/official-artwork/10087.png,https://www.pokemon.com/us/pokedex/camerupt,species-page,2026-04-13T11:45:21.940891-07:00,200,official_media_verified_link_generated,,pokemon.com page content is bot-protected; official page URL is attached for manual verification.
torkoal,Torkoal,324,https://assets.pokemon.com/assets/cms2/img/pokedex/full/324.png,https://raw.githubusercontent.com/PokeAPI/sprites/master/sprites/pokemon/other/official-artwork/324.png,https://raw.githubusercontent.com/PokeAPI/sprites/master/sprites/pokemon/other/home/324.png,https://raw.githubusercontent.com/PokeAPI/sprites/master/sprites/pokemon/other/official-artwork/324.png,https://www.pokemon.com/us/pokedex/torkoal,species-page,2026-04-13T11:45:21.940891-07:00,200,official_media_verified_link_generated,,pokemon.com page content is bot-protected; official page URL is attached for manual verification.
spoink,Spoink,325,https://assets.pokemon.com/assets/cms2/img/pokedex/full/325.png,https://raw.githubusercontent.com/PokeAPI/sprites/master/sprites/pokemon/other/official-artwork/325.png,https://raw.githubusercontent.com/PokeAPI/sprites/master/sprites/pokemon/other/home/325.png,https://raw.githubusercontent.com/PokeAPI/sprites/master/sprites/pokemon/other/official-artwork/325.png,https://www.pokemon.com/us/pokedex/spoink,species-page,2026-04-13T11:45:21.940891-07:00,200,official_media_verified_link_generated,,pokemon.com page content is bot-protected; official page URL is attached for manual verification.
grumpig,Grumpig,326,https://assets.pokemon.com/assets/cms2/img/pokedex/full/326.png,https://raw.githubusercontent.com/PokeAPI/sprites/master/sprites/pokemon/other/official-artwork/326.png,https://raw.githubusercontent.com/PokeAPI/sprites/master/sprites/pokemon/other/home/326.png,https://raw.githubusercontent.com/PokeAPI/sprites/master/sprites/pokemon/other/official-artwork/326.png,https://www.pokemon.com/us/pokedex/grumpig,species-page,2026-04-13T11:45:21.940891-07:00,200,official_media_verified_link_generated,,pokemon.com page content is bot-protected; official page URL is attached for manual verification.
spinda,Spinda,327,https://assets.pokemon.com/assets/cms2/img/pokedex/full/327.png,https://raw.githubusercontent.com/PokeAPI/sprites/master/sprites/pokemon/other/official-artwork/327.png,https://raw.githubusercontent.com/PokeAPI/sprites/master/sprites/pokemon/other/home/327.png,https://raw.githubusercontent.com/PokeAPI/sprites/master/sprites/pokemon/other/official-artwork/327.png,https://www.pokemon.com/us/pokedex/spinda,species-page,2026-04-13T11:45:21.940891-07:00,200,official_media_verified_link_generated,,pokemon.com page content is bot-protected; official page URL is attached for manual verification.
trapinch,Trapinch,328,https://assets.pokemon.com/assets/cms2/img/pokedex/full/328.png,https://raw.githubusercontent.com/PokeAPI/sprites/master/sprites/pokemon/other/official-artwork/328.png,https://raw.githubusercontent.com/PokeAPI/sprites/master/sprites/pokemon/other/home/328.png,https://raw.githubusercontent.com/PokeAPI/sprites/master/sprites/pokemon/other/official-artwork/328.png,https://www.pokemon.com/us/pokedex/trapinch,species-page,2026-04-13T11:45:21.940891-07:00,200,official_media_verified_link_generated,,pokemon.com page content is bot-protected; official page URL is attached for manual verification.
vibrava,Vibrava,329,https://assets.pokemon.com/assets/cms2/img/pokedex/full/329.png,https://raw.githubusercontent.com/PokeAPI/sprites/master/sprites/pokemon/other/official-artwork/329.png,https://raw.githubusercontent.com/PokeAPI/sprites/master/sprites/pokemon/other/home/329.png,https://raw.githubusercontent.com/PokeAPI/sprites/master/sprites/pokemon/other/official-artwork/329.png,https://www.pokemon.com/us/pokedex/vibrava,species-page,2026-04-13T11:45:21.940891-07:00,200,official_media_verified_link_generated,,pokemon.com page content is bot-protected; official page URL is attached for manual verification.
flygon,Flygon,330,https://assets.pokemon.com/assets/cms2/img/pokedex/full/330.png,https://raw.githubusercontent.com/PokeAPI/sprites/master/sprites/pokemon/other/official-artwork/330.png,https://raw.githubusercontent.com/PokeAPI/sprites/master/sprites/pokemon/other/home/330.png,https://raw.githubusercontent.com/PokeAPI/sprites/master/sprites/pokemon/other/official-artwork/330.png,https://www.pokemon.com/us/pokedex/flygon,species-page,2026-04-13T11:45:21.940891-07:00,200,official_media_verified_link_generated,,pokemon.com page content is bot-protected; official page URL is attached for manual verification.
cacnea,Cacnea,331,https://assets.pokemon.com/assets/cms2/img/pokedex/full/331.png,https://raw.githubusercontent.com/PokeAPI/sprites/master/sprites/pokemon/other/official-artwork/331.png,https://raw.githubusercontent.com/PokeAPI/sprites/master/sprites/pokemon/other/home/331.png,https://raw.githubusercontent.com/PokeAPI/sprites/master/sprites/pokemon/other/official-artwork/331.png,https://www.pokemon.com/us/pokedex/cacnea,species-page,2026-04-13T11:45:21.940891-07:00,200,official_media_verified_link_generated,,pokemon.com page content is bot-protected; official page URL is attached for manual verification.
cacturne,Cacturne,332,https://assets.pokemon.com/assets/cms2/img/pokedex/full/332.png,https://raw.githubusercontent.com/PokeAPI/sprites/master/sprites/pokemon/other/official-artwork/332.png,https://raw.githubusercontent.com/PokeAPI/sprites/master/sprites/pokemon/other/home/332.png,https://raw.githubusercontent.com/PokeAPI/sprites/master/sprites/pokemon/other/official-artwork/332.png,https://www.pokemon.com/us/pokedex/cacturne,species-page,2026-04-13T11:45:21.940891-07:00,200,official_media_verified_link_generated,,pokemon.com page content is bot-protected; official page URL is attached for manual verification.
swablu,Swablu,333,https://assets.pokemon.com/assets/cms2/img/pokedex/full/333.png,https://raw.githubusercontent.com/PokeAPI/sprites/master/sprites/pokemon/other/official-artwork/333.png,https://raw.githubusercontent.com/PokeAPI/sprites/master/sprites/pokemon/other/home/333.png,https://raw.githubusercontent.com/PokeAPI/sprites/master/sprites/pokemon/other/official-artwork/333.png,https://www.pokemon.com/us/pokedex/swablu,species-page,2026-04-13T11:45:21.940891-07:00,200,official_media_verified_link_generated,,pokemon.com page content is bot-protected; official page URL is attached for manual verification.
altaria,Altaria,334,https://assets.pokemon.com/assets/cms2/img/pokedex/full/334.png,https://raw.githubusercontent.com/PokeAPI/sprites/master/sprites/pokemon/other/official-artwork/334.png,https://raw.githubusercontent.com/PokeAPI/sprites/master/sprites/pokemon/other/home/334.png,https://raw.githubusercontent.com/PokeAPI/sprites/master/sprites/pokemon/other/official-artwork/334.png,https://www.pokemon.com/us/pokedex/altaria,species-page,2026-04-13T11:45:21.940891-07:00,200,official_media_verified_link_generated,,pokemon.com page content is bot-protected; official page URL is attached for manual verification.
altaria-mega,Altaria maleega,334,https://assets.pokemon.com/assets/cms2/img/pokedex/full/334.png,https://raw.githubusercontent.com/PokeAPI/sprites/master/sprites/pokemon/other/official-artwork/10067.png,https://raw.githubusercontent.com/PokeAPI/sprites/master/sprites/pokemon/other/home/10067.png,https://raw.githubusercontent.com/PokeAPI/sprites/master/sprites/pokemon/other/official-artwork/10067.png,https://www.pokemon.com/us/pokedex/altaria,species-page,2026-04-13T11:45:21.940891-07:00,200,official_media_verified_link_generated,,pokemon.com page content is bot-protected; official page URL is attached for manual verification.
zangoose,Zangoose,335,https://assets.pokemon.com/assets/cms2/img/pokedex/full/335.png,https://raw.githubusercontent.com/PokeAPI/sprites/master/sprites/pokemon/other/official-artwork/335.png,https://raw.githubusercontent.com/PokeAPI/sprites/master/sprites/pokemon/other/home/335.png,https://raw.githubusercontent.com/PokeAPI/sprites/master/sprites/pokemon/other/official-artwork/335.png,https://www.pokemon.com/us/pokedex/zangoose,species-page,2026-04-13T11:45:21.940891-07:00,200,official_media_verified_link_generated,,pokemon.com page content is bot-protected; official page URL is attached for manual verification.
seviper,Seviper,336,https://assets.pokemon.com/assets/cms2/img/pokedex/full/336.png,https://raw.githubusercontent.com/PokeAPI/sprites/master/sprites/pokemon/other/official-artwork/336.png,https://raw.githubusercontent.com/PokeAPI/sprites/master/sprites/pokemon/other/home/336.png,https://raw.githubusercontent.com/PokeAPI/sprites/master/sprites/pokemon/other/official-artwork/336.png,https://www.pokemon.com/us/pokedex/seviper,species-page,2026-04-13T11:45:21.940891-07:00,200,official_media_verified_link_generated,,pokemon.com page content is bot-protected; official page URL is attached for manual verification.
lunatone,Lunatone,337,https://assets.pokemon.com/assets/cms2/img/pokedex/full/337.png,https://raw.githubusercontent.com/PokeAPI/sprites/master/sprites/pokemon/other/official-artwork/337.png,https://raw.githubusercontent.com/PokeAPI/sprites/master/sprites/pokemon/other/home/337.png,https://raw.githubusercontent.com/PokeAPI/sprites/master/sprites/pokemon/other/official-artwork/337.png,https://www.pokemon.com/us/pokedex/lunatone,species-page,2026-04-13T11:45:21.940891-07:00,200,official_media_verified_link_generated,,pokemon.com page content is bot-protected; official page URL is attached for manual verification.
solrock,Solrock,338,https://assets.pokemon.com/assets/cms2/img/pokedex/full/338.png,https://raw.githubusercontent.com/PokeAPI/sprites/master/sprites/pokemon/other/official-artwork/338.png,https://raw.githubusercontent.com/PokeAPI/sprites/master/sprites/pokemon/other/home/338.png,https://raw.githubusercontent.com/PokeAPI/sprites/master/sprites/pokemon/other/official-artwork/338.png,https://www.pokemon.com/us/pokedex/solrock,species-page,2026-04-13T11:45:21.940891-07:00,200,official_media_verified_link_generated,,pokemon.com page content is bot-protected; official page URL is attached for manual verification.
barboach,Barboach,339,https://assets.pokemon.com/assets/cms2/img/pokedex/full/339.png,https://raw.githubusercontent.com/PokeAPI/sprites/master/sprites/pokemon/other/official-artwork/339.png,https://raw.githubusercontent.com/PokeAPI/sprites/master/sprites/pokemon/other/home/339.png,https://raw.githubusercontent.com/PokeAPI/sprites/master/sprites/pokemon/other/official-artwork/339.png,https://www.pokemon.com/us/pokedex/barboach,species-page,2026-04-13T11:45:21.940891-07:00,200,official_media_verified_link_generated,,pokemon.com page content is bot-protected; official page URL is attached for manual verification.
whiscash,Whiscash,340,https://assets.pokemon.com/assets/cms2/img/pokedex/full/340.png,https://raw.githubusercontent.com/PokeAPI/sprites/master/sprites/pokemon/other/official-artwork/340.png,https://raw.githubusercontent.com/PokeAPI/sprites/master/sprites/pokemon/other/home/340.png,https://raw.githubusercontent.com/PokeAPI/sprites/master/sprites/pokemon/other/official-artwork/340.png,https://www.pokemon.com/us/pokedex/whiscash,species-page,2026-04-13T11:45:21.940891-07:00,200,official_media_verified_link_generated,,pokemon.com page content is bot-protected; official page URL is attached for manual verification.
corphish,Corphish,341,https://assets.pokemon.com/assets/cms2/img/pokedex/full/341.png,https://raw.githubusercontent.com/PokeAPI/sprites/master/sprites/pokemon/other/official-artwork/341.png,https://raw.githubusercontent.com/PokeAPI/sprites/master/sprites/pokemon/other/home/341.png,https://raw.githubusercontent.com/PokeAPI/sprites/master/sprites/pokemon/other/official-artwork/341.png,https://www.pokemon.com/us/pokedex/corphish,species-page,2026-04-13T11:45:21.940891-07:00,200,official_media_verified_link_generated,,pokemon.com page content is bot-protected; official page URL is attached for manual verification.
crawdaunt,Crawdaunt,342,https://assets.pokemon.com/assets/cms2/img/pokedex/full/342.png,https://raw.githubusercontent.com/PokeAPI/sprites/master/sprites/pokemon/other/official-artwork/342.png,https://raw.githubusercontent.com/PokeAPI/sprites/master/sprites/pokemon/other/home/342.png,https://raw.githubusercontent.com/PokeAPI/sprites/master/sprites/pokemon/other/official-artwork/342.png,https://www.pokemon.com/us/pokedex/crawdaunt,species-page,2026-04-13T11:45:21.940891-07:00,200,official_media_verified_link_generated,,pokemon.com page content is bot-protected; official page URL is attached for manual verification.
baltoy,Baltoy,343,https://assets.pokemon.com/assets/cms2/img/pokedex/full/343.png,https://raw.githubusercontent.com/PokeAPI/sprites/master/sprites/pokemon/other/official-artwork/343.png,https://raw.githubusercontent.com/PokeAPI/sprites/master/sprites/pokemon/other/home/343.png,https://raw.githubusercontent.com/PokeAPI/sprites/master/sprites/pokemon/other/official-artwork/343.png,https://www.pokemon.com/us/pokedex/baltoy,species-page,2026-04-13T11:45:21.940891-07:00,200,official_media_verified_link_generated,,pokemon.com page content is bot-protected; official page URL is attached for manual verification.
claydol,Claydol,344,https://assets.pokemon.com/assets/cms2/img/pokedex/full/344.png,https://raw.githubusercontent.com/PokeAPI/sprites/master/sprites/pokemon/other/official-artwork/344.png,https://raw.githubusercontent.com/PokeAPI/sprites/master/sprites/pokemon/other/home/344.png,https://raw.githubusercontent.com/PokeAPI/sprites/master/sprites/pokemon/other/official-artwork/344.png,https://www.pokemon.com/us/pokedex/claydol,species-page,2026-04-13T11:45:21.940891-07:00,200,official_media_verified_link_generated,,pokemon.com page content is bot-protected; official page URL is attached for manual verification.
lileep,Lileep,345,https://assets.pokemon.com/assets/cms2/img/pokedex/full/345.png,https://raw.githubusercontent.com/PokeAPI/sprites/master/sprites/pokemon/other/official-artwork/345.png,https://raw.githubusercontent.com/PokeAPI/sprites/master/sprites/pokemon/other/home/345.png,https://raw.githubusercontent.com/PokeAPI/sprites/master/sprites/pokemon/other/official-artwork/345.png,https://www.pokemon.com/us/pokedex/lileep,species-page,2026-04-13T11:45:21.940891-07:00,200,official_media_verified_link_generated,,pokemon.com page content is bot-protected; official page URL is attached for manual verification.
cradily,Cradily,346,https://assets.pokemon.com/assets/cms2/img/pokedex/full/346.png,https://raw.githubusercontent.com/PokeAPI/sprites/master/sprites/pokemon/other/official-artwork/346.png,https://raw.githubusercontent.com/PokeAPI/sprites/master/sprites/pokemon/other/home/346.png,https://raw.githubusercontent.com/PokeAPI/sprites/master/sprites/pokemon/other/official-artwork/346.png,https://www.pokemon.com/us/pokedex/cradily,species-page,2026-04-13T11:45:21.940891-07:00,200,official_media_verified_link_generated,,pokemon.com page content is bot-protected; official page URL is attached for manual verification.
anorith,Anorith,347,https://assets.pokemon.com/assets/cms2/img/pokedex/full/347.png,https://raw.githubusercontent.com/PokeAPI/sprites/master/sprites/pokemon/other/official-artwork/347.png,https://raw.githubusercontent.com/PokeAPI/sprites/master/sprites/pokemon/other/home/347.png,https://raw.githubusercontent.com/PokeAPI/sprites/master/sprites/pokemon/other/official-artwork/347.png,https://www.pokemon.com/us/pokedex/anorith,species-page,2026-04-13T11:45:21.940891-07:00,200,official_media_verified_link_generated,,pokemon.com page content is bot-protected; official page URL is attached for manual verification.
armaldo,Armaldo,348,https://assets.pokemon.com/assets/cms2/img/pokedex/full/348.png,https://raw.githubusercontent.com/PokeAPI/sprites/master/sprites/pokemon/other/official-artwork/348.png,https://raw.githubusercontent.com/PokeAPI/sprites/master/sprites/pokemon/other/home/348.png,https://raw.githubusercontent.com/PokeAPI/sprites/master/sprites/pokemon/other/official-artwork/348.png,https://www.pokemon.com/us/pokedex/armaldo,species-page,2026-04-13T11:45:21.940891-07:00,200,official_media_verified_link_generated,,pokemon.com page content is bot-protected; official page URL is attached for manual verification.
feebas,Feebas,349,https://assets.pokemon.com/assets/cms2/img/pokedex/full/349.png,https://raw.githubusercontent.com/PokeAPI/sprites/master/sprites/pokemon/other/official-artwork/349.png,https://raw.githubusercontent.com/PokeAPI/sprites/master/sprites/pokemon/other/home/349.png,https://raw.githubusercontent.com/PokeAPI/sprites/master/sprites/pokemon/other/official-artwork/349.png,https://www.pokemon.com/us/pokedex/feebas,species-page,2026-04-13T11:45:21.940891-07:00,200,official_media_verified_link_generated,,pokemon.com page content is bot-protected; official page URL is attached for manual verification.
milotic,Milotic,350,https://assets.pokemon.com/assets/cms2/img/pokedex/full/350.png,https://raw.githubusercontent.com/PokeAPI/sprites/master/sprites/pokemon/other/official-artwork/350.png,https://raw.githubusercontent.com/PokeAPI/sprites/master/sprites/pokemon/other/home/350.png,https://raw.githubusercontent.com/PokeAPI/sprites/master/sprites/pokemon/other/official-artwork/350.png,https://www.pokemon.com/us/pokedex/milotic,species-page,2026-04-13T11:45:21.940891-07:00,200,official_media_verified_link_generated,,pokemon.com page content is bot-protected; official page URL is attached for manual verification.
castform,Castform,351,https://assets.pokemon.com/assets/cms2/img/pokedex/full/351.png,https://raw.githubusercontent.com/PokeAPI/sprites/master/sprites/pokemon/other/official-artwork/351.png,https://raw.githubusercontent.com/PokeAPI/sprites/master/sprites/pokemon/other/home/351.png,https://raw.githubusercontent.com/PokeAPI/sprites/master/sprites/pokemon/other/official-artwork/351.png,https://www.pokemon.com/us/pokedex/castform,species-page,2026-04-13T11:45:21.940891-07:00,200,official_media_verified_link_generated,,pokemon.com page content is bot-protected; official page URL is attached for manual verification.
castform-rainy,Castform Rainy,351,https://assets.pokemon.com/assets/cms2/img/pokedex/full/351.png,https://raw.githubusercontent.com/PokeAPI/sprites/master/sprites/pokemon/other/official-artwork/10014.png,https://raw.githubusercontent.com/PokeAPI/sprites/master/sprites/pokemon/other/home/10014.png,https://raw.githubusercontent.com/PokeAPI/sprites/master/sprites/pokemon/other/official-artwork/10014.png,https://www.pokemon.com/us/pokedex/castform,species-page,2026-04-13T11:45:21.940891-07:00,200,official_media_verified_link_generated,,pokemon.com page content is bot-protected; official page URL is attached for manual verification.
castform-snowy,Castform Snowy,351,https://assets.pokemon.com/assets/cms2/img/pokedex/full/351.png,https://raw.githubusercontent.com/PokeAPI/sprites/master/sprites/pokemon/other/official-artwork/10015.png,https://raw.githubusercontent.com/PokeAPI/sprites/master/sprites/pokemon/other/home/10015.png,https://raw.githubusercontent.com/PokeAPI/sprites/master/sprites/pokemon/other/official-artwork/10015.png,https://www.pokemon.com/us/pokedex/castform,species-page,2026-04-13T11:45:21.940891-07:00,200,official_media_verified_link_generated,,pokemon.com page content is bot-protected; official page URL is attached for manual verification.
castform-sunny,Castform Sunny,351,https://assets.pokemon.com/assets/cms2/img/pokedex/full/351.png,https://raw.githubusercontent.com/PokeAPI/sprites/master/sprites/pokemon/other/official-artwork/10013.png,https://raw.githubusercontent.com/PokeAPI/sprites/master/sprites/pokemon/other/home/10013.png,https://raw.githubusercontent.com/PokeAPI/sprites/master/sprites/pokemon/other/official-artwork/10013.png,https://www.pokemon.com/us/pokedex/castform,species-page,2026-04-13T11:45:21.940891-07:00,200,official_media_verified_link_generated,,pokemon.com page content is bot-protected; official page URL is attached for manual verification.
kecleon,Kecleon,352,https://assets.pokemon.com/assets/cms2/img/pokedex/full/352.png,https://raw.githubusercontent.com/PokeAPI/sprites/master/sprites/pokemon/other/official-artwork/352.png,https://raw.githubusercontent.com/PokeAPI/sprites/master/sprites/pokemon/other/home/352.png,https://raw.githubusercontent.com/PokeAPI/sprites/master/sprites/pokemon/other/official-artwork/352.png,https://www.pokemon.com/us/pokedex/kecleon,species-page,2026-04-13T11:45:21.940891-07:00,200,official_media_verified_link_generated,,pokemon.com page content is bot-protected; official page URL is attached for manual verification.
shuppet,Shuppet,353,https://assets.pokemon.com/assets/cms2/img/pokedex/full/353.png,https://raw.githubusercontent.com/PokeAPI/sprites/master/sprites/pokemon/other/official-artwork/353.png,https://raw.githubusercontent.com/PokeAPI/sprites/master/sprites/pokemon/other/home/353.png,https://raw.githubusercontent.com/PokeAPI/sprites/master/sprites/pokemon/other/official-artwork/353.png,https://www.pokemon.com/us/pokedex/shuppet,species-page,2026-04-13T11:45:21.940891-07:00,200,official_media_verified_link_generated,,pokemon.com page content is bot-protected; official page URL is attached for manual verification.
banette,Banette,354,https://assets.pokemon.com/assets/cms2/img/pokedex/full/354.png,https://raw.githubusercontent.com/PokeAPI/sprites/master/sprites/pokemon/other/official-artwork/354.png,https://raw.githubusercontent.com/PokeAPI/sprites/master/sprites/pokemon/other/home/354.png,https://raw.githubusercontent.com/PokeAPI/sprites/master/sprites/pokemon/other/official-artwork/354.png,https://www.pokemon.com/us/pokedex/banette,species-page,2026-04-13T11:45:21.940891-07:00,200,official_media_verified_link_generated,,pokemon.com page content is bot-protected; official page URL is attached for manual verification.
banette-mega,Banette maleega,354,https://assets.pokemon.com/assets/cms2/img/pokedex/full/354.png,https://raw.githubusercontent.com/PokeAPI/sprites/master/sprites/pokemon/other/official-artwork/10056.png,https://raw.githubusercontent.com/PokeAPI/sprites/master/sprites/pokemon/other/home/10056.png,https://raw.githubusercontent.com/PokeAPI/sprites/master/sprites/pokemon/other/official-artwork/10056.png,https://www.pokemon.com/us/pokedex/banette,species-page,2026-04-13T11:45:21.940891-07:00,200,official_media_verified_link_generated,,pokemon.com page content is bot-protected; official page URL is attached for manual verification.
duskull,Duskull,355,https://assets.pokemon.com/assets/cms2/img/pokedex/full/355.png,https://raw.githubusercontent.com/PokeAPI/sprites/master/sprites/pokemon/other/official-artwork/355.png,https://raw.githubusercontent.com/PokeAPI/sprites/master/sprites/pokemon/other/home/355.png,https://raw.githubusercontent.com/PokeAPI/sprites/master/sprites/pokemon/other/official-artwork/355.png,https://www.pokemon.com/us/pokedex/duskull,species-page,2026-04-13T11:45:21.940891-07:00,200,official_media_verified_link_generated,,pokemon.com page content is bot-protected; official page URL is attached for manual verification.
dusclops,Dusclops,356,https://assets.pokemon.com/assets/cms2/img/pokedex/full/356.png,https://raw.githubusercontent.com/PokeAPI/sprites/master/sprites/pokemon/other/official-artwork/356.png,https://raw.githubusercontent.com/PokeAPI/sprites/master/sprites/pokemon/other/home/356.png,https://raw.githubusercontent.com/PokeAPI/sprites/master/sprites/pokemon/other/official-artwork/356.png,https://www.pokemon.com/us/pokedex/dusclops,species-page,2026-04-13T11:45:21.940891-07:00,200,official_media_verified_link_generated,,pokemon.com page content is bot-protected; official page URL is attached for manual verification.
tropius,Tropius,357,https://assets.pokemon.com/assets/cms2/img/pokedex/full/357.png,https://raw.githubusercontent.com/PokeAPI/sprites/master/sprites/pokemon/other/official-artwork/357.png,https://raw.githubusercontent.com/PokeAPI/sprites/master/sprites/pokemon/other/home/357.png,https://raw.githubusercontent.com/PokeAPI/sprites/master/sprites/pokemon/other/official-artwork/357.png,https://www.pokemon.com/us/pokedex/tropius,species-page,2026-04-13T11:45:21.940891-07:00,200,official_media_verified_link_generated,,pokemon.com page content is bot-protected; official page URL is attached for manual verification.
chimecho,Chimecho,358,https://assets.pokemon.com/assets/cms2/img/pokedex/full/358.png,https://raw.githubusercontent.com/PokeAPI/sprites/master/sprites/pokemon/other/official-artwork/358.png,https://raw.githubusercontent.com/PokeAPI/sprites/master/sprites/pokemon/other/home/358.png,https://raw.githubusercontent.com/PokeAPI/sprites/master/sprites/pokemon/other/official-artwork/358.png,https://www.pokemon.com/us/pokedex/chimecho,species-page,2026-04-13T11:45:21.940891-07:00,200,official_media_verified_link_generated,,pokemon.com page content is bot-protected; official page URL is attached for manual verification.
chimecho-mega,Chimecho maleega,358,https://assets.pokemon.com/assets/cms2/img/pokedex/full/358.png,https://raw.githubusercontent.com/PokeAPI/sprites/master/sprites/pokemon/other/official-artwork/10306.png,https://raw.githubusercontent.com/PokeAPI/sprites/master/sprites/pokemon/other/official-artwork/10306.png,https://raw.githubusercontent.com/PokeAPI/sprites/master/sprites/pokemon/other/official-artwork/10306.png,https://www.pokemon.com/us/pokedex/chimecho,species-page,2026-04-13T11:45:21.940891-07:00,200,official_media_verified_link_generated,,pokemon.com page content is bot-protected; official page URL is attached for manual verification.
absol,Absol,359,https://assets.pokemon.com/assets/cms2/img/pokedex/full/359.png,https://raw.githubusercontent.com/PokeAPI/sprites/master/sprites/pokemon/other/official-artwork/359.png,https://raw.githubusercontent.com/PokeAPI/sprites/master/sprites/pokemon/other/home/359.png,https://raw.githubusercontent.com/PokeAPI/sprites/master/sprites/pokemon/other/official-artwork/359.png,https://www.pokemon.com/us/pokedex/absol,species-page,2026-04-13T11:45:21.940891-07:00,200,official_media_verified_link_generated,,pokemon.com page content is bot-protected; official page URL is attached for manual verification.
absol-mega,Absol maleega,359,https://assets.pokemon.com/assets/cms2/img/pokedex/full/359.png,https://raw.githubusercontent.com/PokeAPI/sprites/master/sprites/pokemon/other/official-artwork/10057.png,https://raw.githubusercontent.com/PokeAPI/sprites/master/sprites/pokemon/other/home/10057.png,https://raw.githubusercontent.com/PokeAPI/sprites/master/sprites/pokemon/other/official-artwork/10057.png,https://www.pokemon.com/us/pokedex/absol,species-page,2026-04-13T11:45:21.940891-07:00,200,official_media_verified_link_generated,,pokemon.com page content is bot-protected; official page URL is attached for manual verification.
absol-mega-z,Absol maleega Z,359,https://assets.pokemon.com/assets/cms2/img/pokedex/full/359.png,https://raw.githubusercontent.com/PokeAPI/sprites/master/sprites/pokemon/other/official-artwork/10307.png,https://raw.githubusercontent.com/PokeAPI/sprites/master/sprites/pokemon/other/official-artwork/10307.png,https://raw.githubusercontent.com/PokeAPI/sprites/master/sprites/pokemon/other/official-artwork/10307.png,https://www.pokemon.com/us/pokedex/absol,species-page,2026-04-13T11:45:21.940891-07:00,200,official_media_verified_link_generated,,pokemon.com page content is bot-protected; official page URL is attached for manual verification.
wynaut,Wynaut,360,https://assets.pokemon.com/assets/cms2/img/pokedex/full/360.png,https://raw.githubusercontent.com/PokeAPI/sprites/master/sprites/pokemon/other/official-artwork/360.png,https://raw.githubusercontent.com/PokeAPI/sprites/master/sprites/pokemon/other/home/360.png,https://raw.githubusercontent.com/PokeAPI/sprites/master/sprites/pokemon/other/official-artwork/360.png,https://www.pokemon.com/us/pokedex/wynaut,species-page,2026-04-13T11:45:21.940891-07:00,200,official_media_verified_link_generated,,pokemon.com page content is bot-protected; official page URL is attached for manual verification.
snorunt,Snorunt,361,https://assets.pokemon.com/assets/cms2/img/pokedex/full/361.png,https://raw.githubusercontent.com/PokeAPI/sprites/master/sprites/pokemon/other/official-artwork/361.png,https://raw.githubusercontent.com/PokeAPI/sprites/master/sprites/pokemon/other/home/361.png,https://raw.githubusercontent.com/PokeAPI/sprites/master/sprites/pokemon/other/official-artwork/361.png,https://www.pokemon.com/us/pokedex/snorunt,species-page,2026-04-13T11:45:21.940891-07:00,200,official_media_verified_link_generated,,pokemon.com page content is bot-protected; official page URL is attached for manual verification.
glalie,Glalie,362,https://assets.pokemon.com/assets/cms2/img/pokedex/full/362.png,https://raw.githubusercontent.com/PokeAPI/sprites/master/sprites/pokemon/other/official-artwork/362.png,https://raw.githubusercontent.com/PokeAPI/sprites/master/sprites/pokemon/other/home/362.png,https://raw.githubusercontent.com/PokeAPI/sprites/master/sprites/pokemon/other/official-artwork/362.png,https://www.pokemon.com/us/pokedex/glalie,species-page,2026-04-13T11:45:21.940891-07:00,200,official_media_verified_link_generated,,pokemon.com page content is bot-protected; official page URL is attached for manual verification.
glalie-mega,Glalie maleega,362,https://assets.pokemon.com/assets/cms2/img/pokedex/full/362.png,https://raw.githubusercontent.com/PokeAPI/sprites/master/sprites/pokemon/other/official-artwork/10074.png,https://raw.githubusercontent.com/PokeAPI/sprites/master/sprites/pokemon/other/home/10074.png,https://raw.githubusercontent.com/PokeAPI/sprites/master/sprites/pokemon/other/official-artwork/10074.png,https://www.pokemon.com/us/pokedex/glalie,species-page,2026-04-13T11:45:21.940891-07:00,200,official_media_verified_link_generated,,pokemon.com page content is bot-protected; official page URL is attached for manual verification.
spheal,Spheal,363,https://assets.pokemon.com/assets/cms2/img/pokedex/full/363.png,https://raw.githubusercontent.com/PokeAPI/sprites/master/sprites/pokemon/other/official-artwork/363.png,https://raw.githubusercontent.com/PokeAPI/sprites/master/sprites/pokemon/other/home/363.png,https://raw.githubusercontent.com/PokeAPI/sprites/master/sprites/pokemon/other/official-artwork/363.png,https://www.pokemon.com/us/pokedex/spheal,species-page,2026-04-13T11:45:21.940891-07:00,200,official_media_verified_link_generated,,pokemon.com page content is bot-protected; official page URL is attached for manual verification.
sealeo,Sealeo,364,https://assets.pokemon.com/assets/cms2/img/pokedex/full/364.png,https://raw.githubusercontent.com/PokeAPI/sprites/master/sprites/pokemon/other/official-artwork/364.png,https://raw.githubusercontent.com/PokeAPI/sprites/master/sprites/pokemon/other/home/364.png,https://raw.githubusercontent.com/PokeAPI/sprites/master/sprites/pokemon/other/official-artwork/364.png,https://www.pokemon.com/us/pokedex/sealeo,species-page,2026-04-13T11:45:21.940891-07:00,200,official_media_verified_link_generated,,pokemon.com page content is bot-protected; official page URL is attached for manual verification.
walrein,Walrein,365,https://assets.pokemon.com/assets/cms2/img/pokedex/full/365.png,https://raw.githubusercontent.com/PokeAPI/sprites/master/sprites/pokemon/other/official-artwork/365.png,https://raw.githubusercontent.com/PokeAPI/sprites/master/sprites/pokemon/other/home/365.png,https://raw.githubusercontent.com/PokeAPI/sprites/master/sprites/pokemon/other/official-artwork/365.png,https://www.pokemon.com/us/pokedex/walrein,species-page,2026-04-13T11:45:21.940891-07:00,200,official_media_verified_link_generated,,pokemon.com page content is bot-protected; official page URL is attached for manual verification.
clamperl,Clamperl,366,https://assets.pokemon.com/assets/cms2/img/pokedex/full/366.png,https://raw.githubusercontent.com/PokeAPI/sprites/master/sprites/pokemon/other/official-artwork/366.png,https://raw.githubusercontent.com/PokeAPI/sprites/master/sprites/pokemon/other/home/366.png,https://raw.githubusercontent.com/PokeAPI/sprites/master/sprites/pokemon/other/official-artwork/366.png,https://www.pokemon.com/us/pokedex/clamperl,species-page,2026-04-13T11:45:21.940891-07:00,200,official_media_verified_link_generated,,pokemon.com page content is bot-protected; official page URL is attached for manual verification.
huntail,Huntail,367,https://assets.pokemon.com/assets/cms2/img/pokedex/full/367.png,https://raw.githubusercontent.com/PokeAPI/sprites/master/sprites/pokemon/other/official-artwork/367.png,https://raw.githubusercontent.com/PokeAPI/sprites/master/sprites/pokemon/other/home/367.png,https://raw.githubusercontent.com/PokeAPI/sprites/master/sprites/pokemon/other/official-artwork/367.png,https://www.pokemon.com/us/pokedex/huntail,species-page,2026-04-13T11:45:21.940891-07:00,200,official_media_verified_link_generated,,pokemon.com page content is bot-protected; official page URL is attached for manual verification.
gorebyss,Gorebyss,368,https://assets.pokemon.com/assets/cms2/img/pokedex/full/368.png,https://raw.githubusercontent.com/PokeAPI/sprites/master/sprites/pokemon/other/official-artwork/368.png,https://raw.githubusercontent.com/PokeAPI/sprites/master/sprites/pokemon/other/home/368.png,https://raw.githubusercontent.com/PokeAPI/sprites/master/sprites/pokemon/other/official-artwork/368.png,https://www.pokemon.com/us/pokedex/gorebyss,species-page,2026-04-13T11:45:21.940891-07:00,200,official_media_verified_link_generated,,pokemon.com page content is bot-protected; official page URL is attached for manual verification.
relicanth,Relicanth,369,https://assets.pokemon.com/assets/cms2/img/pokedex/full/369.png,https://raw.githubusercontent.com/PokeAPI/sprites/master/sprites/pokemon/other/official-artwork/369.png,https://raw.githubusercontent.com/PokeAPI/sprites/master/sprites/pokemon/other/home/369.png,https://raw.githubusercontent.com/PokeAPI/sprites/master/sprites/pokemon/other/official-artwork/369.png,https://www.pokemon.com/us/pokedex/relicanth,species-page,2026-04-13T11:45:21.940891-07:00,200,official_media_verified_link_generated,,pokemon.com page content is bot-protected; official page URL is attached for manual verification.
luvdisc,Luvdisc,370,https://assets.pokemon.com/assets/cms2/img/pokedex/full/370.png,https://raw.githubusercontent.com/PokeAPI/sprites/master/sprites/pokemon/other/official-artwork/370.png,https://raw.githubusercontent.com/PokeAPI/sprites/master/sprites/pokemon/other/home/370.png,https://raw.githubusercontent.com/PokeAPI/sprites/master/sprites/pokemon/other/official-artwork/370.png,https://www.pokemon.com/us/pokedex/luvdisc,species-page,2026-04-13T11:45:21.940891-07:00,200,official_media_verified_link_generated,,pokemon.com page content is bot-protected; official page URL is attached for manual verification.
bagon,Bagon,371,https://assets.pokemon.com/assets/cms2/img/pokedex/full/371.png,https://raw.githubusercontent.com/PokeAPI/sprites/master/sprites/pokemon/other/official-artwork/371.png,https://raw.githubusercontent.com/PokeAPI/sprites/master/sprites/pokemon/other/home/371.png,https://raw.githubusercontent.com/PokeAPI/sprites/master/sprites/pokemon/other/official-artwork/371.png,https://www.pokemon.com/us/pokedex/bagon,species-page,2026-04-13T11:45:21.940891-07:00,200,official_media_verified_link_generated,,pokemon.com page content is bot-protected; official page URL is attached for manual verification.
shelgon,Shelgon,372,https://assets.pokemon.com/assets/cms2/img/pokedex/full/372.png,https://raw.githubusercontent.com/PokeAPI/sprites/master/sprites/pokemon/other/official-artwork/372.png,https://raw.githubusercontent.com/PokeAPI/sprites/master/sprites/pokemon/other/home/372.png,https://raw.githubusercontent.com/PokeAPI/sprites/master/sprites/pokemon/other/official-artwork/372.png,https://www.pokemon.com/us/pokedex/shelgon,species-page,2026-04-13T11:45:21.940891-07:00,200,official_media_verified_link_generated,,pokemon.com page content is bot-protected; official page URL is attached for manual verification.
salamence,Salamence,373,https://assets.pokemon.com/assets/cms2/img/pokedex/full/373.png,https://raw.githubusercontent.com/PokeAPI/sprites/master/sprites/pokemon/other/official-artwork/373.png,https://raw.githubusercontent.com/PokeAPI/sprites/master/sprites/pokemon/other/home/373.png,https://raw.githubusercontent.com/PokeAPI/sprites/master/sprites/pokemon/other/official-artwork/373.png,https://www.pokemon.com/us/pokedex/salamence,species-page,2026-04-13T11:45:21.940891-07:00,200,official_media_verified_link_generated,,pokemon.com page content is bot-protected; official page URL is attached for manual verification.
salamence-mega,Salamence maleega,373,https://assets.pokemon.com/assets/cms2/img/pokedex/full/373.png,https://raw.githubusercontent.com/PokeAPI/sprites/master/sprites/pokemon/other/official-artwork/10089.png,https://raw.githubusercontent.com/PokeAPI/sprites/master/sprites/pokemon/other/home/10089.png,https://raw.githubusercontent.com/PokeAPI/sprites/master/sprites/pokemon/other/official-artwork/10089.png,https://www.pokemon.com/us/pokedex/salamence,species-page,2026-04-13T11:45:21.940891-07:00,200,official_media_verified_link_generated,,pokemon.com page content is bot-protected; official page URL is attached for manual verification.
beldum,Beldum,374,https://assets.pokemon.com/assets/cms2/img/pokedex/full/374.png,https://raw.githubusercontent.com/PokeAPI/sprites/master/sprites/pokemon/other/official-artwork/374.png,https://raw.githubusercontent.com/PokeAPI/sprites/master/sprites/pokemon/other/home/374.png,https://raw.githubusercontent.com/PokeAPI/sprites/master/sprites/pokemon/other/official-artwork/374.png,https://www.pokemon.com/us/pokedex/beldum,species-page,2026-04-13T11:45:21.940891-07:00,200,official_media_verified_link_generated,,pokemon.com page content is bot-protected; official page URL is attached for manual verification.
metang,Metang,375,https://assets.pokemon.com/assets/cms2/img/pokedex/full/375.png,https://raw.githubusercontent.com/PokeAPI/sprites/master/sprites/pokemon/other/official-artwork/375.png,https://raw.githubusercontent.com/PokeAPI/sprites/master/sprites/pokemon/other/home/375.png,https://raw.githubusercontent.com/PokeAPI/sprites/master/sprites/pokemon/other/official-artwork/375.png,https://www.pokemon.com/us/pokedex/metang,species-page,2026-04-13T11:45:21.940891-07:00,200,official_media_verified_link_generated,,pokemon.com page content is bot-protected; official page URL is attached for manual verification.
metagross,Metagross,376,https://assets.pokemon.com/assets/cms2/img/pokedex/full/376.png,https://raw.githubusercontent.com/PokeAPI/sprites/master/sprites/pokemon/other/official-artwork/376.png,https://raw.githubusercontent.com/PokeAPI/sprites/master/sprites/pokemon/other/home/376.png,https://raw.githubusercontent.com/PokeAPI/sprites/master/sprites/pokemon/other/official-artwork/376.png,https://www.pokemon.com/us/pokedex/metagross,species-page,2026-04-13T11:45:21.940891-07:00,200,official_media_verified_link_generated,,pokemon.com page content is bot-protected; official page URL is attached for manual verification.
metagross-mega,Metagross maleega,376,https://assets.pokemon.com/assets/cms2/img/pokedex/full/376.png,https://raw.githubusercontent.com/PokeAPI/sprites/master/sprites/pokemon/other/official-artwork/10076.png,https://raw.githubusercontent.com/PokeAPI/sprites/master/sprites/pokemon/other/home/10076.png,https://raw.githubusercontent.com/PokeAPI/sprites/master/sprites/pokemon/other/official-artwork/10076.png,https://www.pokemon.com/us/pokedex/metagross,species-page,2026-04-13T11:45:21.940891-07:00,200,official_media_verified_link_generated,,pokemon.com page content is bot-protected; official page URL is attached for manual verification.
regirock,Regirock,377,https://assets.pokemon.com/assets/cms2/img/pokedex/full/377.png,https://raw.githubusercontent.com/PokeAPI/sprites/master/sprites/pokemon/other/official-artwork/377.png,https://raw.githubusercontent.com/PokeAPI/sprites/master/sprites/pokemon/other/home/377.png,https://raw.githubusercontent.com/PokeAPI/sprites/master/sprites/pokemon/other/official-artwork/377.png,https://www.pokemon.com/us/pokedex/regirock,species-page,2026-04-13T11:45:21.940891-07:00,200,official_media_verified_link_generated,,pokemon.com page content is bot-protected; official page URL is attached for manual verification.
regice,Regice,378,https://assets.pokemon.com/assets/cms2/img/pokedex/full/378.png,https://raw.githubusercontent.com/PokeAPI/sprites/master/sprites/pokemon/other/official-artwork/378.png,https://raw.githubusercontent.com/PokeAPI/sprites/master/sprites/pokemon/other/home/378.png,https://raw.githubusercontent.com/PokeAPI/sprites/master/sprites/pokemon/other/official-artwork/378.png,https://www.pokemon.com/us/pokedex/regice,species-page,2026-04-13T11:45:21.940891-07:00,200,official_media_verified_link_generated,,pokemon.com page content is bot-protected; official page URL is attached for manual verification.
registeel,Registeel,379,https://assets.pokemon.com/assets/cms2/img/pokedex/full/379.png,https://raw.githubusercontent.com/PokeAPI/sprites/master/sprites/pokemon/other/official-artwork/379.png,https://raw.githubusercontent.com/PokeAPI/sprites/master/sprites/pokemon/other/home/379.png,https://raw.githubusercontent.com/PokeAPI/sprites/master/sprites/pokemon/other/official-artwork/379.png,https://www.pokemon.com/us/pokedex/registeel,species-page,2026-04-13T11:45:21.940891-07:00,200,official_media_verified_link_generated,,pokemon.com page content is bot-protected; official page URL is attached for manual verification.
latias,Latias,380,https://assets.pokemon.com/assets/cms2/img/pokedex/full/380.png,https://raw.githubusercontent.com/PokeAPI/sprites/master/sprites/pokemon/other/official-artwork/380.png,https://raw.githubusercontent.com/PokeAPI/sprites/master/sprites/pokemon/other/home/380.png,https://raw.githubusercontent.com/PokeAPI/sprites/master/sprites/pokemon/other/official-artwork/380.png,https://www.pokemon.com/us/pokedex/latias,species-page,2026-04-13T11:45:21.940891-07:00,200,official_media_verified_link_generated,,pokemon.com page content is bot-protected; official page URL is attached for manual verification.
latias-mega,Latias maleega,380,https://assets.pokemon.com/assets/cms2/img/pokedex/full/380.png,https://raw.githubusercontent.com/PokeAPI/sprites/master/sprites/pokemon/other/official-artwork/10062.png,https://raw.githubusercontent.com/PokeAPI/sprites/master/sprites/pokemon/other/home/10062.png,https://raw.githubusercontent.com/PokeAPI/sprites/master/sprites/pokemon/other/official-artwork/10062.png,https://www.pokemon.com/us/pokedex/latias,species-page,2026-04-13T11:45:21.940891-07:00,200,official_media_verified_link_generated,,pokemon.com page content is bot-protected; official page URL is attached for manual verification.
latios,Latios,381,https://assets.pokemon.com/assets/cms2/img/pokedex/full/381.png,https://raw.githubusercontent.com/PokeAPI/sprites/master/sprites/pokemon/other/official-artwork/381.png,https://raw.githubusercontent.com/PokeAPI/sprites/master/sprites/pokemon/other/home/381.png,https://raw.githubusercontent.com/PokeAPI/sprites/master/sprites/pokemon/other/official-artwork/381.png,https://www.pokemon.com/us/pokedex/latios,species-page,2026-04-13T11:45:21.940891-07:00,200,official_media_verified_link_generated,,pokemon.com page content is bot-protected; official page URL is attached for manual verification.
latios-mega,Latios maleega,381,https://assets.pokemon.com/assets/cms2/img/pokedex/full/381.png,https://raw.githubusercontent.com/PokeAPI/sprites/master/sprites/pokemon/other/official-artwork/10063.png,https://raw.githubusercontent.com/PokeAPI/sprites/master/sprites/pokemon/other/home/10063.png,https://raw.githubusercontent.com/PokeAPI/sprites/master/sprites/pokemon/other/official-artwork/10063.png,https://www.pokemon.com/us/pokedex/latios,species-page,2026-04-13T11:45:21.940891-07:00,200,official_media_verified_link_generated,,pokemon.com page content is bot-protected; official page URL is attached for manual verification.
kyogre,Kyogre,382,https://assets.pokemon.com/assets/cms2/img/pokedex/full/382.png,https://raw.githubusercontent.com/PokeAPI/sprites/master/sprites/pokemon/other/official-artwork/382.png,https://raw.githubusercontent.com/PokeAPI/sprites/master/sprites/pokemon/other/home/382.png,https://raw.githubusercontent.com/PokeAPI/sprites/master/sprites/pokemon/other/official-artwork/382.png,https://www.pokemon.com/us/pokedex/kyogre,species-page,2026-04-13T11:45:21.940891-07:00,200,official_media_verified_link_generated,,pokemon.com page content is bot-protected; official page URL is attached for manual verification.
kyogre-primal,Kyogre Primal,382,https://assets.pokemon.com/assets/cms2/img/pokedex/full/382.png,https://raw.githubusercontent.com/PokeAPI/sprites/master/sprites/pokemon/other/official-artwork/10077.png,https://raw.githubusercontent.com/PokeAPI/sprites/master/sprites/pokemon/other/home/10077.png,https://raw.githubusercontent.com/PokeAPI/sprites/master/sprites/pokemon/other/official-artwork/10077.png,https://www.pokemon.com/us/pokedex/kyogre,species-page,2026-04-13T11:45:21.940891-07:00,200,official_media_verified_link_generated,,pokemon.com page content is bot-protected; official page URL is attached for manual verification.
groudon,Groudon,383,https://assets.pokemon.com/assets/cms2/img/pokedex/full/383.png,https://raw.githubusercontent.com/PokeAPI/sprites/master/sprites/pokemon/other/official-artwork/383.png,https://raw.githubusercontent.com/PokeAPI/sprites/master/sprites/pokemon/other/home/383.png,https://raw.githubusercontent.com/PokeAPI/sprites/master/sprites/pokemon/other/official-artwork/383.png,https://www.pokemon.com/us/pokedex/groudon,species-page,2026-04-13T11:45:21.940891-07:00,200,official_media_verified_link_generated,,pokemon.com page content is bot-protected; official page URL is attached for manual verification.
groudon-primal,Groudon Primal,383,https://assets.pokemon.com/assets/cms2/img/pokedex/full/383.png,https://raw.githubusercontent.com/PokeAPI/sprites/master/sprites/pokemon/other/official-artwork/10078.png,https://raw.githubusercontent.com/PokeAPI/sprites/master/sprites/pokemon/other/home/10078.png,https://raw.githubusercontent.com/PokeAPI/sprites/master/sprites/pokemon/other/official-artwork/10078.png,https://www.pokemon.com/us/pokedex/groudon,species-page,2026-04-13T11:45:21.940891-07:00,200,official_media_verified_link_generated,,pokemon.com page content is bot-protected; official page URL is attached for manual verification.
rayquaza,Rayquaza,384,https://assets.pokemon.com/assets/cms2/img/pokedex/full/384.png,https://raw.githubusercontent.com/PokeAPI/sprites/master/sprites/pokemon/other/official-artwork/384.png,https://raw.githubusercontent.com/PokeAPI/sprites/master/sprites/pokemon/other/home/384.png,https://raw.githubusercontent.com/PokeAPI/sprites/master/sprites/pokemon/other/official-artwork/384.png,https://www.pokemon.com/us/pokedex/rayquaza,species-page,2026-04-13T11:45:21.940891-07:00,200,official_media_verified_link_generated,,pokemon.com page content is bot-protected; official page URL is attached for manual verification.
rayquaza-mega,Rayquaza maleega,384,https://assets.pokemon.com/assets/cms2/img/pokedex/full/384.png,https://raw.githubusercontent.com/PokeAPI/sprites/master/sprites/pokemon/other/official-artwork/10079.png,https://raw.githubusercontent.com/PokeAPI/sprites/master/sprites/pokemon/other/home/10079.png,https://raw.githubusercontent.com/PokeAPI/sprites/master/sprites/pokemon/other/official-artwork/10079.png,https://www.pokemon.com/us/pokedex/rayquaza,species-page,2026-04-13T11:45:21.940891-07:00,200,official_media_verified_link_generated,,pokemon.com page content is bot-protected; official page URL is attached for manual verification.
jirachi,Jirachi,385,https://assets.pokemon.com/assets/cms2/img/pokedex/full/385.png,https://raw.githubusercontent.com/PokeAPI/sprites/master/sprites/pokemon/other/official-artwork/385.png,https://raw.githubusercontent.com/PokeAPI/sprites/master/sprites/pokemon/other/home/385.png,https://raw.githubusercontent.com/PokeAPI/sprites/master/sprites/pokemon/other/official-artwork/385.png,https://www.pokemon.com/us/pokedex/jirachi,species-page,2026-04-13T11:45:21.940891-07:00,200,official_media_verified_link_generated,,pokemon.com page content is bot-protected; official page URL is attached for manual verification.
deoxys-attack,Deoxys Attack,386,https://assets.pokemon.com/assets/cms2/img/pokedex/full/386.png,https://raw.githubusercontent.com/PokeAPI/sprites/master/sprites/pokemon/other/official-artwork/10001.png,https://raw.githubusercontent.com/PokeAPI/sprites/master/sprites/pokemon/other/home/10001.png,https://raw.githubusercontent.com/PokeAPI/sprites/master/sprites/pokemon/other/official-artwork/10001.png,https://www.pokemon.com/us/pokedex/deoxys,species-page,2026-04-13T11:45:21.940891-07:00,200,official_media_verified_link_generated,,pokemon.com page content is bot-protected; official page URL is attached for manual verification.
deoxys-defense,Deoxys Defense,386,https://assets.pokemon.com/assets/cms2/img/pokedex/full/386.png,https://raw.githubusercontent.com/PokeAPI/sprites/master/sprites/pokemon/other/official-artwork/10002.png,https://raw.githubusercontent.com/PokeAPI/sprites/master/sprites/pokemon/other/home/10002.png,https://raw.githubusercontent.com/PokeAPI/sprites/master/sprites/pokemon/other/official-artwork/10002.png,https://www.pokemon.com/us/pokedex/deoxys,species-page,2026-04-13T11:45:21.940891-07:00,200,official_media_verified_link_generated,,pokemon.com page content is bot-protected; official page URL is attached for manual verification.
deoxys-normal,Deoxys Normal,386,https://assets.pokemon.com/assets/cms2/img/pokedex/full/386.png,https://raw.githubusercontent.com/PokeAPI/sprites/master/sprites/pokemon/other/official-artwork/386.png,https://raw.githubusercontent.com/PokeAPI/sprites/master/sprites/pokemon/other/home/386.png,https://raw.githubusercontent.com/PokeAPI/sprites/master/sprites/pokemon/other/official-artwork/386.png,https://www.pokemon.com/us/pokedex/deoxys,species-page,2026-04-13T11:45:21.940891-07:00,200,official_media_verified_link_generated,,pokemon.com page content is bot-protected; official page URL is attached for manual verification.
deoxys-speed,Deoxys Speed,386,https://assets.pokemon.com/assets/cms2/img/pokedex/full/386.png,https://raw.githubusercontent.com/PokeAPI/sprites/master/sprites/pokemon/other/official-artwork/10003.png,https://raw.githubusercontent.com/PokeAPI/sprites/master/sprites/pokemon/other/home/10003.png,https://raw.githubusercontent.com/PokeAPI/sprites/master/sprites/pokemon/other/official-artwork/10003.png,https://www.pokemon.com/us/pokedex/deoxys,species-page,2026-04-13T11:45:21.940891-07:00,200,official_media_verified_link_generated,,pokemon.com page content is bot-protected; official page URL is attached for manual verification.
turtwig,Turtwig,387,https://assets.pokemon.com/assets/cms2/img/pokedex/full/387.png,https://raw.githubusercontent.com/PokeAPI/sprites/master/sprites/pokemon/other/official-artwork/387.png,https://raw.githubusercontent.com/PokeAPI/sprites/master/sprites/pokemon/other/home/387.png,https://raw.githubusercontent.com/PokeAPI/sprites/master/sprites/pokemon/other/official-artwork/387.png,https://www.pokemon.com/us/pokedex/turtwig,species-page,2026-04-13T11:45:21.940891-07:00,200,official_media_verified_link_generated,,pokemon.com page content is bot-protected; official page URL is attached for manual verification.
grotle,Grotle,388,https://assets.pokemon.com/assets/cms2/img/pokedex/full/388.png,https://raw.githubusercontent.com/PokeAPI/sprites/master/sprites/pokemon/other/official-artwork/388.png,https://raw.githubusercontent.com/PokeAPI/sprites/master/sprites/pokemon/other/home/388.png,https://raw.githubusercontent.com/PokeAPI/sprites/master/sprites/pokemon/other/official-artwork/388.png,https://www.pokemon.com/us/pokedex/grotle,species-page,2026-04-13T11:45:21.940891-07:00,200,official_media_verified_link_generated,,pokemon.com page content is bot-protected; official page URL is attached for manual verification.
torterra,Torterra,389,https://assets.pokemon.com/assets/cms2/img/pokedex/full/389.png,https://raw.githubusercontent.com/PokeAPI/sprites/master/sprites/pokemon/other/official-artwork/389.png,https://raw.githubusercontent.com/PokeAPI/sprites/master/sprites/pokemon/other/home/389.png,https://raw.githubusercontent.com/PokeAPI/sprites/master/sprites/pokemon/other/official-artwork/389.png,https://www.pokemon.com/us/pokedex/torterra,species-page,2026-04-13T11:45:21.940891-07:00,200,official_media_verified_link_generated,,pokemon.com page content is bot-protected; official page URL is attached for manual verification.
chimchar,Chimchar,390,https://assets.pokemon.com/assets/cms2/img/pokedex/full/390.png,https://raw.githubusercontent.com/PokeAPI/sprites/master/sprites/pokemon/other/official-artwork/390.png,https://raw.githubusercontent.com/PokeAPI/sprites/master/sprites/pokemon/other/home/390.png,https://raw.githubusercontent.com/PokeAPI/sprites/master/sprites/pokemon/other/official-artwork/390.png,https://www.pokemon.com/us/pokedex/chimchar,species-page,2026-04-13T11:45:21.940891-07:00,200,official_media_verified_link_generated,,pokemon.com page content is bot-protected; official page URL is attached for manual verification.
monferno,Monferno,391,https://assets.pokemon.com/assets/cms2/img/pokedex/full/391.png,https://raw.githubusercontent.com/PokeAPI/sprites/master/sprites/pokemon/other/official-artwork/391.png,https://raw.githubusercontent.com/PokeAPI/sprites/master/sprites/pokemon/other/home/391.png,https://raw.githubusercontent.com/PokeAPI/sprites/master/sprites/pokemon/other/official-artwork/391.png,https://www.pokemon.com/us/pokedex/monferno,species-page,2026-04-13T11:45:21.940891-07:00,200,official_media_verified_link_generated,,pokemon.com page content is bot-protected; official page URL is attached for manual verification.
infernape,Infernape,392,https://assets.pokemon.com/assets/cms2/img/pokedex/full/392.png,https://raw.githubusercontent.com/PokeAPI/sprites/master/sprites/pokemon/other/official-artwork/392.png,https://raw.githubusercontent.com/PokeAPI/sprites/master/sprites/pokemon/other/home/392.png,https://raw.githubusercontent.com/PokeAPI/sprites/master/sprites/pokemon/other/official-artwork/392.png,https://www.pokemon.com/us/pokedex/infernape,species-page,2026-04-13T11:45:21.940891-07:00,200,official_media_verified_link_generated,,pokemon.com page content is bot-protected; official page URL is attached for manual verification.
piplup,Piplup,393,https://assets.pokemon.com/assets/cms2/img/pokedex/full/393.png,https://raw.githubusercontent.com/PokeAPI/sprites/master/sprites/pokemon/other/official-artwork/393.png,https://raw.githubusercontent.com/PokeAPI/sprites/master/sprites/pokemon/other/home/393.png,https://raw.githubusercontent.com/PokeAPI/sprites/master/sprites/pokemon/other/official-artwork/393.png,https://www.pokemon.com/us/pokedex/piplup,species-page,2026-04-13T11:45:21.940891-07:00,200,official_media_verified_link_generated,,pokemon.com page content is bot-protected; official page URL is attached for manual verification.
prinplup,Prinplup,394,https://assets.pokemon.com/assets/cms2/img/pokedex/full/394.png,https://raw.githubusercontent.com/PokeAPI/sprites/master/sprites/pokemon/other/official-artwork/394.png,https://raw.githubusercontent.com/PokeAPI/sprites/master/sprites/pokemon/other/home/394.png,https://raw.githubusercontent.com/PokeAPI/sprites/master/sprites/pokemon/other/official-artwork/394.png,https://www.pokemon.com/us/pokedex/prinplup,species-page,2026-04-13T11:45:21.940891-07:00,200,official_media_verified_link_generated,,pokemon.com page content is bot-protected; official page URL is attached for manual verification.
empoleon,Empoleon,395,https://assets.pokemon.com/assets/cms2/img/pokedex/full/395.png,https://raw.githubusercontent.com/PokeAPI/sprites/master/sprites/pokemon/other/official-artwork/395.png,https://raw.githubusercontent.com/PokeAPI/sprites/master/sprites/pokemon/other/home/395.png,https://raw.githubusercontent.com/PokeAPI/sprites/master/sprites/pokemon/other/official-artwork/395.png,https://www.pokemon.com/us/pokedex/empoleon,species-page,2026-04-13T11:45:21.940891-07:00,200,official_media_verified_link_generated,,pokemon.com page content is bot-protected; official page URL is attached for manual verification.
starly,Starly,396,https://assets.pokemon.com/assets/cms2/img/pokedex/full/396.png,https://raw.githubusercontent.com/PokeAPI/sprites/master/sprites/pokemon/other/official-artwork/396.png,https://raw.githubusercontent.com/PokeAPI/sprites/master/sprites/pokemon/other/home/396.png,https://raw.githubusercontent.com/PokeAPI/sprites/master/sprites/pokemon/other/official-artwork/396.png,https://www.pokemon.com/us/pokedex/starly,species-page,2026-04-13T11:45:21.940891-07:00,200,official_media_verified_link_generated,,pokemon.com page content is bot-protected; official page URL is attached for manual verification.
staravia,Staravia,397,https://assets.pokemon.com/assets/cms2/img/pokedex/full/397.png,https://raw.githubusercontent.com/PokeAPI/sprites/master/sprites/pokemon/other/official-artwork/397.png,https://raw.githubusercontent.com/PokeAPI/sprites/master/sprites/pokemon/other/home/397.png,https://raw.githubusercontent.com/PokeAPI/sprites/master/sprites/pokemon/other/official-artwork/397.png,https://www.pokemon.com/us/pokedex/staravia,species-page,2026-04-13T11:45:21.940891-07:00,200,official_media_verified_link_generated,,pokemon.com page content is bot-protected; official page URL is attached for manual verification.
staraptor,Staraptor,398,https://assets.pokemon.com/assets/cms2/img/pokedex/full/398.png,https://raw.githubusercontent.com/PokeAPI/sprites/master/sprites/pokemon/other/official-artwork/398.png,https://raw.githubusercontent.com/PokeAPI/sprites/master/sprites/pokemon/other/home/398.png,https://raw.githubusercontent.com/PokeAPI/sprites/master/sprites/pokemon/other/official-artwork/398.png,https://www.pokemon.com/us/pokedex/staraptor,species-page,2026-04-13T11:45:21.940891-07:00,200,official_media_verified_link_generated,,pokemon.com page content is bot-protected; official page URL is attached for manual verification.
staraptor-mega,Staraptor maleega,398,https://assets.pokemon.com/assets/cms2/img/pokedex/full/398.png,https://raw.githubusercontent.com/PokeAPI/sprites/master/sprites/pokemon/other/official-artwork/10308.png,https://raw.githubusercontent.com/PokeAPI/sprites/master/sprites/pokemon/other/official-artwork/10308.png,https://raw.githubusercontent.com/PokeAPI/sprites/master/sprites/pokemon/other/official-artwork/10308.png,https://www.pokemon.com/us/pokedex/staraptor,species-page,2026-04-13T11:45:21.940891-07:00,200,official_media_verified_link_generated,,pokemon.com page content is bot-protected; official page URL is attached for manual verification.
bidoof,Bidoof,399,https://assets.pokemon.com/assets/cms2/img/pokedex/full/399.png,https://raw.githubusercontent.com/PokeAPI/sprites/master/sprites/pokemon/other/official-artwork/399.png,https://raw.githubusercontent.com/PokeAPI/sprites/master/sprites/pokemon/other/home/399.png,https://raw.githubusercontent.com/PokeAPI/sprites/master/sprites/pokemon/other/official-artwork/399.png,https://www.pokemon.com/us/pokedex/bidoof,species-page,2026-04-13T11:45:21.940891-07:00,200,official_media_verified_link_generated,,pokemon.com page content is bot-protected; official page URL is attached for manual verification.
bibarel,Bibarel,400,https://assets.pokemon.com/assets/cms2/img/pokedex/full/400.png,https://raw.githubusercontent.com/PokeAPI/sprites/master/sprites/pokemon/other/official-artwork/400.png,https://raw.githubusercontent.com/PokeAPI/sprites/master/sprites/pokemon/other/home/400.png,https://raw.githubusercontent.com/PokeAPI/sprites/master/sprites/pokemon/other/official-artwork/400.png,https://www.pokemon.com/us/pokedex/bibarel,species-page,2026-04-13T11:45:21.940891-07:00,200,official_media_verified_link_generated,,pokemon.com page content is bot-protected; official page URL is attached for manual verification.
kricketot,Kricketot,401,https://assets.pokemon.com/assets/cms2/img/pokedex/full/401.png,https://raw.githubusercontent.com/PokeAPI/sprites/master/sprites/pokemon/other/official-artwork/401.png,https://raw.githubusercontent.com/PokeAPI/sprites/master/sprites/pokemon/other/home/401.png,https://raw.githubusercontent.com/PokeAPI/sprites/master/sprites/pokemon/other/official-artwork/401.png,https://www.pokemon.com/us/pokedex/kricketot,species-page,2026-04-13T11:45:21.940891-07:00,200,official_media_verified_link_generated,,pokemon.com page content is bot-protected; official page URL is attached for manual verification.
kricketune,Kricketune,402,https://assets.pokemon.com/assets/cms2/img/pokedex/full/402.png,https://raw.githubusercontent.com/PokeAPI/sprites/master/sprites/pokemon/other/official-artwork/402.png,https://raw.githubusercontent.com/PokeAPI/sprites/master/sprites/pokemon/other/home/402.png,https://raw.githubusercontent.com/PokeAPI/sprites/master/sprites/pokemon/other/official-artwork/402.png,https://www.pokemon.com/us/pokedex/kricketune,species-page,2026-04-13T11:45:21.940891-07:00,200,official_media_verified_link_generated,,pokemon.com page content is bot-protected; official page URL is attached for manual verification.
shinx,Shinx,403,https://assets.pokemon.com/assets/cms2/img/pokedex/full/403.png,https://raw.githubusercontent.com/PokeAPI/sprites/master/sprites/pokemon/other/official-artwork/403.png,https://raw.githubusercontent.com/PokeAPI/sprites/master/sprites/pokemon/other/home/403.png,https://raw.githubusercontent.com/PokeAPI/sprites/master/sprites/pokemon/other/official-artwork/403.png,https://www.pokemon.com/us/pokedex/shinx,species-page,2026-04-13T11:45:21.940891-07:00,200,official_media_verified_link_generated,,pokemon.com page content is bot-protected; official page URL is attached for manual verification.
luxio,Luxio,404,https://assets.pokemon.com/assets/cms2/img/pokedex/full/404.png,https://raw.githubusercontent.com/PokeAPI/sprites/master/sprites/pokemon/other/official-artwork/404.png,https://raw.githubusercontent.com/PokeAPI/sprites/master/sprites/pokemon/other/home/404.png,https://raw.githubusercontent.com/PokeAPI/sprites/master/sprites/pokemon/other/official-artwork/404.png,https://www.pokemon.com/us/pokedex/luxio,species-page,2026-04-13T11:45:21.940891-07:00,200,official_media_verified_link_generated,,pokemon.com page content is bot-protected; official page URL is attached for manual verification.
luxray,Luxray,405,https://assets.pokemon.com/assets/cms2/img/pokedex/full/405.png,https://raw.githubusercontent.com/PokeAPI/sprites/master/sprites/pokemon/other/official-artwork/405.png,https://raw.githubusercontent.com/PokeAPI/sprites/master/sprites/pokemon/other/home/405.png,https://raw.githubusercontent.com/PokeAPI/sprites/master/sprites/pokemon/other/official-artwork/405.png,https://www.pokemon.com/us/pokedex/luxray,species-page,2026-04-13T11:45:21.940891-07:00,200,official_media_verified_link_generated,,pokemon.com page content is bot-protected; official page URL is attached for manual verification.
budew,Budew,406,https://assets.pokemon.com/assets/cms2/img/pokedex/full/406.png,https://raw.githubusercontent.com/PokeAPI/sprites/master/sprites/pokemon/other/official-artwork/406.png,https://raw.githubusercontent.com/PokeAPI/sprites/master/sprites/pokemon/other/home/406.png,https://raw.githubusercontent.com/PokeAPI/sprites/master/sprites/pokemon/other/official-artwork/406.png,https://www.pokemon.com/us/pokedex/budew,species-page,2026-04-13T11:45:21.940891-07:00,200,official_media_verified_link_generated,,pokemon.com page content is bot-protected; official page URL is attached for manual verification.
roserade,Roserade,407,https://assets.pokemon.com/assets/cms2/img/pokedex/full/407.png,https://raw.githubusercontent.com/PokeAPI/sprites/master/sprites/pokemon/other/official-artwork/407.png,https://raw.githubusercontent.com/PokeAPI/sprites/master/sprites/pokemon/other/home/407.png,https://raw.githubusercontent.com/PokeAPI/sprites/master/sprites/pokemon/other/official-artwork/407.png,https://www.pokemon.com/us/pokedex/roserade,species-page,2026-04-13T11:45:21.940891-07:00,200,official_media_verified_link_generated,,pokemon.com page content is bot-protected; official page URL is attached for manual verification.
cranidos,Cranidos,408,https://assets.pokemon.com/assets/cms2/img/pokedex/full/408.png,https://raw.githubusercontent.com/PokeAPI/sprites/master/sprites/pokemon/other/official-artwork/408.png,https://raw.githubusercontent.com/PokeAPI/sprites/master/sprites/pokemon/other/home/408.png,https://raw.githubusercontent.com/PokeAPI/sprites/master/sprites/pokemon/other/official-artwork/408.png,https://www.pokemon.com/us/pokedex/cranidos,species-page,2026-04-13T11:45:21.940891-07:00,200,official_media_verified_link_generated,,pokemon.com page content is bot-protected; official page URL is attached for manual verification.
rampardos,Rampardos,409,https://assets.pokemon.com/assets/cms2/img/pokedex/full/409.png,https://raw.githubusercontent.com/PokeAPI/sprites/master/sprites/pokemon/other/official-artwork/409.png,https://raw.githubusercontent.com/PokeAPI/sprites/master/sprites/pokemon/other/home/409.png,https://raw.githubusercontent.com/PokeAPI/sprites/master/sprites/pokemon/other/official-artwork/409.png,https://www.pokemon.com/us/pokedex/rampardos,species-page,2026-04-13T11:45:21.940891-07:00,200,official_media_verified_link_generated,,pokemon.com page content is bot-protected; official page URL is attached for manual verification.
shieldon,Shieldon,410,https://assets.pokemon.com/assets/cms2/img/pokedex/full/410.png,https://raw.githubusercontent.com/PokeAPI/sprites/master/sprites/pokemon/other/official-artwork/410.png,https://raw.githubusercontent.com/PokeAPI/sprites/master/sprites/pokemon/other/home/410.png,https://raw.githubusercontent.com/PokeAPI/sprites/master/sprites/pokemon/other/official-artwork/410.png,https://www.pokemon.com/us/pokedex/shieldon,species-page,2026-04-13T11:45:21.940891-07:00,200,official_media_verified_link_generated,,pokemon.com page content is bot-protected; official page URL is attached for manual verification.
bastiodon,Bastiodon,411,https://assets.pokemon.com/assets/cms2/img/pokedex/full/411.png,https://raw.githubusercontent.com/PokeAPI/sprites/master/sprites/pokemon/other/official-artwork/411.png,https://raw.githubusercontent.com/PokeAPI/sprites/master/sprites/pokemon/other/home/411.png,https://raw.githubusercontent.com/PokeAPI/sprites/master/sprites/pokemon/other/official-artwork/411.png,https://www.pokemon.com/us/pokedex/bastiodon,species-page,2026-04-13T11:45:21.940891-07:00,200,official_media_verified_link_generated,,pokemon.com page content is bot-protected; official page URL is attached for manual verification.
burmy,Burmy,412,https://assets.pokemon.com/assets/cms2/img/pokedex/full/412.png,https://raw.githubusercontent.com/PokeAPI/sprites/master/sprites/pokemon/other/official-artwork/412.png,https://raw.githubusercontent.com/PokeAPI/sprites/master/sprites/pokemon/other/home/412.png,https://raw.githubusercontent.com/PokeAPI/sprites/master/sprites/pokemon/other/official-artwork/412.png,https://www.pokemon.com/us/pokedex/burmy,species-page,2026-04-13T11:45:21.940891-07:00,200,official_media_verified_link_generated,,pokemon.com page content is bot-protected; official page URL is attached for manual verification.
wormadam-plant,Wormadam Plant,413,https://assets.pokemon.com/assets/cms2/img/pokedex/full/413.png,https://raw.githubusercontent.com/PokeAPI/sprites/master/sprites/pokemon/other/official-artwork/413.png,https://raw.githubusercontent.com/PokeAPI/sprites/master/sprites/pokemon/other/home/413.png,https://raw.githubusercontent.com/PokeAPI/sprites/master/sprites/pokemon/other/official-artwork/413.png,https://www.pokemon.com/us/pokedex/wormadam,species-page,2026-04-13T11:45:21.940891-07:00,200,official_media_verified_link_generated,,pokemon.com page content is bot-protected; official page URL is attached for manual verification.
wormadam-sandy,Wormadam Sandy,413,https://assets.pokemon.com/assets/cms2/img/pokedex/full/413.png,https://raw.githubusercontent.com/PokeAPI/sprites/master/sprites/pokemon/other/official-artwork/10004.png,https://raw.githubusercontent.com/PokeAPI/sprites/master/sprites/pokemon/other/home/10004.png,https://raw.githubusercontent.com/PokeAPI/sprites/master/sprites/pokemon/other/official-artwork/10004.png,https://www.pokemon.com/us/pokedex/wormadam,species-page,2026-04-13T11:45:21.940891-07:00,200,official_media_verified_link_generated,,pokemon.com page content is bot-protected; official page URL is attached for manual verification.
wormadam-trash,Wormadam Trash,413,https://assets.pokemon.com/assets/cms2/img/pokedex/full/413.png,https://raw.githubusercontent.com/PokeAPI/sprites/master/sprites/pokemon/other/official-artwork/10005.png,https://raw.githubusercontent.com/PokeAPI/sprites/master/sprites/pokemon/other/home/10005.png,https://raw.githubusercontent.com/PokeAPI/sprites/master/sprites/pokemon/other/official-artwork/10005.png,https://www.pokemon.com/us/pokedex/wormadam,species-page,2026-04-13T11:45:21.940891-07:00,200,official_media_verified_link_generated,,pokemon.com page content is bot-protected; official page URL is attached for manual verification.
mothim,Mothim,414,https://assets.pokemon.com/assets/cms2/img/pokedex/full/414.png,https://raw.githubusercontent.com/PokeAPI/sprites/master/sprites/pokemon/other/official-artwork/414.png,https://raw.githubusercontent.com/PokeAPI/sprites/master/sprites/pokemon/other/home/414.png,https://raw.githubusercontent.com/PokeAPI/sprites/master/sprites/pokemon/other/official-artwork/414.png,https://www.pokemon.com/us/pokedex/mothim,species-page,2026-04-13T11:45:21.940891-07:00,200,official_media_verified_link_generated,,pokemon.com page content is bot-protected; official page URL is attached for manual verification.
combee,Combee,415,https://assets.pokemon.com/assets/cms2/img/pokedex/full/415.png,https://raw.githubusercontent.com/PokeAPI/sprites/master/sprites/pokemon/other/official-artwork/415.png,https://raw.githubusercontent.com/PokeAPI/sprites/master/sprites/pokemon/other/home/415.png,https://raw.githubusercontent.com/PokeAPI/sprites/master/sprites/pokemon/other/official-artwork/415.png,https://www.pokemon.com/us/pokedex/combee,species-page,2026-04-13T11:45:21.940891-07:00,200,official_media_verified_link_generated,,pokemon.com page content is bot-protected; official page URL is attached for manual verification.
vespiquen,Vespiquen,416,https://assets.pokemon.com/assets/cms2/img/pokedex/full/416.png,https://raw.githubusercontent.com/PokeAPI/sprites/master/sprites/pokemon/other/official-artwork/416.png,https://raw.githubusercontent.com/PokeAPI/sprites/master/sprites/pokemon/other/home/416.png,https://raw.githubusercontent.com/PokeAPI/sprites/master/sprites/pokemon/other/official-artwork/416.png,https://www.pokemon.com/us/pokedex/vespiquen,species-page,2026-04-13T11:45:21.940891-07:00,200,official_media_verified_link_generated,,pokemon.com page content is bot-protected; official page URL is attached for manual verification.
pachirisu,Pachirisu,417,https://assets.pokemon.com/assets/cms2/img/pokedex/full/417.png,https://raw.githubusercontent.com/PokeAPI/sprites/master/sprites/pokemon/other/official-artwork/417.png,https://raw.githubusercontent.com/PokeAPI/sprites/master/sprites/pokemon/other/home/417.png,https://raw.githubusercontent.com/PokeAPI/sprites/master/sprites/pokemon/other/official-artwork/417.png,https://www.pokemon.com/us/pokedex/pachirisu,species-page,2026-04-13T11:45:21.940891-07:00,200,official_media_verified_link_generated,,pokemon.com page content is bot-protected; official page URL is attached for manual verification.
buizel,Buizel,418,https://assets.pokemon.com/assets/cms2/img/pokedex/full/418.png,https://raw.githubusercontent.com/PokeAPI/sprites/master/sprites/pokemon/other/official-artwork/418.png,https://raw.githubusercontent.com/PokeAPI/sprites/master/sprites/pokemon/other/home/418.png,https://raw.githubusercontent.com/PokeAPI/sprites/master/sprites/pokemon/other/official-artwork/418.png,https://www.pokemon.com/us/pokedex/buizel,species-page,2026-04-13T11:45:21.940891-07:00,200,official_media_verified_link_generated,,pokemon.com page content is bot-protected; official page URL is attached for manual verification.
floatzel,Floatzel,419,https://assets.pokemon.com/assets/cms2/img/pokedex/full/419.png,https://raw.githubusercontent.com/PokeAPI/sprites/master/sprites/pokemon/other/official-artwork/419.png,https://raw.githubusercontent.com/PokeAPI/sprites/master/sprites/pokemon/other/home/419.png,https://raw.githubusercontent.com/PokeAPI/sprites/master/sprites/pokemon/other/official-artwork/419.png,https://www.pokemon.com/us/pokedex/floatzel,species-page,2026-04-13T11:45:21.940891-07:00,200,official_media_verified_link_generated,,pokemon.com page content is bot-protected; official page URL is attached for manual verification.
cherubi,Cherubi,420,https://assets.pokemon.com/assets/cms2/img/pokedex/full/420.png,https://raw.githubusercontent.com/PokeAPI/sprites/master/sprites/pokemon/other/official-artwork/420.png,https://raw.githubusercontent.com/PokeAPI/sprites/master/sprites/pokemon/other/home/420.png,https://raw.githubusercontent.com/PokeAPI/sprites/master/sprites/pokemon/other/official-artwork/420.png,https://www.pokemon.com/us/pokedex/cherubi,species-page,2026-04-13T11:45:21.940891-07:00,200,official_media_verified_link_generated,,pokemon.com page content is bot-protected; official page URL is attached for manual verification.
cherrim,Cherrim,421,https://assets.pokemon.com/assets/cms2/img/pokedex/full/421.png,https://raw.githubusercontent.com/PokeAPI/sprites/master/sprites/pokemon/other/official-artwork/421.png,https://raw.githubusercontent.com/PokeAPI/sprites/master/sprites/pokemon/other/home/421.png,https://raw.githubusercontent.com/PokeAPI/sprites/master/sprites/pokemon/other/official-artwork/421.png,https://www.pokemon.com/us/pokedex/cherrim,species-page,2026-04-13T11:45:21.940891-07:00,200,official_media_verified_link_generated,,pokemon.com page content is bot-protected; official page URL is attached for manual verification.
shellos,Shellos,422,https://assets.pokemon.com/assets/cms2/img/pokedex/full/422.png,https://raw.githubusercontent.com/PokeAPI/sprites/master/sprites/pokemon/other/official-artwork/422.png,https://raw.githubusercontent.com/PokeAPI/sprites/master/sprites/pokemon/other/home/422.png,https://raw.githubusercontent.com/PokeAPI/sprites/master/sprites/pokemon/other/official-artwork/422.png,https://www.pokemon.com/us/pokedex/shellos,species-page,2026-04-13T11:45:21.940891-07:00,200,official_media_verified_link_generated,,pokemon.com page content is bot-protected; official page URL is attached for manual verification.
gastrodon,Gastrodon,423,https://assets.pokemon.com/assets/cms2/img/pokedex/full/423.png,https://raw.githubusercontent.com/PokeAPI/sprites/master/sprites/pokemon/other/official-artwork/423.png,https://raw.githubusercontent.com/PokeAPI/sprites/master/sprites/pokemon/other/home/423.png,https://raw.githubusercontent.com/PokeAPI/sprites/master/sprites/pokemon/other/official-artwork/423.png,https://www.pokemon.com/us/pokedex/gastrodon,species-page,2026-04-13T11:45:21.940891-07:00,200,official_media_verified_link_generated,,pokemon.com page content is bot-protected; official page URL is attached for manual verification.
ambipom,Ambipom,424,https://assets.pokemon.com/assets/cms2/img/pokedex/full/424.png,https://raw.githubusercontent.com/PokeAPI/sprites/master/sprites/pokemon/other/official-artwork/424.png,https://raw.githubusercontent.com/PokeAPI/sprites/master/sprites/pokemon/other/home/424.png,https://raw.githubusercontent.com/PokeAPI/sprites/master/sprites/pokemon/other/official-artwork/424.png,https://www.pokemon.com/us/pokedex/ambipom,species-page,2026-04-13T11:45:21.940891-07:00,200,official_media_verified_link_generated,,pokemon.com page content is bot-protected; official page URL is attached for manual verification.
drifloon,Drifloon,425,https://assets.pokemon.com/assets/cms2/img/pokedex/full/425.png,https://raw.githubusercontent.com/PokeAPI/sprites/master/sprites/pokemon/other/official-artwork/425.png,https://raw.githubusercontent.com/PokeAPI/sprites/master/sprites/pokemon/other/home/425.png,https://raw.githubusercontent.com/PokeAPI/sprites/master/sprites/pokemon/other/official-artwork/425.png,https://www.pokemon.com/us/pokedex/drifloon,species-page,2026-04-13T11:45:21.940891-07:00,200,official_media_verified_link_generated,,pokemon.com page content is bot-protected; official page URL is attached for manual verification.
drifblim,Drifblim,426,https://assets.pokemon.com/assets/cms2/img/pokedex/full/426.png,https://raw.githubusercontent.com/PokeAPI/sprites/master/sprites/pokemon/other/official-artwork/426.png,https://raw.githubusercontent.com/PokeAPI/sprites/master/sprites/pokemon/other/home/426.png,https://raw.githubusercontent.com/PokeAPI/sprites/master/sprites/pokemon/other/official-artwork/426.png,https://www.pokemon.com/us/pokedex/drifblim,species-page,2026-04-13T11:45:21.940891-07:00,200,official_media_verified_link_generated,,pokemon.com page content is bot-protected; official page URL is attached for manual verification.
buneary,Buneary,427,https://assets.pokemon.com/assets/cms2/img/pokedex/full/427.png,https://raw.githubusercontent.com/PokeAPI/sprites/master/sprites/pokemon/other/official-artwork/427.png,https://raw.githubusercontent.com/PokeAPI/sprites/master/sprites/pokemon/other/home/427.png,https://raw.githubusercontent.com/PokeAPI/sprites/master/sprites/pokemon/other/official-artwork/427.png,https://www.pokemon.com/us/pokedex/buneary,species-page,2026-04-13T11:45:21.940891-07:00,200,official_media_verified_link_generated,,pokemon.com page content is bot-protected; official page URL is attached for manual verification.
lopunny,Lopunny,428,https://assets.pokemon.com/assets/cms2/img/pokedex/full/428.png,https://raw.githubusercontent.com/PokeAPI/sprites/master/sprites/pokemon/other/official-artwork/428.png,https://raw.githubusercontent.com/PokeAPI/sprites/master/sprites/pokemon/other/home/428.png,https://raw.githubusercontent.com/PokeAPI/sprites/master/sprites/pokemon/other/official-artwork/428.png,https://www.pokemon.com/us/pokedex/lopunny,species-page,2026-04-13T11:45:21.940891-07:00,200,official_media_verified_link_generated,,pokemon.com page content is bot-protected; official page URL is attached for manual verification.
lopunny-mega,Lopunny maleega,428,https://assets.pokemon.com/assets/cms2/img/pokedex/full/428.png,https://raw.githubusercontent.com/PokeAPI/sprites/master/sprites/pokemon/other/official-artwork/10088.png,https://raw.githubusercontent.com/PokeAPI/sprites/master/sprites/pokemon/other/home/10088.png,https://raw.githubusercontent.com/PokeAPI/sprites/master/sprites/pokemon/other/official-artwork/10088.png,https://www.pokemon.com/us/pokedex/lopunny,species-page,2026-04-13T11:45:21.940891-07:00,200,official_media_verified_link_generated,,pokemon.com page content is bot-protected; official page URL is attached for manual verification.
mismagius,Mismagius,429,https://assets.pokemon.com/assets/cms2/img/pokedex/full/429.png,https://raw.githubusercontent.com/PokeAPI/sprites/master/sprites/pokemon/other/official-artwork/429.png,https://raw.githubusercontent.com/PokeAPI/sprites/master/sprites/pokemon/other/home/429.png,https://raw.githubusercontent.com/PokeAPI/sprites/master/sprites/pokemon/other/official-artwork/429.png,https://www.pokemon.com/us/pokedex/mismagius,species-page,2026-04-13T11:45:21.940891-07:00,200,official_media_verified_link_generated,,pokemon.com page content is bot-protected; official page URL is attached for manual verification.
honchkrow,Honchkrow,430,https://assets.pokemon.com/assets/cms2/img/pokedex/full/430.png,https://raw.githubusercontent.com/PokeAPI/sprites/master/sprites/pokemon/other/official-artwork/430.png,https://raw.githubusercontent.com/PokeAPI/sprites/master/sprites/pokemon/other/home/430.png,https://raw.githubusercontent.com/PokeAPI/sprites/master/sprites/pokemon/other/official-artwork/430.png,https://www.pokemon.com/us/pokedex/honchkrow,species-page,2026-04-13T11:45:21.940891-07:00,200,official_media_verified_link_generated,,pokemon.com page content is bot-protected; official page URL is attached for manual verification.
glameow,Glameow,431,https://assets.pokemon.com/assets/cms2/img/pokedex/full/431.png,https://raw.githubusercontent.com/PokeAPI/sprites/master/sprites/pokemon/other/official-artwork/431.png,https://raw.githubusercontent.com/PokeAPI/sprites/master/sprites/pokemon/other/home/431.png,https://raw.githubusercontent.com/PokeAPI/sprites/master/sprites/pokemon/other/official-artwork/431.png,https://www.pokemon.com/us/pokedex/glameow,species-page,2026-04-13T11:45:21.940891-07:00,200,official_media_verified_link_generated,,pokemon.com page content is bot-protected; official page URL is attached for manual verification.
purugly,Purugly,432,https://assets.pokemon.com/assets/cms2/img/pokedex/full/432.png,https://raw.githubusercontent.com/PokeAPI/sprites/master/sprites/pokemon/other/official-artwork/432.png,https://raw.githubusercontent.com/PokeAPI/sprites/master/sprites/pokemon/other/home/432.png,https://raw.githubusercontent.com/PokeAPI/sprites/master/sprites/pokemon/other/official-artwork/432.png,https://www.pokemon.com/us/pokedex/purugly,species-page,2026-04-13T11:45:21.940891-07:00,200,official_media_verified_link_generated,,pokemon.com page content is bot-protected; official page URL is attached for manual verification.
chingling,Chingling,433,https://assets.pokemon.com/assets/cms2/img/pokedex/full/433.png,https://raw.githubusercontent.com/PokeAPI/sprites/master/sprites/pokemon/other/official-artwork/433.png,https://raw.githubusercontent.com/PokeAPI/sprites/master/sprites/pokemon/other/home/433.png,https://raw.githubusercontent.com/PokeAPI/sprites/master/sprites/pokemon/other/official-artwork/433.png,https://www.pokemon.com/us/pokedex/chingling,species-page,2026-04-13T11:45:21.940891-07:00,200,official_media_verified_link_generated,,pokemon.com page content is bot-protected; official page URL is attached for manual verification.
stunky,Stunky,434,https://assets.pokemon.com/assets/cms2/img/pokedex/full/434.png,https://raw.githubusercontent.com/PokeAPI/sprites/master/sprites/pokemon/other/official-artwork/434.png,https://raw.githubusercontent.com/PokeAPI/sprites/master/sprites/pokemon/other/home/434.png,https://raw.githubusercontent.com/PokeAPI/sprites/master/sprites/pokemon/other/official-artwork/434.png,https://www.pokemon.com/us/pokedex/stunky,species-page,2026-04-13T11:45:21.940891-07:00,200,official_media_verified_link_generated,,pokemon.com page content is bot-protected; official page URL is attached for manual verification.
skuntank,Skuntank,435,https://assets.pokemon.com/assets/cms2/img/pokedex/full/435.png,https://raw.githubusercontent.com/PokeAPI/sprites/master/sprites/pokemon/other/official-artwork/435.png,https://raw.githubusercontent.com/PokeAPI/sprites/master/sprites/pokemon/other/home/435.png,https://raw.githubusercontent.com/PokeAPI/sprites/master/sprites/pokemon/other/official-artwork/435.png,https://www.pokemon.com/us/pokedex/skuntank,species-page,2026-04-13T11:45:21.940891-07:00,200,official_media_verified_link_generated,,pokemon.com page content is bot-protected; official page URL is attached for manual verification.
bronzor,Bronzor,436,https://assets.pokemon.com/assets/cms2/img/pokedex/full/436.png,https://raw.githubusercontent.com/PokeAPI/sprites/master/sprites/pokemon/other/official-artwork/436.png,https://raw.githubusercontent.com/PokeAPI/sprites/master/sprites/pokemon/other/home/436.png,https://raw.githubusercontent.com/PokeAPI/sprites/master/sprites/pokemon/other/official-artwork/436.png,https://www.pokemon.com/us/pokedex/bronzor,species-page,2026-04-13T11:45:21.940891-07:00,200,official_media_verified_link_generated,,pokemon.com page content is bot-protected; official page URL is attached for manual verification.
bronzong,Bronzong,437,https://assets.pokemon.com/assets/cms2/img/pokedex/full/437.png,https://raw.githubusercontent.com/PokeAPI/sprites/master/sprites/pokemon/other/official-artwork/437.png,https://raw.githubusercontent.com/PokeAPI/sprites/master/sprites/pokemon/other/home/437.png,https://raw.githubusercontent.com/PokeAPI/sprites/master/sprites/pokemon/other/official-artwork/437.png,https://www.pokemon.com/us/pokedex/bronzong,species-page,2026-04-13T11:45:21.940891-07:00,200,official_media_verified_link_generated,,pokemon.com page content is bot-protected; official page URL is attached for manual verification.
bonsly,Bonsly,438,https://assets.pokemon.com/assets/cms2/img/pokedex/full/438.png,https://raw.githubusercontent.com/PokeAPI/sprites/master/sprites/pokemon/other/official-artwork/438.png,https://raw.githubusercontent.com/PokeAPI/sprites/master/sprites/pokemon/other/home/438.png,https://raw.githubusercontent.com/PokeAPI/sprites/master/sprites/pokemon/other/official-artwork/438.png,https://www.pokemon.com/us/pokedex/bonsly,species-page,2026-04-13T11:45:21.940891-07:00,200,official_media_verified_link_generated,,pokemon.com page content is bot-protected; official page URL is attached for manual verification.
mime-jr,Mime Jr,439,https://assets.pokemon.com/assets/cms2/img/pokedex/full/439.png,https://raw.githubusercontent.com/PokeAPI/sprites/master/sprites/pokemon/other/official-artwork/439.png,https://raw.githubusercontent.com/PokeAPI/sprites/master/sprites/pokemon/other/home/439.png,https://raw.githubusercontent.com/PokeAPI/sprites/master/sprites/pokemon/other/official-artwork/439.png,https://www.pokemon.com/us/pokedex/mime-jr,species-page,2026-04-13T11:45:21.940891-07:00,200,official_media_verified_link_generated,,pokemon.com page content is bot-protected; official page URL is attached for manual verification.
happiny,Happiny,440,https://assets.pokemon.com/assets/cms2/img/pokedex/full/440.png,https://raw.githubusercontent.com/PokeAPI/sprites/master/sprites/pokemon/other/official-artwork/440.png,https://raw.githubusercontent.com/PokeAPI/sprites/master/sprites/pokemon/other/home/440.png,https://raw.githubusercontent.com/PokeAPI/sprites/master/sprites/pokemon/other/official-artwork/440.png,https://www.pokemon.com/us/pokedex/happiny,species-page,2026-04-13T11:45:21.940891-07:00,200,official_media_verified_link_generated,,pokemon.com page content is bot-protected; official page URL is attached for manual verification.
chatot,Chatot,441,https://assets.pokemon.com/assets/cms2/img/pokedex/full/441.png,https://raw.githubusercontent.com/PokeAPI/sprites/master/sprites/pokemon/other/official-artwork/441.png,https://raw.githubusercontent.com/PokeAPI/sprites/master/sprites/pokemon/other/home/441.png,https://raw.githubusercontent.com/PokeAPI/sprites/master/sprites/pokemon/other/official-artwork/441.png,https://www.pokemon.com/us/pokedex/chatot,species-page,2026-04-13T11:45:21.940891-07:00,200,official_media_verified_link_generated,,pokemon.com page content is bot-protected; official page URL is attached for manual verification.
spiritomb,Spiritomb,442,https://assets.pokemon.com/assets/cms2/img/pokedex/full/442.png,https://raw.githubusercontent.com/PokeAPI/sprites/master/sprites/pokemon/other/official-artwork/442.png,https://raw.githubusercontent.com/PokeAPI/sprites/master/sprites/pokemon/other/home/442.png,https://raw.githubusercontent.com/PokeAPI/sprites/master/sprites/pokemon/other/official-artwork/442.png,https://www.pokemon.com/us/pokedex/spiritomb,species-page,2026-04-13T11:45:21.940891-07:00,200,official_media_verified_link_generated,,pokemon.com page content is bot-protected; official page URL is attached for manual verification.
gible,Gible,443,https://assets.pokemon.com/assets/cms2/img/pokedex/full/443.png,https://raw.githubusercontent.com/PokeAPI/sprites/master/sprites/pokemon/other/official-artwork/443.png,https://raw.githubusercontent.com/PokeAPI/sprites/master/sprites/pokemon/other/home/443.png,https://raw.githubusercontent.com/PokeAPI/sprites/master/sprites/pokemon/other/official-artwork/443.png,https://www.pokemon.com/us/pokedex/gible,species-page,2026-04-13T11:45:21.940891-07:00,200,official_media_verified_link_generated,,pokemon.com page content is bot-protected; official page URL is attached for manual verification.
gabite,Gabite,444,https://assets.pokemon.com/assets/cms2/img/pokedex/full/444.png,https://raw.githubusercontent.com/PokeAPI/sprites/master/sprites/pokemon/other/official-artwork/444.png,https://raw.githubusercontent.com/PokeAPI/sprites/master/sprites/pokemon/other/home/444.png,https://raw.githubusercontent.com/PokeAPI/sprites/master/sprites/pokemon/other/official-artwork/444.png,https://www.pokemon.com/us/pokedex/gabite,species-page,2026-04-13T11:45:21.940891-07:00,200,official_media_verified_link_generated,,pokemon.com page content is bot-protected; official page URL is attached for manual verification.
garchomp,Garchomp,445,https://assets.pokemon.com/assets/cms2/img/pokedex/full/445.png,https://raw.githubusercontent.com/PokeAPI/sprites/master/sprites/pokemon/other/official-artwork/445.png,https://raw.githubusercontent.com/PokeAPI/sprites/master/sprites/pokemon/other/home/445.png,https://raw.githubusercontent.com/PokeAPI/sprites/master/sprites/pokemon/other/official-artwork/445.png,https://www.pokemon.com/us/pokedex/garchomp,species-page,2026-04-13T11:45:21.940891-07:00,200,official_media_verified_link_generated,,pokemon.com page content is bot-protected; official page URL is attached for manual verification.
garchomp-mega,Garchomp maleega,445,https://assets.pokemon.com/assets/cms2/img/pokedex/full/445.png,https://raw.githubusercontent.com/PokeAPI/sprites/master/sprites/pokemon/other/official-artwork/10058.png,https://raw.githubusercontent.com/PokeAPI/sprites/master/sprites/pokemon/other/home/10058.png,https://raw.githubusercontent.com/PokeAPI/sprites/master/sprites/pokemon/other/official-artwork/10058.png,https://www.pokemon.com/us/pokedex/garchomp,species-page,2026-04-13T11:45:21.940891-07:00,200,official_media_verified_link_generated,,pokemon.com page content is bot-protected; official page URL is attached for manual verification.
garchomp-mega-z,Garchomp maleega Z,445,https://assets.pokemon.com/assets/cms2/img/pokedex/full/445.png,https://raw.githubusercontent.com/PokeAPI/sprites/master/sprites/pokemon/other/official-artwork/10309.png,https://raw.githubusercontent.com/PokeAPI/sprites/master/sprites/pokemon/other/official-artwork/10309.png,https://raw.githubusercontent.com/PokeAPI/sprites/master/sprites/pokemon/other/official-artwork/10309.png,https://www.pokemon.com/us/pokedex/garchomp,species-page,2026-04-13T11:45:21.940891-07:00,200,official_media_verified_link_generated,,pokemon.com page content is bot-protected; official page URL is attached for manual verification.
munchlax,Munchlax,446,https://assets.pokemon.com/assets/cms2/img/pokedex/full/446.png,https://raw.githubusercontent.com/PokeAPI/sprites/master/sprites/pokemon/other/official-artwork/446.png,https://raw.githubusercontent.com/PokeAPI/sprites/master/sprites/pokemon/other/home/446.png,https://raw.githubusercontent.com/PokeAPI/sprites/master/sprites/pokemon/other/official-artwork/446.png,https://www.pokemon.com/us/pokedex/munchlax,species-page,2026-04-13T11:45:21.940891-07:00,200,official_media_verified_link_generated,,pokemon.com page content is bot-protected; official page URL is attached for manual verification.
riolu,Riolu,447,https://assets.pokemon.com/assets/cms2/img/pokedex/full/447.png,https://raw.githubusercontent.com/PokeAPI/sprites/master/sprites/pokemon/other/official-artwork/447.png,https://raw.githubusercontent.com/PokeAPI/sprites/master/sprites/pokemon/other/home/447.png,https://raw.githubusercontent.com/PokeAPI/sprites/master/sprites/pokemon/other/official-artwork/447.png,https://www.pokemon.com/us/pokedex/riolu,species-page,2026-04-13T11:45:21.940891-07:00,200,official_media_verified_link_generated,,pokemon.com page content is bot-protected; official page URL is attached for manual verification.
lucario,Lucario,448,https://assets.pokemon.com/assets/cms2/img/pokedex/full/448.png,https://raw.githubusercontent.com/PokeAPI/sprites/master/sprites/pokemon/other/official-artwork/448.png,https://raw.githubusercontent.com/PokeAPI/sprites/master/sprites/pokemon/other/home/448.png,https://raw.githubusercontent.com/PokeAPI/sprites/master/sprites/pokemon/other/official-artwork/448.png,https://www.pokemon.com/us/pokedex/lucario,species-page,2026-04-13T11:45:21.940891-07:00,200,official_media_verified_link_generated,,pokemon.com page content is bot-protected; official page URL is attached for manual verification.
lucario-mega,Lucario maleega,448,https://assets.pokemon.com/assets/cms2/img/pokedex/full/448.png,https://raw.githubusercontent.com/PokeAPI/sprites/master/sprites/pokemon/other/official-artwork/10059.png,https://raw.githubusercontent.com/PokeAPI/sprites/master/sprites/pokemon/other/home/10059.png,https://raw.githubusercontent.com/PokeAPI/sprites/master/sprites/pokemon/other/official-artwork/10059.png,https://www.pokemon.com/us/pokedex/lucario,species-page,2026-04-13T11:45:21.940891-07:00,200,official_media_verified_link_generated,,pokemon.com page content is bot-protected; official page URL is attached for manual verification.
lucario-mega-z,Lucario maleega Z,448,https://assets.pokemon.com/assets/cms2/img/pokedex/full/448.png,https://raw.githubusercontent.com/PokeAPI/sprites/master/sprites/pokemon/other/official-artwork/10310.png,https://raw.githubusercontent.com/PokeAPI/sprites/master/sprites/pokemon/other/official-artwork/10310.png,https://raw.githubusercontent.com/PokeAPI/sprites/master/sprites/pokemon/other/official-artwork/10310.png,https://www.pokemon.com/us/pokedex/lucario,species-page,2026-04-13T11:45:21.940891-07:00,200,official_media_verified_link_generated,,pokemon.com page content is bot-protected; official page URL is attached for manual verification.
hippopotas,Hippopotas,449,https://assets.pokemon.com/assets/cms2/img/pokedex/full/449.png,https://raw.githubusercontent.com/PokeAPI/sprites/master/sprites/pokemon/other/official-artwork/449.png,https://raw.githubusercontent.com/PokeAPI/sprites/master/sprites/pokemon/other/home/449.png,https://raw.githubusercontent.com/PokeAPI/sprites/master/sprites/pokemon/other/official-artwork/449.png,https://www.pokemon.com/us/pokedex/hippopotas,species-page,2026-04-13T11:45:21.940891-07:00,200,official_media_verified_link_generated,,pokemon.com page content is bot-protected; official page URL is attached for manual verification.
hippowdon,Hippowdon,450,https://assets.pokemon.com/assets/cms2/img/pokedex/full/450.png,https://raw.githubusercontent.com/PokeAPI/sprites/master/sprites/pokemon/other/official-artwork/450.png,https://raw.githubusercontent.com/PokeAPI/sprites/master/sprites/pokemon/other/home/450.png,https://raw.githubusercontent.com/PokeAPI/sprites/master/sprites/pokemon/other/official-artwork/450.png,https://www.pokemon.com/us/pokedex/hippowdon,species-page,2026-04-13T11:45:21.940891-07:00,200,official_media_verified_link_generated,,pokemon.com page content is bot-protected; official page URL is attached for manual verification.
skorupi,Skorupi,451,https://assets.pokemon.com/assets/cms2/img/pokedex/full/451.png,https://raw.githubusercontent.com/PokeAPI/sprites/master/sprites/pokemon/other/official-artwork/451.png,https://raw.githubusercontent.com/PokeAPI/sprites/master/sprites/pokemon/other/home/451.png,https://raw.githubusercontent.com/PokeAPI/sprites/master/sprites/pokemon/other/official-artwork/451.png,https://www.pokemon.com/us/pokedex/skorupi,species-page,2026-04-13T11:45:21.940891-07:00,200,official_media_verified_link_generated,,pokemon.com page content is bot-protected; official page URL is attached for manual verification.
drapion,Drapion,452,https://assets.pokemon.com/assets/cms2/img/pokedex/full/452.png,https://raw.githubusercontent.com/PokeAPI/sprites/master/sprites/pokemon/other/official-artwork/452.png,https://raw.githubusercontent.com/PokeAPI/sprites/master/sprites/pokemon/other/home/452.png,https://raw.githubusercontent.com/PokeAPI/sprites/master/sprites/pokemon/other/official-artwork/452.png,https://www.pokemon.com/us/pokedex/drapion,species-page,2026-04-13T11:45:21.940891-07:00,200,official_media_verified_link_generated,,pokemon.com page content is bot-protected; official page URL is attached for manual verification.
croagunk,Croagunk,453,https://assets.pokemon.com/assets/cms2/img/pokedex/full/453.png,https://raw.githubusercontent.com/PokeAPI/sprites/master/sprites/pokemon/other/official-artwork/453.png,https://raw.githubusercontent.com/PokeAPI/sprites/master/sprites/pokemon/other/home/453.png,https://raw.githubusercontent.com/PokeAPI/sprites/master/sprites/pokemon/other/official-artwork/453.png,https://www.pokemon.com/us/pokedex/croagunk,species-page,2026-04-13T11:45:21.940891-07:00,200,official_media_verified_link_generated,,pokemon.com page content is bot-protected; official page URL is attached for manual verification.
toxicroak,Toxicroak,454,https://assets.pokemon.com/assets/cms2/img/pokedex/full/454.png,https://raw.githubusercontent.com/PokeAPI/sprites/master/sprites/pokemon/other/official-artwork/454.png,https://raw.githubusercontent.com/PokeAPI/sprites/master/sprites/pokemon/other/home/454.png,https://raw.githubusercontent.com/PokeAPI/sprites/master/sprites/pokemon/other/official-artwork/454.png,https://www.pokemon.com/us/pokedex/toxicroak,species-page,2026-04-13T11:45:21.940891-07:00,200,official_media_verified_link_generated,,pokemon.com page content is bot-protected; official page URL is attached for manual verification.
carnivine,Carnivine,455,https://assets.pokemon.com/assets/cms2/img/pokedex/full/455.png,https://raw.githubusercontent.com/PokeAPI/sprites/master/sprites/pokemon/other/official-artwork/455.png,https://raw.githubusercontent.com/PokeAPI/sprites/master/sprites/pokemon/other/home/455.png,https://raw.githubusercontent.com/PokeAPI/sprites/master/sprites/pokemon/other/official-artwork/455.png,https://www.pokemon.com/us/pokedex/carnivine,species-page,2026-04-13T11:45:21.940891-07:00,200,official_media_verified_link_generated,,pokemon.com page content is bot-protected; official page URL is attached for manual verification.
finneon,Finneon,456,https://assets.pokemon.com/assets/cms2/img/pokedex/full/456.png,https://raw.githubusercontent.com/PokeAPI/sprites/master/sprites/pokemon/other/official-artwork/456.png,https://raw.githubusercontent.com/PokeAPI/sprites/master/sprites/pokemon/other/home/456.png,https://raw.githubusercontent.com/PokeAPI/sprites/master/sprites/pokemon/other/official-artwork/456.png,https://www.pokemon.com/us/pokedex/finneon,species-page,2026-04-13T11:45:21.940891-07:00,200,official_media_verified_link_generated,,pokemon.com page content is bot-protected; official page URL is attached for manual verification.
lumineon,Lumineon,457,https://assets.pokemon.com/assets/cms2/img/pokedex/full/457.png,https://raw.githubusercontent.com/PokeAPI/sprites/master/sprites/pokemon/other/official-artwork/457.png,https://raw.githubusercontent.com/PokeAPI/sprites/master/sprites/pokemon/other/home/457.png,https://raw.githubusercontent.com/PokeAPI/sprites/master/sprites/pokemon/other/official-artwork/457.png,https://www.pokemon.com/us/pokedex/lumineon,species-page,2026-04-13T11:45:21.940891-07:00,200,official_media_verified_link_generated,,pokemon.com page content is bot-protected; official page URL is attached for manual verification.
mantyke,Mantyke,458,https://assets.pokemon.com/assets/cms2/img/pokedex/full/458.png,https://raw.githubusercontent.com/PokeAPI/sprites/master/sprites/pokemon/other/official-artwork/458.png,https://raw.githubusercontent.com/PokeAPI/sprites/master/sprites/pokemon/other/home/458.png,https://raw.githubusercontent.com/PokeAPI/sprites/master/sprites/pokemon/other/official-artwork/458.png,https://www.pokemon.com/us/pokedex/mantyke,species-page,2026-04-13T11:45:21.940891-07:00,200,official_media_verified_link_generated,,pokemon.com page content is bot-protected; official page URL is attached for manual verification.
snover,Snover,459,https://assets.pokemon.com/assets/cms2/img/pokedex/full/459.png,https://raw.githubusercontent.com/PokeAPI/sprites/master/sprites/pokemon/other/official-artwork/459.png,https://raw.githubusercontent.com/PokeAPI/sprites/master/sprites/pokemon/other/home/459.png,https://raw.githubusercontent.com/PokeAPI/sprites/master/sprites/pokemon/other/official-artwork/459.png,https://www.pokemon.com/us/pokedex/snover,species-page,2026-04-13T11:45:21.940891-07:00,200,official_media_verified_link_generated,,pokemon.com page content is bot-protected; official page URL is attached for manual verification.
abomasnow,Abomasnow,460,https://assets.pokemon.com/assets/cms2/img/pokedex/full/460.png,https://raw.githubusercontent.com/PokeAPI/sprites/master/sprites/pokemon/other/official-artwork/460.png,https://raw.githubusercontent.com/PokeAPI/sprites/master/sprites/pokemon/other/home/460.png,https://raw.githubusercontent.com/PokeAPI/sprites/master/sprites/pokemon/other/official-artwork/460.png,https://www.pokemon.com/us/pokedex/abomasnow,species-page,2026-04-13T11:45:21.940891-07:00,200,official_media_verified_link_generated,,pokemon.com page content is bot-protected; official page URL is attached for manual verification.
abomasnow-mega,Abomasnow maleega,460,https://assets.pokemon.com/assets/cms2/img/pokedex/full/460.png,https://raw.githubusercontent.com/PokeAPI/sprites/master/sprites/pokemon/other/official-artwork/10060.png,https://raw.githubusercontent.com/PokeAPI/sprites/master/sprites/pokemon/other/home/10060.png,https://raw.githubusercontent.com/PokeAPI/sprites/master/sprites/pokemon/other/official-artwork/10060.png,https://www.pokemon.com/us/pokedex/abomasnow,species-page,2026-04-13T11:45:21.940891-07:00,200,official_media_verified_link_generated,,pokemon.com page content is bot-protected; official page URL is attached for manual verification.
weavile,Weavile,461,https://assets.pokemon.com/assets/cms2/img/pokedex/full/461.png,https://raw.githubusercontent.com/PokeAPI/sprites/master/sprites/pokemon/other/official-artwork/461.png,https://raw.githubusercontent.com/PokeAPI/sprites/master/sprites/pokemon/other/home/461.png,https://raw.githubusercontent.com/PokeAPI/sprites/master/sprites/pokemon/other/official-artwork/461.png,https://www.pokemon.com/us/pokedex/weavile,species-page,2026-04-13T11:45:21.940891-07:00,200,official_media_verified_link_generated,,pokemon.com page content is bot-protected; official page URL is attached for manual verification.
magnezone,Magnezone,462,https://assets.pokemon.com/assets/cms2/img/pokedex/full/462.png,https://raw.githubusercontent.com/PokeAPI/sprites/master/sprites/pokemon/other/official-artwork/462.png,https://raw.githubusercontent.com/PokeAPI/sprites/master/sprites/pokemon/other/home/462.png,https://raw.githubusercontent.com/PokeAPI/sprites/master/sprites/pokemon/other/official-artwork/462.png,https://www.pokemon.com/us/pokedex/magnezone,species-page,2026-04-13T11:45:21.940891-07:00,200,official_media_verified_link_generated,,pokemon.com page content is bot-protected; official page URL is attached for manual verification.
lickilicky,Lickilicky,463,https://assets.pokemon.com/assets/cms2/img/pokedex/full/463.png,https://raw.githubusercontent.com/PokeAPI/sprites/master/sprites/pokemon/other/official-artwork/463.png,https://raw.githubusercontent.com/PokeAPI/sprites/master/sprites/pokemon/other/home/463.png,https://raw.githubusercontent.com/PokeAPI/sprites/master/sprites/pokemon/other/official-artwork/463.png,https://www.pokemon.com/us/pokedex/lickilicky,species-page,2026-04-13T11:45:21.940891-07:00,200,official_media_verified_link_generated,,pokemon.com page content is bot-protected; official page URL is attached for manual verification.
rhyperior,Rhyperior,464,https://assets.pokemon.com/assets/cms2/img/pokedex/full/464.png,https://raw.githubusercontent.com/PokeAPI/sprites/master/sprites/pokemon/other/official-artwork/464.png,https://raw.githubusercontent.com/PokeAPI/sprites/master/sprites/pokemon/other/home/464.png,https://raw.githubusercontent.com/PokeAPI/sprites/master/sprites/pokemon/other/official-artwork/464.png,https://www.pokemon.com/us/pokedex/rhyperior,species-page,2026-04-13T11:45:21.940891-07:00,200,official_media_verified_link_generated,,pokemon.com page content is bot-protected; official page URL is attached for manual verification.
tangrowth,Tangrowth,465,https://assets.pokemon.com/assets/cms2/img/pokedex/full/465.png,https://raw.githubusercontent.com/PokeAPI/sprites/master/sprites/pokemon/other/official-artwork/465.png,https://raw.githubusercontent.com/PokeAPI/sprites/master/sprites/pokemon/other/home/465.png,https://raw.githubusercontent.com/PokeAPI/sprites/master/sprites/pokemon/other/official-artwork/465.png,https://www.pokemon.com/us/pokedex/tangrowth,species-page,2026-04-13T11:45:21.940891-07:00,200,official_media_verified_link_generated,,pokemon.com page content is bot-protected; official page URL is attached for manual verification.
electivire,Electivire,466,https://assets.pokemon.com/assets/cms2/img/pokedex/full/466.png,https://raw.githubusercontent.com/PokeAPI/sprites/master/sprites/pokemon/other/official-artwork/466.png,https://raw.githubusercontent.com/PokeAPI/sprites/master/sprites/pokemon/other/home/466.png,https://raw.githubusercontent.com/PokeAPI/sprites/master/sprites/pokemon/other/official-artwork/466.png,https://www.pokemon.com/us/pokedex/electivire,species-page,2026-04-13T11:45:21.940891-07:00,200,official_media_verified_link_generated,,pokemon.com page content is bot-protected; official page URL is attached for manual verification.
magmortar,Magmortar,467,https://assets.pokemon.com/assets/cms2/img/pokedex/full/467.png,https://raw.githubusercontent.com/PokeAPI/sprites/master/sprites/pokemon/other/official-artwork/467.png,https://raw.githubusercontent.com/PokeAPI/sprites/master/sprites/pokemon/other/home/467.png,https://raw.githubusercontent.com/PokeAPI/sprites/master/sprites/pokemon/other/official-artwork/467.png,https://www.pokemon.com/us/pokedex/magmortar,species-page,2026-04-13T11:45:21.940891-07:00,200,official_media_verified_link_generated,,pokemon.com page content is bot-protected; official page URL is attached for manual verification.
togekiss,Togekiss,468,https://assets.pokemon.com/assets/cms2/img/pokedex/full/468.png,https://raw.githubusercontent.com/PokeAPI/sprites/master/sprites/pokemon/other/official-artwork/468.png,https://raw.githubusercontent.com/PokeAPI/sprites/master/sprites/pokemon/other/home/468.png,https://raw.githubusercontent.com/PokeAPI/sprites/master/sprites/pokemon/other/official-artwork/468.png,https://www.pokemon.com/us/pokedex/togekiss,species-page,2026-04-13T11:45:21.940891-07:00,200,official_media_verified_link_generated,,pokemon.com page content is bot-protected; official page URL is attached for manual verification.
yanmega,Yanmega,469,https://assets.pokemon.com/assets/cms2/img/pokedex/full/469.png,https://raw.githubusercontent.com/PokeAPI/sprites/master/sprites/pokemon/other/official-artwork/469.png,https://raw.githubusercontent.com/PokeAPI/sprites/master/sprites/pokemon/other/home/469.png,https://raw.githubusercontent.com/PokeAPI/sprites/master/sprites/pokemon/other/official-artwork/469.png,https://www.pokemon.com/us/pokedex/yanmega,species-page,2026-04-13T11:45:21.940891-07:00,200,official_media_verified_link_generated,,pokemon.com page content is bot-protected; official page URL is attached for manual verification.
leafeon,Leafeon,470,https://assets.pokemon.com/assets/cms2/img/pokedex/full/470.png,https://raw.githubusercontent.com/PokeAPI/sprites/master/sprites/pokemon/other/official-artwork/470.png,https://raw.githubusercontent.com/PokeAPI/sprites/master/sprites/pokemon/other/home/470.png,https://raw.githubusercontent.com/PokeAPI/sprites/master/sprites/pokemon/other/official-artwork/470.png,https://www.pokemon.com/us/pokedex/leafeon,species-page,2026-04-13T11:45:21.940891-07:00,200,official_media_verified_link_generated,,pokemon.com page content is bot-protected; official page URL is attached for manual verification.
glaceon,Glaceon,471,https://assets.pokemon.com/assets/cms2/img/pokedex/full/471.png,https://raw.githubusercontent.com/PokeAPI/sprites/master/sprites/pokemon/other/official-artwork/471.png,https://raw.githubusercontent.com/PokeAPI/sprites/master/sprites/pokemon/other/home/471.png,https://raw.githubusercontent.com/PokeAPI/sprites/master/sprites/pokemon/other/official-artwork/471.png,https://www.pokemon.com/us/pokedex/glaceon,species-page,2026-04-13T11:45:21.940891-07:00,200,official_media_verified_link_generated,,pokemon.com page content is bot-protected; official page URL is attached for manual verification.
gliscor,Gliscor,472,https://assets.pokemon.com/assets/cms2/img/pokedex/full/472.png,https://raw.githubusercontent.com/PokeAPI/sprites/master/sprites/pokemon/other/official-artwork/472.png,https://raw.githubusercontent.com/PokeAPI/sprites/master/sprites/pokemon/other/home/472.png,https://raw.githubusercontent.com/PokeAPI/sprites/master/sprites/pokemon/other/official-artwork/472.png,https://www.pokemon.com/us/pokedex/gliscor,species-page,2026-04-13T11:45:21.940891-07:00,200,official_media_verified_link_generated,,pokemon.com page content is bot-protected; official page URL is attached for manual verification.
mamoswine,Mamoswine,473,https://assets.pokemon.com/assets/cms2/img/pokedex/full/473.png,https://raw.githubusercontent.com/PokeAPI/sprites/master/sprites/pokemon/other/official-artwork/473.png,https://raw.githubusercontent.com/PokeAPI/sprites/master/sprites/pokemon/other/home/473.png,https://raw.githubusercontent.com/PokeAPI/sprites/master/sprites/pokemon/other/official-artwork/473.png,https://www.pokemon.com/us/pokedex/mamoswine,species-page,2026-04-13T11:45:21.940891-07:00,200,official_media_verified_link_generated,,pokemon.com page content is bot-protected; official page URL is attached for manual verification.
porygon-z,Porygon Z,474,https://assets.pokemon.com/assets/cms2/img/pokedex/full/474.png,https://raw.githubusercontent.com/PokeAPI/sprites/master/sprites/pokemon/other/official-artwork/474.png,https://raw.githubusercontent.com/PokeAPI/sprites/master/sprites/pokemon/other/home/474.png,https://raw.githubusercontent.com/PokeAPI/sprites/master/sprites/pokemon/other/official-artwork/474.png,https://www.pokemon.com/us/pokedex/porygon-z,species-page,2026-04-13T11:45:21.940891-07:00,200,official_media_verified_link_generated,,pokemon.com page content is bot-protected; official page URL is attached for manual verification.
gallade,Gallade,475,https://assets.pokemon.com/assets/cms2/img/pokedex/full/475.png,https://raw.githubusercontent.com/PokeAPI/sprites/master/sprites/pokemon/other/official-artwork/475.png,https://raw.githubusercontent.com/PokeAPI/sprites/master/sprites/pokemon/other/home/475.png,https://raw.githubusercontent.com/PokeAPI/sprites/master/sprites/pokemon/other/official-artwork/475.png,https://www.pokemon.com/us/pokedex/gallade,species-page,2026-04-13T11:45:21.940891-07:00,200,official_media_verified_link_generated,,pokemon.com page content is bot-protected; official page URL is attached for manual verification.
gallade-mega,Gallade maleega,475,https://assets.pokemon.com/assets/cms2/img/pokedex/full/475.png,https://raw.githubusercontent.com/PokeAPI/sprites/master/sprites/pokemon/other/official-artwork/10068.png,https://raw.githubusercontent.com/PokeAPI/sprites/master/sprites/pokemon/other/home/10068.png,https://raw.githubusercontent.com/PokeAPI/sprites/master/sprites/pokemon/other/official-artwork/10068.png,https://www.pokemon.com/us/pokedex/gallade,species-page,2026-04-13T11:45:21.940891-07:00,200,official_media_verified_link_generated,,pokemon.com page content is bot-protected; official page URL is attached for manual verification.
probopass,Probopass,476,https://assets.pokemon.com/assets/cms2/img/pokedex/full/476.png,https://raw.githubusercontent.com/PokeAPI/sprites/master/sprites/pokemon/other/official-artwork/476.png,https://raw.githubusercontent.com/PokeAPI/sprites/master/sprites/pokemon/other/home/476.png,https://raw.githubusercontent.com/PokeAPI/sprites/master/sprites/pokemon/other/official-artwork/476.png,https://www.pokemon.com/us/pokedex/probopass,species-page,2026-04-13T11:45:21.940891-07:00,200,official_media_verified_link_generated,,pokemon.com page content is bot-protected; official page URL is attached for manual verification.
dusknoir,Dusknoir,477,https://assets.pokemon.com/assets/cms2/img/pokedex/full/477.png,https://raw.githubusercontent.com/PokeAPI/sprites/master/sprites/pokemon/other/official-artwork/477.png,https://raw.githubusercontent.com/PokeAPI/sprites/master/sprites/pokemon/other/home/477.png,https://raw.githubusercontent.com/PokeAPI/sprites/master/sprites/pokemon/other/official-artwork/477.png,https://www.pokemon.com/us/pokedex/dusknoir,species-page,2026-04-13T11:45:21.940891-07:00,200,official_media_verified_link_generated,,pokemon.com page content is bot-protected; official page URL is attached for manual verification.
froslass,Froslass,478,https://assets.pokemon.com/assets/cms2/img/pokedex/full/478.png,https://raw.githubusercontent.com/PokeAPI/sprites/master/sprites/pokemon/other/official-artwork/478.png,https://raw.githubusercontent.com/PokeAPI/sprites/master/sprites/pokemon/other/home/478.png,https://raw.githubusercontent.com/PokeAPI/sprites/master/sprites/pokemon/other/official-artwork/478.png,https://www.pokemon.com/us/pokedex/froslass,species-page,2026-04-13T11:45:21.940891-07:00,200,official_media_verified_link_generated,,pokemon.com page content is bot-protected; official page URL is attached for manual verification.
froslass-mega,Froslass maleega,478,https://assets.pokemon.com/assets/cms2/img/pokedex/full/478.png,https://raw.githubusercontent.com/PokeAPI/sprites/master/sprites/pokemon/other/official-artwork/10285.png,https://raw.githubusercontent.com/PokeAPI/sprites/master/sprites/pokemon/other/official-artwork/10285.png,https://raw.githubusercontent.com/PokeAPI/sprites/master/sprites/pokemon/other/official-artwork/10285.png,https://www.pokemon.com/us/pokedex/froslass,species-page,2026-04-13T11:45:21.940891-07:00,200,official_media_verified_link_generated,,pokemon.com page content is bot-protected; official page URL is attached for manual verification.
rotom,Rotom,479,https://assets.pokemon.com/assets/cms2/img/pokedex/full/479.png,https://raw.githubusercontent.com/PokeAPI/sprites/master/sprites/pokemon/other/official-artwork/479.png,https://raw.githubusercontent.com/PokeAPI/sprites/master/sprites/pokemon/other/home/479.png,https://raw.githubusercontent.com/PokeAPI/sprites/master/sprites/pokemon/other/official-artwork/479.png,https://www.pokemon.com/us/pokedex/rotom,species-page,2026-04-13T11:45:21.940891-07:00,200,official_media_verified_link_generated,,pokemon.com page content is bot-protected; official page URL is attached for manual verification.
rotom-fan,Rotom femalean,479,https://assets.pokemon.com/assets/cms2/img/pokedex/full/479.png,https://raw.githubusercontent.com/PokeAPI/sprites/master/sprites/pokemon/other/official-artwork/10011.png,https://raw.githubusercontent.com/PokeAPI/sprites/master/sprites/pokemon/other/home/10011.png,https://raw.githubusercontent.com/PokeAPI/sprites/master/sprites/pokemon/other/official-artwork/10011.png,https://www.pokemon.com/us/pokedex/rotom,species-page,2026-04-13T11:45:21.940891-07:00,200,official_media_verified_link_generated,,pokemon.com page content is bot-protected; official page URL is attached for manual verification.
rotom-frost,Rotom femalerost,479,https://assets.pokemon.com/assets/cms2/img/pokedex/full/479.png,https://raw.githubusercontent.com/PokeAPI/sprites/master/sprites/pokemon/other/official-artwork/10010.png,https://raw.githubusercontent.com/PokeAPI/sprites/master/sprites/pokemon/other/home/10010.png,https://raw.githubusercontent.com/PokeAPI/sprites/master/sprites/pokemon/other/official-artwork/10010.png,https://www.pokemon.com/us/pokedex/rotom,species-page,2026-04-13T11:45:21.940891-07:00,200,official_media_verified_link_generated,,pokemon.com page content is bot-protected; official page URL is attached for manual verification.
rotom-heat,Rotom Heat,479,https://assets.pokemon.com/assets/cms2/img/pokedex/full/479.png,https://raw.githubusercontent.com/PokeAPI/sprites/master/sprites/pokemon/other/official-artwork/10008.png,https://raw.githubusercontent.com/PokeAPI/sprites/master/sprites/pokemon/other/home/10008.png,https://raw.githubusercontent.com/PokeAPI/sprites/master/sprites/pokemon/other/official-artwork/10008.png,https://www.pokemon.com/us/pokedex/rotom,species-page,2026-04-13T11:45:21.940891-07:00,200,official_media_verified_link_generated,,pokemon.com page content is bot-protected; official page URL is attached for manual verification.
rotom-mow,Rotom maleow,479,https://assets.pokemon.com/assets/cms2/img/pokedex/full/479.png,https://raw.githubusercontent.com/PokeAPI/sprites/master/sprites/pokemon/other/official-artwork/10012.png,https://raw.githubusercontent.com/PokeAPI/sprites/master/sprites/pokemon/other/home/10012.png,https://raw.githubusercontent.com/PokeAPI/sprites/master/sprites/pokemon/other/official-artwork/10012.png,https://www.pokemon.com/us/pokedex/rotom,species-page,2026-04-13T11:45:21.940891-07:00,200,official_media_verified_link_generated,,pokemon.com page content is bot-protected; official page URL is attached for manual verification.
rotom-wash,Rotom Wash,479,https://assets.pokemon.com/assets/cms2/img/pokedex/full/479.png,https://raw.githubusercontent.com/PokeAPI/sprites/master/sprites/pokemon/other/official-artwork/10009.png,https://raw.githubusercontent.com/PokeAPI/sprites/master/sprites/pokemon/other/home/10009.png,https://raw.githubusercontent.com/PokeAPI/sprites/master/sprites/pokemon/other/official-artwork/10009.png,https://www.pokemon.com/us/pokedex/rotom,species-page,2026-04-13T11:45:21.940891-07:00,200,official_media_verified_link_generated,,pokemon.com page content is bot-protected; official page URL is attached for manual verification.
uxie,Uxie,480,https://assets.pokemon.com/assets/cms2/img/pokedex/full/480.png,https://raw.githubusercontent.com/PokeAPI/sprites/master/sprites/pokemon/other/official-artwork/480.png,https://raw.githubusercontent.com/PokeAPI/sprites/master/sprites/pokemon/other/home/480.png,https://raw.githubusercontent.com/PokeAPI/sprites/master/sprites/pokemon/other/official-artwork/480.png,https://www.pokemon.com/us/pokedex/uxie,species-page,2026-04-13T11:45:21.940891-07:00,200,official_media_verified_link_generated,,pokemon.com page content is bot-protected; official page URL is attached for manual verification.
mesprit,Mesprit,481,https://assets.pokemon.com/assets/cms2/img/pokedex/full/481.png,https://raw.githubusercontent.com/PokeAPI/sprites/master/sprites/pokemon/other/official-artwork/481.png,https://raw.githubusercontent.com/PokeAPI/sprites/master/sprites/pokemon/other/home/481.png,https://raw.githubusercontent.com/PokeAPI/sprites/master/sprites/pokemon/other/official-artwork/481.png,https://www.pokemon.com/us/pokedex/mesprit,species-page,2026-04-13T11:45:21.940891-07:00,200,official_media_verified_link_generated,,pokemon.com page content is bot-protected; official page URL is attached for manual verification.
azelf,Azelf,482,https://assets.pokemon.com/assets/cms2/img/pokedex/full/482.png,https://raw.githubusercontent.com/PokeAPI/sprites/master/sprites/pokemon/other/official-artwork/482.png,https://raw.githubusercontent.com/PokeAPI/sprites/master/sprites/pokemon/other/home/482.png,https://raw.githubusercontent.com/PokeAPI/sprites/master/sprites/pokemon/other/official-artwork/482.png,https://www.pokemon.com/us/pokedex/azelf,species-page,2026-04-13T11:45:21.940891-07:00,200,official_media_verified_link_generated,,pokemon.com page content is bot-protected; official page URL is attached for manual verification.
dialga,Dialga,483,https://assets.pokemon.com/assets/cms2/img/pokedex/full/483.png,https://raw.githubusercontent.com/PokeAPI/sprites/master/sprites/pokemon/other/official-artwork/483.png,https://raw.githubusercontent.com/PokeAPI/sprites/master/sprites/pokemon/other/home/483.png,https://raw.githubusercontent.com/PokeAPI/sprites/master/sprites/pokemon/other/official-artwork/483.png,https://www.pokemon.com/us/pokedex/dialga,species-page,2026-04-13T11:45:21.940891-07:00,200,official_media_verified_link_generated,,pokemon.com page content is bot-protected; official page URL is attached for manual verification.
dialga-origin,Dialga Origin,483,https://assets.pokemon.com/assets/cms2/img/pokedex/full/483.png,https://raw.githubusercontent.com/PokeAPI/sprites/master/sprites/pokemon/other/official-artwork/10245.png,https://raw.githubusercontent.com/PokeAPI/sprites/master/sprites/pokemon/other/home/10245.png,https://raw.githubusercontent.com/PokeAPI/sprites/master/sprites/pokemon/other/official-artwork/10245.png,https://www.pokemon.com/us/pokedex/dialga,species-page,2026-04-13T11:45:21.940891-07:00,200,official_media_verified_link_generated,,pokemon.com page content is bot-protected; official page URL is attached for manual verification.
palkia,Palkia,484,https://assets.pokemon.com/assets/cms2/img/pokedex/full/484.png,https://raw.githubusercontent.com/PokeAPI/sprites/master/sprites/pokemon/other/official-artwork/484.png,https://raw.githubusercontent.com/PokeAPI/sprites/master/sprites/pokemon/other/home/484.png,https://raw.githubusercontent.com/PokeAPI/sprites/master/sprites/pokemon/other/official-artwork/484.png,https://www.pokemon.com/us/pokedex/palkia,species-page,2026-04-13T11:45:21.940891-07:00,200,official_media_verified_link_generated,,pokemon.com page content is bot-protected; official page URL is attached for manual verification.
palkia-origin,Palkia Origin,484,https://assets.pokemon.com/assets/cms2/img/pokedex/full/484.png,https://raw.githubusercontent.com/PokeAPI/sprites/master/sprites/pokemon/other/official-artwork/10246.png,https://raw.githubusercontent.com/PokeAPI/sprites/master/sprites/pokemon/other/home/10246.png,https://raw.githubusercontent.com/PokeAPI/sprites/master/sprites/pokemon/other/official-artwork/10246.png,https://www.pokemon.com/us/pokedex/palkia,species-page,2026-04-13T11:45:21.940891-07:00,200,official_media_verified_link_generated,,pokemon.com page content is bot-protected; official page URL is attached for manual verification.
heatran,Heatran,485,https://assets.pokemon.com/assets/cms2/img/pokedex/full/485.png,https://raw.githubusercontent.com/PokeAPI/sprites/master/sprites/pokemon/other/official-artwork/485.png,https://raw.githubusercontent.com/PokeAPI/sprites/master/sprites/pokemon/other/home/485.png,https://raw.githubusercontent.com/PokeAPI/sprites/master/sprites/pokemon/other/official-artwork/485.png,https://www.pokemon.com/us/pokedex/heatran,species-page,2026-04-13T11:45:21.940891-07:00,200,official_media_verified_link_generated,,pokemon.com page content is bot-protected; official page URL is attached for manual verification.
heatran-mega,Heatran maleega,485,https://assets.pokemon.com/assets/cms2/img/pokedex/full/485.png,https://raw.githubusercontent.com/PokeAPI/sprites/master/sprites/pokemon/other/official-artwork/10311.png,https://raw.githubusercontent.com/PokeAPI/sprites/master/sprites/pokemon/other/official-artwork/10311.png,https://raw.githubusercontent.com/PokeAPI/sprites/master/sprites/pokemon/other/official-artwork/10311.png,https://www.pokemon.com/us/pokedex/heatran,species-page,2026-04-13T11:45:21.940891-07:00,200,official_media_verified_link_generated,,pokemon.com page content is bot-protected; official page URL is attached for manual verification.
regigigas,Regigigas,486,https://assets.pokemon.com/assets/cms2/img/pokedex/full/486.png,https://raw.githubusercontent.com/PokeAPI/sprites/master/sprites/pokemon/other/official-artwork/486.png,https://raw.githubusercontent.com/PokeAPI/sprites/master/sprites/pokemon/other/home/486.png,https://raw.githubusercontent.com/PokeAPI/sprites/master/sprites/pokemon/other/official-artwork/486.png,https://www.pokemon.com/us/pokedex/regigigas,species-page,2026-04-13T11:45:21.940891-07:00,200,official_media_verified_link_generated,,pokemon.com page content is bot-protected; official page URL is attached for manual verification.
giratina-altered,Giratina Altered,487,https://assets.pokemon.com/assets/cms2/img/pokedex/full/487.png,https://raw.githubusercontent.com/PokeAPI/sprites/master/sprites/pokemon/other/official-artwork/487.png,https://raw.githubusercontent.com/PokeAPI/sprites/master/sprites/pokemon/other/home/487.png,https://raw.githubusercontent.com/PokeAPI/sprites/master/sprites/pokemon/other/official-artwork/487.png,https://www.pokemon.com/us/pokedex/giratina,species-page,2026-04-13T11:45:21.940891-07:00,200,official_media_verified_link_generated,,pokemon.com page content is bot-protected; official page URL is attached for manual verification.
giratina-origin,Giratina Origin,487,https://assets.pokemon.com/assets/cms2/img/pokedex/full/487.png,https://raw.githubusercontent.com/PokeAPI/sprites/master/sprites/pokemon/other/official-artwork/10007.png,https://raw.githubusercontent.com/PokeAPI/sprites/master/sprites/pokemon/other/home/10007.png,https://raw.githubusercontent.com/PokeAPI/sprites/master/sprites/pokemon/other/official-artwork/10007.png,https://www.pokemon.com/us/pokedex/giratina,species-page,2026-04-13T11:45:21.940891-07:00,200,official_media_verified_link_generated,,pokemon.com page content is bot-protected; official page URL is attached for manual verification.
cresselia,Cresselia,488,https://assets.pokemon.com/assets/cms2/img/pokedex/full/488.png,https://raw.githubusercontent.com/PokeAPI/sprites/master/sprites/pokemon/other/official-artwork/488.png,https://raw.githubusercontent.com/PokeAPI/sprites/master/sprites/pokemon/other/home/488.png,https://raw.githubusercontent.com/PokeAPI/sprites/master/sprites/pokemon/other/official-artwork/488.png,https://www.pokemon.com/us/pokedex/cresselia,species-page,2026-04-13T11:45:21.940891-07:00,200,official_media_verified_link_generated,,pokemon.com page content is bot-protected; official page URL is attached for manual verification.
phione,Phione,489,https://assets.pokemon.com/assets/cms2/img/pokedex/full/489.png,https://raw.githubusercontent.com/PokeAPI/sprites/master/sprites/pokemon/other/official-artwork/489.png,https://raw.githubusercontent.com/PokeAPI/sprites/master/sprites/pokemon/other/home/489.png,https://raw.githubusercontent.com/PokeAPI/sprites/master/sprites/pokemon/other/official-artwork/489.png,https://www.pokemon.com/us/pokedex/phione,species-page,2026-04-13T11:45:21.940891-07:00,200,official_media_verified_link_generated,,pokemon.com page content is bot-protected; official page URL is attached for manual verification.
manaphy,Manaphy,490,https://assets.pokemon.com/assets/cms2/img/pokedex/full/490.png,https://raw.githubusercontent.com/PokeAPI/sprites/master/sprites/pokemon/other/official-artwork/490.png,https://raw.githubusercontent.com/PokeAPI/sprites/master/sprites/pokemon/other/home/490.png,https://raw.githubusercontent.com/PokeAPI/sprites/master/sprites/pokemon/other/official-artwork/490.png,https://www.pokemon.com/us/pokedex/manaphy,species-page,2026-04-13T11:45:21.940891-07:00,200,official_media_verified_link_generated,,pokemon.com page content is bot-protected; official page URL is attached for manual verification.
darkrai,Darkrai,491,https://assets.pokemon.com/assets/cms2/img/pokedex/full/491.png,https://raw.githubusercontent.com/PokeAPI/sprites/master/sprites/pokemon/other/official-artwork/491.png,https://raw.githubusercontent.com/PokeAPI/sprites/master/sprites/pokemon/other/home/491.png,https://raw.githubusercontent.com/PokeAPI/sprites/master/sprites/pokemon/other/official-artwork/491.png,https://www.pokemon.com/us/pokedex/darkrai,species-page,2026-04-13T11:45:21.940891-07:00,200,official_media_verified_link_generated,,pokemon.com page content is bot-protected; official page URL is attached for manual verification.
darkrai-mega,Darkrai maleega,491,https://assets.pokemon.com/assets/cms2/img/pokedex/full/491.png,https://raw.githubusercontent.com/PokeAPI/sprites/master/sprites/pokemon/other/official-artwork/10312.png,https://raw.githubusercontent.com/PokeAPI/sprites/master/sprites/pokemon/other/official-artwork/10312.png,https://raw.githubusercontent.com/PokeAPI/sprites/master/sprites/pokemon/other/official-artwork/10312.png,https://www.pokemon.com/us/pokedex/darkrai,species-page,2026-04-13T11:45:21.940891-07:00,200,official_media_verified_link_generated,,pokemon.com page content is bot-protected; official page URL is attached for manual verification.
shaymin-land,Shaymin Land,492,https://assets.pokemon.com/assets/cms2/img/pokedex/full/492.png,https://raw.githubusercontent.com/PokeAPI/sprites/master/sprites/pokemon/other/official-artwork/492.png,https://raw.githubusercontent.com/PokeAPI/sprites/master/sprites/pokemon/other/home/492.png,https://raw.githubusercontent.com/PokeAPI/sprites/master/sprites/pokemon/other/official-artwork/492.png,https://www.pokemon.com/us/pokedex/shaymin,species-page,2026-04-13T11:45:21.940891-07:00,200,official_media_verified_link_generated,,pokemon.com page content is bot-protected; official page URL is attached for manual verification.
shaymin-sky,Shaymin Sky,492,https://assets.pokemon.com/assets/cms2/img/pokedex/full/492.png,https://raw.githubusercontent.com/PokeAPI/sprites/master/sprites/pokemon/other/official-artwork/10006.png,https://raw.githubusercontent.com/PokeAPI/sprites/master/sprites/pokemon/other/home/10006.png,https://raw.githubusercontent.com/PokeAPI/sprites/master/sprites/pokemon/other/official-artwork/10006.png,https://www.pokemon.com/us/pokedex/shaymin,species-page,2026-04-13T11:45:21.940891-07:00,200,official_media_verified_link_generated,,pokemon.com page content is bot-protected; official page URL is attached for manual verification.
arceus,Arceus,493,https://assets.pokemon.com/assets/cms2/img/pokedex/full/493.png,https://raw.githubusercontent.com/PokeAPI/sprites/master/sprites/pokemon/other/official-artwork/493.png,https://raw.githubusercontent.com/PokeAPI/sprites/master/sprites/pokemon/other/home/493.png,https://raw.githubusercontent.com/PokeAPI/sprites/master/sprites/pokemon/other/official-artwork/493.png,https://www.pokemon.com/us/pokedex/arceus,species-page,2026-04-13T11:45:21.940891-07:00,200,official_media_verified_link_generated,,pokemon.com page content is bot-protected; official page URL is attached for manual verification.
victini,Victini,494,https://assets.pokemon.com/assets/cms2/img/pokedex/full/494.png,https://raw.githubusercontent.com/PokeAPI/sprites/master/sprites/pokemon/other/official-artwork/494.png,https://raw.githubusercontent.com/PokeAPI/sprites/master/sprites/pokemon/other/home/494.png,https://raw.githubusercontent.com/PokeAPI/sprites/master/sprites/pokemon/other/official-artwork/494.png,https://www.pokemon.com/us/pokedex/victini,species-page,2026-04-13T11:45:21.940891-07:00,200,official_media_verified_link_generated,,pokemon.com page content is bot-protected; official page URL is attached for manual verification.
snivy,Snivy,495,https://assets.pokemon.com/assets/cms2/img/pokedex/full/495.png,https://raw.githubusercontent.com/PokeAPI/sprites/master/sprites/pokemon/other/official-artwork/495.png,https://raw.githubusercontent.com/PokeAPI/sprites/master/sprites/pokemon/other/home/495.png,https://raw.githubusercontent.com/PokeAPI/sprites/master/sprites/pokemon/other/official-artwork/495.png,https://www.pokemon.com/us/pokedex/snivy,species-page,2026-04-13T11:45:21.940891-07:00,200,official_media_verified_link_generated,,pokemon.com page content is bot-protected; official page URL is attached for manual verification.
servine,Servine,496,https://assets.pokemon.com/assets/cms2/img/pokedex/full/496.png,https://raw.githubusercontent.com/PokeAPI/sprites/master/sprites/pokemon/other/official-artwork/496.png,https://raw.githubusercontent.com/PokeAPI/sprites/master/sprites/pokemon/other/home/496.png,https://raw.githubusercontent.com/PokeAPI/sprites/master/sprites/pokemon/other/official-artwork/496.png,https://www.pokemon.com/us/pokedex/servine,species-page,2026-04-13T11:45:21.940891-07:00,200,official_media_verified_link_generated,,pokemon.com page content is bot-protected; official page URL is attached for manual verification.
serperior,Serperior,497,https://assets.pokemon.com/assets/cms2/img/pokedex/full/497.png,https://raw.githubusercontent.com/PokeAPI/sprites/master/sprites/pokemon/other/official-artwork/497.png,https://raw.githubusercontent.com/PokeAPI/sprites/master/sprites/pokemon/other/home/497.png,https://raw.githubusercontent.com/PokeAPI/sprites/master/sprites/pokemon/other/official-artwork/497.png,https://www.pokemon.com/us/pokedex/serperior,species-page,2026-04-13T11:45:21.940891-07:00,200,official_media_verified_link_generated,,pokemon.com page content is bot-protected; official page URL is attached for manual verification.
tepig,Tepig,498,https://assets.pokemon.com/assets/cms2/img/pokedex/full/498.png,https://raw.githubusercontent.com/PokeAPI/sprites/master/sprites/pokemon/other/official-artwork/498.png,https://raw.githubusercontent.com/PokeAPI/sprites/master/sprites/pokemon/other/home/498.png,https://raw.githubusercontent.com/PokeAPI/sprites/master/sprites/pokemon/other/official-artwork/498.png,https://www.pokemon.com/us/pokedex/tepig,species-page,2026-04-13T11:45:21.940891-07:00,200,official_media_verified_link_generated,,pokemon.com page content is bot-protected; official page URL is attached for manual verification.
pignite,Pignite,499,https://assets.pokemon.com/assets/cms2/img/pokedex/full/499.png,https://raw.githubusercontent.com/PokeAPI/sprites/master/sprites/pokemon/other/official-artwork/499.png,https://raw.githubusercontent.com/PokeAPI/sprites/master/sprites/pokemon/other/home/499.png,https://raw.githubusercontent.com/PokeAPI/sprites/master/sprites/pokemon/other/official-artwork/499.png,https://www.pokemon.com/us/pokedex/pignite,species-page,2026-04-13T11:45:21.940891-07:00,200,official_media_verified_link_generated,,pokemon.com page content is bot-protected; official page URL is attached for manual verification.
emboar,Emboar,500,https://assets.pokemon.com/assets/cms2/img/pokedex/full/500.png,https://raw.githubusercontent.com/PokeAPI/sprites/master/sprites/pokemon/other/official-artwork/500.png,https://raw.githubusercontent.com/PokeAPI/sprites/master/sprites/pokemon/other/home/500.png,https://raw.githubusercontent.com/PokeAPI/sprites/master/sprites/pokemon/other/official-artwork/500.png,https://www.pokemon.com/us/pokedex/emboar,species-page,2026-04-13T11:45:21.940891-07:00,200,official_media_verified_link_generated,,pokemon.com page content is bot-protected; official page URL is attached for manual verification.
emboar-mega,Emboar maleega,500,https://assets.pokemon.com/assets/cms2/img/pokedex/full/500.png,https://raw.githubusercontent.com/PokeAPI/sprites/master/sprites/pokemon/other/official-artwork/10286.png,https://raw.githubusercontent.com/PokeAPI/sprites/master/sprites/pokemon/other/official-artwork/10286.png,https://raw.githubusercontent.com/PokeAPI/sprites/master/sprites/pokemon/other/official-artwork/10286.png,https://www.pokemon.com/us/pokedex/emboar,species-page,2026-04-13T11:45:21.940891-07:00,200,official_media_verified_link_generated,,pokemon.com page content is bot-protected; official page URL is attached for manual verification.
oshawott,Oshawott,501,https://assets.pokemon.com/assets/cms2/img/pokedex/full/501.png,https://raw.githubusercontent.com/PokeAPI/sprites/master/sprites/pokemon/other/official-artwork/501.png,https://raw.githubusercontent.com/PokeAPI/sprites/master/sprites/pokemon/other/home/501.png,https://raw.githubusercontent.com/PokeAPI/sprites/master/sprites/pokemon/other/official-artwork/501.png,https://www.pokemon.com/us/pokedex/oshawott,species-page,2026-04-13T11:45:21.940891-07:00,200,official_media_verified_link_generated,,pokemon.com page content is bot-protected; official page URL is attached for manual verification.
dewott,Dewott,502,https://assets.pokemon.com/assets/cms2/img/pokedex/full/502.png,https://raw.githubusercontent.com/PokeAPI/sprites/master/sprites/pokemon/other/official-artwork/502.png,https://raw.githubusercontent.com/PokeAPI/sprites/master/sprites/pokemon/other/home/502.png,https://raw.githubusercontent.com/PokeAPI/sprites/master/sprites/pokemon/other/official-artwork/502.png,https://www.pokemon.com/us/pokedex/dewott,species-page,2026-04-13T11:45:21.940891-07:00,200,official_media_verified_link_generated,,pokemon.com page content is bot-protected; official page URL is attached for manual verification.
samurott,Samurott,503,https://assets.pokemon.com/assets/cms2/img/pokedex/full/503.png,https://raw.githubusercontent.com/PokeAPI/sprites/master/sprites/pokemon/other/official-artwork/503.png,https://raw.githubusercontent.com/PokeAPI/sprites/master/sprites/pokemon/other/home/503.png,https://raw.githubusercontent.com/PokeAPI/sprites/master/sprites/pokemon/other/official-artwork/503.png,https://www.pokemon.com/us/pokedex/samurott,species-page,2026-04-13T11:45:21.940891-07:00,200,official_media_verified_link_generated,,pokemon.com page content is bot-protected; official page URL is attached for manual verification.
samurott-hisui,Samurott Hisui,503,https://assets.pokemon.com/assets/cms2/img/pokedex/full/503.png,https://raw.githubusercontent.com/PokeAPI/sprites/master/sprites/pokemon/other/official-artwork/10236.png,https://raw.githubusercontent.com/PokeAPI/sprites/master/sprites/pokemon/other/home/10236.png,https://raw.githubusercontent.com/PokeAPI/sprites/master/sprites/pokemon/other/official-artwork/10236.png,https://www.pokemon.com/us/pokedex/samurott,species-page,2026-04-13T11:45:21.940891-07:00,200,official_media_verified_link_generated,,pokemon.com page content is bot-protected; official page URL is attached for manual verification.
patrat,Patrat,504,https://assets.pokemon.com/assets/cms2/img/pokedex/full/504.png,https://raw.githubusercontent.com/PokeAPI/sprites/master/sprites/pokemon/other/official-artwork/504.png,https://raw.githubusercontent.com/PokeAPI/sprites/master/sprites/pokemon/other/home/504.png,https://raw.githubusercontent.com/PokeAPI/sprites/master/sprites/pokemon/other/official-artwork/504.png,https://www.pokemon.com/us/pokedex/patrat,species-page,2026-04-13T11:45:21.940891-07:00,200,official_media_verified_link_generated,,pokemon.com page content is bot-protected; official page URL is attached for manual verification.
watchog,Watchog,505,https://assets.pokemon.com/assets/cms2/img/pokedex/full/505.png,https://raw.githubusercontent.com/PokeAPI/sprites/master/sprites/pokemon/other/official-artwork/505.png,https://raw.githubusercontent.com/PokeAPI/sprites/master/sprites/pokemon/other/home/505.png,https://raw.githubusercontent.com/PokeAPI/sprites/master/sprites/pokemon/other/official-artwork/505.png,https://www.pokemon.com/us/pokedex/watchog,species-page,2026-04-13T11:45:21.940891-07:00,200,official_media_verified_link_generated,,pokemon.com page content is bot-protected; official page URL is attached for manual verification.
lillipup,Lillipup,506,https://assets.pokemon.com/assets/cms2/img/pokedex/full/506.png,https://raw.githubusercontent.com/PokeAPI/sprites/master/sprites/pokemon/other/official-artwork/506.png,https://raw.githubusercontent.com/PokeAPI/sprites/master/sprites/pokemon/other/home/506.png,https://raw.githubusercontent.com/PokeAPI/sprites/master/sprites/pokemon/other/official-artwork/506.png,https://www.pokemon.com/us/pokedex/lillipup,species-page,2026-04-13T11:45:21.940891-07:00,200,official_media_verified_link_generated,,pokemon.com page content is bot-protected; official page URL is attached for manual verification.
herdier,Herdier,507,https://assets.pokemon.com/assets/cms2/img/pokedex/full/507.png,https://raw.githubusercontent.com/PokeAPI/sprites/master/sprites/pokemon/other/official-artwork/507.png,https://raw.githubusercontent.com/PokeAPI/sprites/master/sprites/pokemon/other/home/507.png,https://raw.githubusercontent.com/PokeAPI/sprites/master/sprites/pokemon/other/official-artwork/507.png,https://www.pokemon.com/us/pokedex/herdier,species-page,2026-04-13T11:45:21.940891-07:00,200,official_media_verified_link_generated,,pokemon.com page content is bot-protected; official page URL is attached for manual verification.
stoutland,Stoutland,508,https://assets.pokemon.com/assets/cms2/img/pokedex/full/508.png,https://raw.githubusercontent.com/PokeAPI/sprites/master/sprites/pokemon/other/official-artwork/508.png,https://raw.githubusercontent.com/PokeAPI/sprites/master/sprites/pokemon/other/home/508.png,https://raw.githubusercontent.com/PokeAPI/sprites/master/sprites/pokemon/other/official-artwork/508.png,https://www.pokemon.com/us/pokedex/stoutland,species-page,2026-04-13T11:45:21.940891-07:00,200,official_media_verified_link_generated,,pokemon.com page content is bot-protected; official page URL is attached for manual verification.
purrloin,Purrloin,509,https://assets.pokemon.com/assets/cms2/img/pokedex/full/509.png,https://raw.githubusercontent.com/PokeAPI/sprites/master/sprites/pokemon/other/official-artwork/509.png,https://raw.githubusercontent.com/PokeAPI/sprites/master/sprites/pokemon/other/home/509.png,https://raw.githubusercontent.com/PokeAPI/sprites/master/sprites/pokemon/other/official-artwork/509.png,https://www.pokemon.com/us/pokedex/purrloin,species-page,2026-04-13T11:45:21.940891-07:00,200,official_media_verified_link_generated,,pokemon.com page content is bot-protected; official page URL is attached for manual verification.
liepard,Liepard,510,https://assets.pokemon.com/assets/cms2/img/pokedex/full/510.png,https://raw.githubusercontent.com/PokeAPI/sprites/master/sprites/pokemon/other/official-artwork/510.png,https://raw.githubusercontent.com/PokeAPI/sprites/master/sprites/pokemon/other/home/510.png,https://raw.githubusercontent.com/PokeAPI/sprites/master/sprites/pokemon/other/official-artwork/510.png,https://www.pokemon.com/us/pokedex/liepard,species-page,2026-04-13T11:45:21.940891-07:00,200,official_media_verified_link_generated,,pokemon.com page content is bot-protected; official page URL is attached for manual verification.
pansage,Pansage,511,https://assets.pokemon.com/assets/cms2/img/pokedex/full/511.png,https://raw.githubusercontent.com/PokeAPI/sprites/master/sprites/pokemon/other/official-artwork/511.png,https://raw.githubusercontent.com/PokeAPI/sprites/master/sprites/pokemon/other/home/511.png,https://raw.githubusercontent.com/PokeAPI/sprites/master/sprites/pokemon/other/official-artwork/511.png,https://www.pokemon.com/us/pokedex/pansage,species-page,2026-04-13T11:45:21.940891-07:00,200,official_media_verified_link_generated,,pokemon.com page content is bot-protected; official page URL is attached for manual verification.
simisage,Simisage,512,https://assets.pokemon.com/assets/cms2/img/pokedex/full/512.png,https://raw.githubusercontent.com/PokeAPI/sprites/master/sprites/pokemon/other/official-artwork/512.png,https://raw.githubusercontent.com/PokeAPI/sprites/master/sprites/pokemon/other/home/512.png,https://raw.githubusercontent.com/PokeAPI/sprites/master/sprites/pokemon/other/official-artwork/512.png,https://www.pokemon.com/us/pokedex/simisage,species-page,2026-04-13T11:45:21.940891-07:00,200,official_media_verified_link_generated,,pokemon.com page content is bot-protected; official page URL is attached for manual verification.
pansear,Pansear,513,https://assets.pokemon.com/assets/cms2/img/pokedex/full/513.png,https://raw.githubusercontent.com/PokeAPI/sprites/master/sprites/pokemon/other/official-artwork/513.png,https://raw.githubusercontent.com/PokeAPI/sprites/master/sprites/pokemon/other/home/513.png,https://raw.githubusercontent.com/PokeAPI/sprites/master/sprites/pokemon/other/official-artwork/513.png,https://www.pokemon.com/us/pokedex/pansear,species-page,2026-04-13T11:45:21.940891-07:00,200,official_media_verified_link_generated,,pokemon.com page content is bot-protected; official page URL is attached for manual verification.
simisear,Simisear,514,https://assets.pokemon.com/assets/cms2/img/pokedex/full/514.png,https://raw.githubusercontent.com/PokeAPI/sprites/master/sprites/pokemon/other/official-artwork/514.png,https://raw.githubusercontent.com/PokeAPI/sprites/master/sprites/pokemon/other/home/514.png,https://raw.githubusercontent.com/PokeAPI/sprites/master/sprites/pokemon/other/official-artwork/514.png,https://www.pokemon.com/us/pokedex/simisear,species-page,2026-04-13T11:45:21.940891-07:00,200,official_media_verified_link_generated,,pokemon.com page content is bot-protected; official page URL is attached for manual verification.
panpour,Panpour,515,https://assets.pokemon.com/assets/cms2/img/pokedex/full/515.png,https://raw.githubusercontent.com/PokeAPI/sprites/master/sprites/pokemon/other/official-artwork/515.png,https://raw.githubusercontent.com/PokeAPI/sprites/master/sprites/pokemon/other/home/515.png,https://raw.githubusercontent.com/PokeAPI/sprites/master/sprites/pokemon/other/official-artwork/515.png,https://www.pokemon.com/us/pokedex/panpour,species-page,2026-04-13T11:45:21.940891-07:00,200,official_media_verified_link_generated,,pokemon.com page content is bot-protected; official page URL is attached for manual verification.
simipour,Simipour,516,https://assets.pokemon.com/assets/cms2/img/pokedex/full/516.png,https://raw.githubusercontent.com/PokeAPI/sprites/master/sprites/pokemon/other/official-artwork/516.png,https://raw.githubusercontent.com/PokeAPI/sprites/master/sprites/pokemon/other/home/516.png,https://raw.githubusercontent.com/PokeAPI/sprites/master/sprites/pokemon/other/official-artwork/516.png,https://www.pokemon.com/us/pokedex/simipour,species-page,2026-04-13T11:45:21.940891-07:00,200,official_media_verified_link_generated,,pokemon.com page content is bot-protected; official page URL is attached for manual verification.
munna,Munna,517,https://assets.pokemon.com/assets/cms2/img/pokedex/full/517.png,https://raw.githubusercontent.com/PokeAPI/sprites/master/sprites/pokemon/other/official-artwork/517.png,https://raw.githubusercontent.com/PokeAPI/sprites/master/sprites/pokemon/other/home/517.png,https://raw.githubusercontent.com/PokeAPI/sprites/master/sprites/pokemon/other/official-artwork/517.png,https://www.pokemon.com/us/pokedex/munna,species-page,2026-04-13T11:45:21.940891-07:00,200,official_media_verified_link_generated,,pokemon.com page content is bot-protected; official page URL is attached for manual verification.
musharna,Musharna,518,https://assets.pokemon.com/assets/cms2/img/pokedex/full/518.png,https://raw.githubusercontent.com/PokeAPI/sprites/master/sprites/pokemon/other/official-artwork/518.png,https://raw.githubusercontent.com/PokeAPI/sprites/master/sprites/pokemon/other/home/518.png,https://raw.githubusercontent.com/PokeAPI/sprites/master/sprites/pokemon/other/official-artwork/518.png,https://www.pokemon.com/us/pokedex/musharna,species-page,2026-04-13T11:45:21.940891-07:00,200,official_media_verified_link_generated,,pokemon.com page content is bot-protected; official page URL is attached for manual verification.
pidove,Pidove,519,https://assets.pokemon.com/assets/cms2/img/pokedex/full/519.png,https://raw.githubusercontent.com/PokeAPI/sprites/master/sprites/pokemon/other/official-artwork/519.png,https://raw.githubusercontent.com/PokeAPI/sprites/master/sprites/pokemon/other/home/519.png,https://raw.githubusercontent.com/PokeAPI/sprites/master/sprites/pokemon/other/official-artwork/519.png,https://www.pokemon.com/us/pokedex/pidove,species-page,2026-04-13T11:45:21.940891-07:00,200,official_media_verified_link_generated,,pokemon.com page content is bot-protected; official page URL is attached for manual verification.
tranquill,Tranquill,520,https://assets.pokemon.com/assets/cms2/img/pokedex/full/520.png,https://raw.githubusercontent.com/PokeAPI/sprites/master/sprites/pokemon/other/official-artwork/520.png,https://raw.githubusercontent.com/PokeAPI/sprites/master/sprites/pokemon/other/home/520.png,https://raw.githubusercontent.com/PokeAPI/sprites/master/sprites/pokemon/other/official-artwork/520.png,https://www.pokemon.com/us/pokedex/tranquill,species-page,2026-04-13T11:45:21.940891-07:00,200,official_media_verified_link_generated,,pokemon.com page content is bot-protected; official page URL is attached for manual verification.
unfezant,Unfezant,521,https://assets.pokemon.com/assets/cms2/img/pokedex/full/521.png,https://raw.githubusercontent.com/PokeAPI/sprites/master/sprites/pokemon/other/official-artwork/521.png,https://raw.githubusercontent.com/PokeAPI/sprites/master/sprites/pokemon/other/home/521.png,https://raw.githubusercontent.com/PokeAPI/sprites/master/sprites/pokemon/other/official-artwork/521.png,https://www.pokemon.com/us/pokedex/unfezant,species-page,2026-04-13T11:45:21.940891-07:00,200,official_media_verified_link_generated,,pokemon.com page content is bot-protected; official page URL is attached for manual verification.
blitzle,Blitzle,522,https://assets.pokemon.com/assets/cms2/img/pokedex/full/522.png,https://raw.githubusercontent.com/PokeAPI/sprites/master/sprites/pokemon/other/official-artwork/522.png,https://raw.githubusercontent.com/PokeAPI/sprites/master/sprites/pokemon/other/home/522.png,https://raw.githubusercontent.com/PokeAPI/sprites/master/sprites/pokemon/other/official-artwork/522.png,https://www.pokemon.com/us/pokedex/blitzle,species-page,2026-04-13T11:45:21.940891-07:00,200,official_media_verified_link_generated,,pokemon.com page content is bot-protected; official page URL is attached for manual verification.
zebstrika,Zebstrika,523,https://assets.pokemon.com/assets/cms2/img/pokedex/full/523.png,https://raw.githubusercontent.com/PokeAPI/sprites/master/sprites/pokemon/other/official-artwork/523.png,https://raw.githubusercontent.com/PokeAPI/sprites/master/sprites/pokemon/other/home/523.png,https://raw.githubusercontent.com/PokeAPI/sprites/master/sprites/pokemon/other/official-artwork/523.png,https://www.pokemon.com/us/pokedex/zebstrika,species-page,2026-04-13T11:45:21.940891-07:00,200,official_media_verified_link_generated,,pokemon.com page content is bot-protected; official page URL is attached for manual verification.
roggenrola,Roggenrola,524,https://assets.pokemon.com/assets/cms2/img/pokedex/full/524.png,https://raw.githubusercontent.com/PokeAPI/sprites/master/sprites/pokemon/other/official-artwork/524.png,https://raw.githubusercontent.com/PokeAPI/sprites/master/sprites/pokemon/other/home/524.png,https://raw.githubusercontent.com/PokeAPI/sprites/master/sprites/pokemon/other/official-artwork/524.png,https://www.pokemon.com/us/pokedex/roggenrola,species-page,2026-04-13T11:45:21.940891-07:00,200,official_media_verified_link_generated,,pokemon.com page content is bot-protected; official page URL is attached for manual verification.
boldore,Boldore,525,https://assets.pokemon.com/assets/cms2/img/pokedex/full/525.png,https://raw.githubusercontent.com/PokeAPI/sprites/master/sprites/pokemon/other/official-artwork/525.png,https://raw.githubusercontent.com/PokeAPI/sprites/master/sprites/pokemon/other/home/525.png,https://raw.githubusercontent.com/PokeAPI/sprites/master/sprites/pokemon/other/official-artwork/525.png,https://www.pokemon.com/us/pokedex/boldore,species-page,2026-04-13T11:45:21.940891-07:00,200,official_media_verified_link_generated,,pokemon.com page content is bot-protected; official page URL is attached for manual verification.
gigalith,Gigalith,526,https://assets.pokemon.com/assets/cms2/img/pokedex/full/526.png,https://raw.githubusercontent.com/PokeAPI/sprites/master/sprites/pokemon/other/official-artwork/526.png,https://raw.githubusercontent.com/PokeAPI/sprites/master/sprites/pokemon/other/home/526.png,https://raw.githubusercontent.com/PokeAPI/sprites/master/sprites/pokemon/other/official-artwork/526.png,https://www.pokemon.com/us/pokedex/gigalith,species-page,2026-04-13T11:45:21.940891-07:00,200,official_media_verified_link_generated,,pokemon.com page content is bot-protected; official page URL is attached for manual verification.
woobat,Woobat,527,https://assets.pokemon.com/assets/cms2/img/pokedex/full/527.png,https://raw.githubusercontent.com/PokeAPI/sprites/master/sprites/pokemon/other/official-artwork/527.png,https://raw.githubusercontent.com/PokeAPI/sprites/master/sprites/pokemon/other/home/527.png,https://raw.githubusercontent.com/PokeAPI/sprites/master/sprites/pokemon/other/official-artwork/527.png,https://www.pokemon.com/us/pokedex/woobat,species-page,2026-04-13T11:45:21.940891-07:00,200,official_media_verified_link_generated,,pokemon.com page content is bot-protected; official page URL is attached for manual verification.
swoobat,Swoobat,528,https://assets.pokemon.com/assets/cms2/img/pokedex/full/528.png,https://raw.githubusercontent.com/PokeAPI/sprites/master/sprites/pokemon/other/official-artwork/528.png,https://raw.githubusercontent.com/PokeAPI/sprites/master/sprites/pokemon/other/home/528.png,https://raw.githubusercontent.com/PokeAPI/sprites/master/sprites/pokemon/other/official-artwork/528.png,https://www.pokemon.com/us/pokedex/swoobat,species-page,2026-04-13T11:45:21.940891-07:00,200,official_media_verified_link_generated,,pokemon.com page content is bot-protected; official page URL is attached for manual verification.
drilbur,Drilbur,529,https://assets.pokemon.com/assets/cms2/img/pokedex/full/529.png,https://raw.githubusercontent.com/PokeAPI/sprites/master/sprites/pokemon/other/official-artwork/529.png,https://raw.githubusercontent.com/PokeAPI/sprites/master/sprites/pokemon/other/home/529.png,https://raw.githubusercontent.com/PokeAPI/sprites/master/sprites/pokemon/other/official-artwork/529.png,https://www.pokemon.com/us/pokedex/drilbur,species-page,2026-04-13T11:45:21.940891-07:00,200,official_media_verified_link_generated,,pokemon.com page content is bot-protected; official page URL is attached for manual verification.
excadrill,Excadrill,530,https://assets.pokemon.com/assets/cms2/img/pokedex/full/530.png,https://raw.githubusercontent.com/PokeAPI/sprites/master/sprites/pokemon/other/official-artwork/530.png,https://raw.githubusercontent.com/PokeAPI/sprites/master/sprites/pokemon/other/home/530.png,https://raw.githubusercontent.com/PokeAPI/sprites/master/sprites/pokemon/other/official-artwork/530.png,https://www.pokemon.com/us/pokedex/excadrill,species-page,2026-04-13T11:45:21.940891-07:00,200,official_media_verified_link_generated,,pokemon.com page content is bot-protected; official page URL is attached for manual verification.
excadrill-mega,Excadrill maleega,530,https://assets.pokemon.com/assets/cms2/img/pokedex/full/530.png,https://raw.githubusercontent.com/PokeAPI/sprites/master/sprites/pokemon/other/official-artwork/10287.png,https://raw.githubusercontent.com/PokeAPI/sprites/master/sprites/pokemon/other/official-artwork/10287.png,https://raw.githubusercontent.com/PokeAPI/sprites/master/sprites/pokemon/other/official-artwork/10287.png,https://www.pokemon.com/us/pokedex/excadrill,species-page,2026-04-13T11:45:21.940891-07:00,200,official_media_verified_link_generated,,pokemon.com page content is bot-protected; official page URL is attached for manual verification.
audino,Audino,531,https://assets.pokemon.com/assets/cms2/img/pokedex/full/531.png,https://raw.githubusercontent.com/PokeAPI/sprites/master/sprites/pokemon/other/official-artwork/531.png,https://raw.githubusercontent.com/PokeAPI/sprites/master/sprites/pokemon/other/home/531.png,https://raw.githubusercontent.com/PokeAPI/sprites/master/sprites/pokemon/other/official-artwork/531.png,https://www.pokemon.com/us/pokedex/audino,species-page,2026-04-13T11:45:21.940891-07:00,200,official_media_verified_link_generated,,pokemon.com page content is bot-protected; official page URL is attached for manual verification.
audino-mega,Audino maleega,531,https://assets.pokemon.com/assets/cms2/img/pokedex/full/531.png,https://raw.githubusercontent.com/PokeAPI/sprites/master/sprites/pokemon/other/official-artwork/10069.png,https://raw.githubusercontent.com/PokeAPI/sprites/master/sprites/pokemon/other/home/10069.png,https://raw.githubusercontent.com/PokeAPI/sprites/master/sprites/pokemon/other/official-artwork/10069.png,https://www.pokemon.com/us/pokedex/audino,species-page,2026-04-13T11:45:21.940891-07:00,200,official_media_verified_link_generated,,pokemon.com page content is bot-protected; official page URL is attached for manual verification.
timburr,Timburr,532,https://assets.pokemon.com/assets/cms2/img/pokedex/full/532.png,https://raw.githubusercontent.com/PokeAPI/sprites/master/sprites/pokemon/other/official-artwork/532.png,https://raw.githubusercontent.com/PokeAPI/sprites/master/sprites/pokemon/other/home/532.png,https://raw.githubusercontent.com/PokeAPI/sprites/master/sprites/pokemon/other/official-artwork/532.png,https://www.pokemon.com/us/pokedex/timburr,species-page,2026-04-13T11:45:21.940891-07:00,200,official_media_verified_link_generated,,pokemon.com page content is bot-protected; official page URL is attached for manual verification.
gurdurr,Gurdurr,533,https://assets.pokemon.com/assets/cms2/img/pokedex/full/533.png,https://raw.githubusercontent.com/PokeAPI/sprites/master/sprites/pokemon/other/official-artwork/533.png,https://raw.githubusercontent.com/PokeAPI/sprites/master/sprites/pokemon/other/home/533.png,https://raw.githubusercontent.com/PokeAPI/sprites/master/sprites/pokemon/other/official-artwork/533.png,https://www.pokemon.com/us/pokedex/gurdurr,species-page,2026-04-13T11:45:21.940891-07:00,200,official_media_verified_link_generated,,pokemon.com page content is bot-protected; official page URL is attached for manual verification.
conkeldurr,Conkeldurr,534,https://assets.pokemon.com/assets/cms2/img/pokedex/full/534.png,https://raw.githubusercontent.com/PokeAPI/sprites/master/sprites/pokemon/other/official-artwork/534.png,https://raw.githubusercontent.com/PokeAPI/sprites/master/sprites/pokemon/other/home/534.png,https://raw.githubusercontent.com/PokeAPI/sprites/master/sprites/pokemon/other/official-artwork/534.png,https://www.pokemon.com/us/pokedex/conkeldurr,species-page,2026-04-13T11:45:21.940891-07:00,200,official_media_verified_link_generated,,pokemon.com page content is bot-protected; official page URL is attached for manual verification.
tympole,Tympole,535,https://assets.pokemon.com/assets/cms2/img/pokedex/full/535.png,https://raw.githubusercontent.com/PokeAPI/sprites/master/sprites/pokemon/other/official-artwork/535.png,https://raw.githubusercontent.com/PokeAPI/sprites/master/sprites/pokemon/other/home/535.png,https://raw.githubusercontent.com/PokeAPI/sprites/master/sprites/pokemon/other/official-artwork/535.png,https://www.pokemon.com/us/pokedex/tympole,species-page,2026-04-13T11:45:21.940891-07:00,200,official_media_verified_link_generated,,pokemon.com page content is bot-protected; official page URL is attached for manual verification.
palpitoad,Palpitoad,536,https://assets.pokemon.com/assets/cms2/img/pokedex/full/536.png,https://raw.githubusercontent.com/PokeAPI/sprites/master/sprites/pokemon/other/official-artwork/536.png,https://raw.githubusercontent.com/PokeAPI/sprites/master/sprites/pokemon/other/home/536.png,https://raw.githubusercontent.com/PokeAPI/sprites/master/sprites/pokemon/other/official-artwork/536.png,https://www.pokemon.com/us/pokedex/palpitoad,species-page,2026-04-13T11:45:21.940891-07:00,200,official_media_verified_link_generated,,pokemon.com page content is bot-protected; official page URL is attached for manual verification.
seismitoad,Seismitoad,537,https://assets.pokemon.com/assets/cms2/img/pokedex/full/537.png,https://raw.githubusercontent.com/PokeAPI/sprites/master/sprites/pokemon/other/official-artwork/537.png,https://raw.githubusercontent.com/PokeAPI/sprites/master/sprites/pokemon/other/home/537.png,https://raw.githubusercontent.com/PokeAPI/sprites/master/sprites/pokemon/other/official-artwork/537.png,https://www.pokemon.com/us/pokedex/seismitoad,species-page,2026-04-13T11:45:21.940891-07:00,200,official_media_verified_link_generated,,pokemon.com page content is bot-protected; official page URL is attached for manual verification.
throh,Throh,538,https://assets.pokemon.com/assets/cms2/img/pokedex/full/538.png,https://raw.githubusercontent.com/PokeAPI/sprites/master/sprites/pokemon/other/official-artwork/538.png,https://raw.githubusercontent.com/PokeAPI/sprites/master/sprites/pokemon/other/home/538.png,https://raw.githubusercontent.com/PokeAPI/sprites/master/sprites/pokemon/other/official-artwork/538.png,https://www.pokemon.com/us/pokedex/throh,species-page,2026-04-13T11:45:21.940891-07:00,200,official_media_verified_link_generated,,pokemon.com page content is bot-protected; official page URL is attached for manual verification.
sawk,Sawk,539,https://assets.pokemon.com/assets/cms2/img/pokedex/full/539.png,https://raw.githubusercontent.com/PokeAPI/sprites/master/sprites/pokemon/other/official-artwork/539.png,https://raw.githubusercontent.com/PokeAPI/sprites/master/sprites/pokemon/other/home/539.png,https://raw.githubusercontent.com/PokeAPI/sprites/master/sprites/pokemon/other/official-artwork/539.png,https://www.pokemon.com/us/pokedex/sawk,species-page,2026-04-13T11:45:21.940891-07:00,200,official_media_verified_link_generated,,pokemon.com page content is bot-protected; official page URL is attached for manual verification.
sewaddle,Sewaddle,540,https://assets.pokemon.com/assets/cms2/img/pokedex/full/540.png,https://raw.githubusercontent.com/PokeAPI/sprites/master/sprites/pokemon/other/official-artwork/540.png,https://raw.githubusercontent.com/PokeAPI/sprites/master/sprites/pokemon/other/home/540.png,https://raw.githubusercontent.com/PokeAPI/sprites/master/sprites/pokemon/other/official-artwork/540.png,https://www.pokemon.com/us/pokedex/sewaddle,species-page,2026-04-13T11:45:21.940891-07:00,200,official_media_verified_link_generated,,pokemon.com page content is bot-protected; official page URL is attached for manual verification.
swadloon,Swadloon,541,https://assets.pokemon.com/assets/cms2/img/pokedex/full/541.png,https://raw.githubusercontent.com/PokeAPI/sprites/master/sprites/pokemon/other/official-artwork/541.png,https://raw.githubusercontent.com/PokeAPI/sprites/master/sprites/pokemon/other/home/541.png,https://raw.githubusercontent.com/PokeAPI/sprites/master/sprites/pokemon/other/official-artwork/541.png,https://www.pokemon.com/us/pokedex/swadloon,species-page,2026-04-13T11:45:21.940891-07:00,200,official_media_verified_link_generated,,pokemon.com page content is bot-protected; official page URL is attached for manual verification.
leavanny,Leavanny,542,https://assets.pokemon.com/assets/cms2/img/pokedex/full/542.png,https://raw.githubusercontent.com/PokeAPI/sprites/master/sprites/pokemon/other/official-artwork/542.png,https://raw.githubusercontent.com/PokeAPI/sprites/master/sprites/pokemon/other/home/542.png,https://raw.githubusercontent.com/PokeAPI/sprites/master/sprites/pokemon/other/official-artwork/542.png,https://www.pokemon.com/us/pokedex/leavanny,species-page,2026-04-13T11:45:21.940891-07:00,200,official_media_verified_link_generated,,pokemon.com page content is bot-protected; official page URL is attached for manual verification.
venipede,Venipede,543,https://assets.pokemon.com/assets/cms2/img/pokedex/full/543.png,https://raw.githubusercontent.com/PokeAPI/sprites/master/sprites/pokemon/other/official-artwork/543.png,https://raw.githubusercontent.com/PokeAPI/sprites/master/sprites/pokemon/other/home/543.png,https://raw.githubusercontent.com/PokeAPI/sprites/master/sprites/pokemon/other/official-artwork/543.png,https://www.pokemon.com/us/pokedex/venipede,species-page,2026-04-13T11:45:21.940891-07:00,200,official_media_verified_link_generated,,pokemon.com page content is bot-protected; official page URL is attached for manual verification.
whirlipede,Whirlipede,544,https://assets.pokemon.com/assets/cms2/img/pokedex/full/544.png,https://raw.githubusercontent.com/PokeAPI/sprites/master/sprites/pokemon/other/official-artwork/544.png,https://raw.githubusercontent.com/PokeAPI/sprites/master/sprites/pokemon/other/home/544.png,https://raw.githubusercontent.com/PokeAPI/sprites/master/sprites/pokemon/other/official-artwork/544.png,https://www.pokemon.com/us/pokedex/whirlipede,species-page,2026-04-13T11:45:21.940891-07:00,200,official_media_verified_link_generated,,pokemon.com page content is bot-protected; official page URL is attached for manual verification.
scolipede,Scolipede,545,https://assets.pokemon.com/assets/cms2/img/pokedex/full/545.png,https://raw.githubusercontent.com/PokeAPI/sprites/master/sprites/pokemon/other/official-artwork/545.png,https://raw.githubusercontent.com/PokeAPI/sprites/master/sprites/pokemon/other/home/545.png,https://raw.githubusercontent.com/PokeAPI/sprites/master/sprites/pokemon/other/official-artwork/545.png,https://www.pokemon.com/us/pokedex/scolipede,species-page,2026-04-13T11:45:21.940891-07:00,200,official_media_verified_link_generated,,pokemon.com page content is bot-protected; official page URL is attached for manual verification.
scolipede-mega,Scolipede maleega,545,https://assets.pokemon.com/assets/cms2/img/pokedex/full/545.png,https://raw.githubusercontent.com/PokeAPI/sprites/master/sprites/pokemon/other/official-artwork/10288.png,https://raw.githubusercontent.com/PokeAPI/sprites/master/sprites/pokemon/other/official-artwork/10288.png,https://raw.githubusercontent.com/PokeAPI/sprites/master/sprites/pokemon/other/official-artwork/10288.png,https://www.pokemon.com/us/pokedex/scolipede,species-page,2026-04-13T11:45:21.940891-07:00,200,official_media_verified_link_generated,,pokemon.com page content is bot-protected; official page URL is attached for manual verification.
cottonee,Cottonee,546,https://assets.pokemon.com/assets/cms2/img/pokedex/full/546.png,https://raw.githubusercontent.com/PokeAPI/sprites/master/sprites/pokemon/other/official-artwork/546.png,https://raw.githubusercontent.com/PokeAPI/sprites/master/sprites/pokemon/other/home/546.png,https://raw.githubusercontent.com/PokeAPI/sprites/master/sprites/pokemon/other/official-artwork/546.png,https://www.pokemon.com/us/pokedex/cottonee,species-page,2026-04-13T11:45:21.940891-07:00,200,official_media_verified_link_generated,,pokemon.com page content is bot-protected; official page URL is attached for manual verification.
whimsicott,Whimsicott,547,https://assets.pokemon.com/assets/cms2/img/pokedex/full/547.png,https://raw.githubusercontent.com/PokeAPI/sprites/master/sprites/pokemon/other/official-artwork/547.png,https://raw.githubusercontent.com/PokeAPI/sprites/master/sprites/pokemon/other/home/547.png,https://raw.githubusercontent.com/PokeAPI/sprites/master/sprites/pokemon/other/official-artwork/547.png,https://www.pokemon.com/us/pokedex/whimsicott,species-page,2026-04-13T11:45:21.940891-07:00,200,official_media_verified_link_generated,,pokemon.com page content is bot-protected; official page URL is attached for manual verification.
petilil,Petilil,548,https://assets.pokemon.com/assets/cms2/img/pokedex/full/548.png,https://raw.githubusercontent.com/PokeAPI/sprites/master/sprites/pokemon/other/official-artwork/548.png,https://raw.githubusercontent.com/PokeAPI/sprites/master/sprites/pokemon/other/home/548.png,https://raw.githubusercontent.com/PokeAPI/sprites/master/sprites/pokemon/other/official-artwork/548.png,https://www.pokemon.com/us/pokedex/petilil,species-page,2026-04-13T11:45:21.940891-07:00,200,official_media_verified_link_generated,,pokemon.com page content is bot-protected; official page URL is attached for manual verification.
lilligant,Lilligant,549,https://assets.pokemon.com/assets/cms2/img/pokedex/full/549.png,https://raw.githubusercontent.com/PokeAPI/sprites/master/sprites/pokemon/other/official-artwork/549.png,https://raw.githubusercontent.com/PokeAPI/sprites/master/sprites/pokemon/other/home/549.png,https://raw.githubusercontent.com/PokeAPI/sprites/master/sprites/pokemon/other/official-artwork/549.png,https://www.pokemon.com/us/pokedex/lilligant,species-page,2026-04-13T11:45:21.940891-07:00,200,official_media_verified_link_generated,,pokemon.com page content is bot-protected; official page URL is attached for manual verification.
lilligant-hisui,Lilligant Hisui,549,https://assets.pokemon.com/assets/cms2/img/pokedex/full/549.png,https://raw.githubusercontent.com/PokeAPI/sprites/master/sprites/pokemon/other/official-artwork/10237.png,https://raw.githubusercontent.com/PokeAPI/sprites/master/sprites/pokemon/other/home/10237.png,https://raw.githubusercontent.com/PokeAPI/sprites/master/sprites/pokemon/other/official-artwork/10237.png,https://www.pokemon.com/us/pokedex/lilligant,species-page,2026-04-13T11:45:21.940891-07:00,200,official_media_verified_link_generated,,pokemon.com page content is bot-protected; official page URL is attached for manual verification.
basculin-blue-striped,Basculin Blue Striped,550,https://assets.pokemon.com/assets/cms2/img/pokedex/full/550.png,https://raw.githubusercontent.com/PokeAPI/sprites/master/sprites/pokemon/other/official-artwork/10016.png,https://raw.githubusercontent.com/PokeAPI/sprites/master/sprites/pokemon/other/home/10016.png,https://raw.githubusercontent.com/PokeAPI/sprites/master/sprites/pokemon/other/official-artwork/10016.png,https://www.pokemon.com/us/pokedex/basculin,species-page,2026-04-13T11:45:21.940891-07:00,200,official_media_verified_link_generated,,pokemon.com page content is bot-protected; official page URL is attached for manual verification.
basculin-red-striped,Basculin Red Striped,550,https://assets.pokemon.com/assets/cms2/img/pokedex/full/550.png,https://raw.githubusercontent.com/PokeAPI/sprites/master/sprites/pokemon/other/official-artwork/550.png,https://raw.githubusercontent.com/PokeAPI/sprites/master/sprites/pokemon/other/home/550.png,https://raw.githubusercontent.com/PokeAPI/sprites/master/sprites/pokemon/other/official-artwork/550.png,https://www.pokemon.com/us/pokedex/basculin,species-page,2026-04-13T11:45:21.940891-07:00,200,official_media_verified_link_generated,,pokemon.com page content is bot-protected; official page URL is attached for manual verification.
basculin-white-striped,Basculin White Striped,550,https://assets.pokemon.com/assets/cms2/img/pokedex/full/550.png,https://raw.githubusercontent.com/PokeAPI/sprites/master/sprites/pokemon/other/official-artwork/10247.png,https://raw.githubusercontent.com/PokeAPI/sprites/master/sprites/pokemon/other/home/10247.png,https://raw.githubusercontent.com/PokeAPI/sprites/master/sprites/pokemon/other/official-artwork/10247.png,https://www.pokemon.com/us/pokedex/basculin,species-page,2026-04-13T11:45:21.940891-07:00,200,official_media_verified_link_generated,,pokemon.com page content is bot-protected; official page URL is attached for manual verification.
sandile,Sandile,551,https://assets.pokemon.com/assets/cms2/img/pokedex/full/551.png,https://raw.githubusercontent.com/PokeAPI/sprites/master/sprites/pokemon/other/official-artwork/551.png,https://raw.githubusercontent.com/PokeAPI/sprites/master/sprites/pokemon/other/home/551.png,https://raw.githubusercontent.com/PokeAPI/sprites/master/sprites/pokemon/other/official-artwork/551.png,https://www.pokemon.com/us/pokedex/sandile,species-page,2026-04-13T11:45:21.940891-07:00,200,official_media_verified_link_generated,,pokemon.com page content is bot-protected; official page URL is attached for manual verification.
krokorok,Krokorok,552,https://assets.pokemon.com/assets/cms2/img/pokedex/full/552.png,https://raw.githubusercontent.com/PokeAPI/sprites/master/sprites/pokemon/other/official-artwork/552.png,https://raw.githubusercontent.com/PokeAPI/sprites/master/sprites/pokemon/other/home/552.png,https://raw.githubusercontent.com/PokeAPI/sprites/master/sprites/pokemon/other/official-artwork/552.png,https://www.pokemon.com/us/pokedex/krokorok,species-page,2026-04-13T11:45:21.940891-07:00,200,official_media_verified_link_generated,,pokemon.com page content is bot-protected; official page URL is attached for manual verification.
krookodile,Krookodile,553,https://assets.pokemon.com/assets/cms2/img/pokedex/full/553.png,https://raw.githubusercontent.com/PokeAPI/sprites/master/sprites/pokemon/other/official-artwork/553.png,https://raw.githubusercontent.com/PokeAPI/sprites/master/sprites/pokemon/other/home/553.png,https://raw.githubusercontent.com/PokeAPI/sprites/master/sprites/pokemon/other/official-artwork/553.png,https://www.pokemon.com/us/pokedex/krookodile,species-page,2026-04-13T11:45:21.940891-07:00,200,official_media_verified_link_generated,,pokemon.com page content is bot-protected; official page URL is attached for manual verification.
darumaka,Darumaka,554,https://assets.pokemon.com/assets/cms2/img/pokedex/full/554.png,https://raw.githubusercontent.com/PokeAPI/sprites/master/sprites/pokemon/other/official-artwork/554.png,https://raw.githubusercontent.com/PokeAPI/sprites/master/sprites/pokemon/other/home/554.png,https://raw.githubusercontent.com/PokeAPI/sprites/master/sprites/pokemon/other/official-artwork/554.png,https://www.pokemon.com/us/pokedex/darumaka,species-page,2026-04-13T11:45:21.940891-07:00,200,official_media_verified_link_generated,,pokemon.com page content is bot-protected; official page URL is attached for manual verification.
darumaka-galar,Darumaka Galar,554,https://assets.pokemon.com/assets/cms2/img/pokedex/full/554.png,https://raw.githubusercontent.com/PokeAPI/sprites/master/sprites/pokemon/other/official-artwork/10176.png,https://raw.githubusercontent.com/PokeAPI/sprites/master/sprites/pokemon/other/home/10176.png,https://raw.githubusercontent.com/PokeAPI/sprites/master/sprites/pokemon/other/official-artwork/10176.png,https://www.pokemon.com/us/pokedex/darumaka,species-page,2026-04-13T11:45:21.940891-07:00,200,official_media_verified_link_generated,,pokemon.com page content is bot-protected; official page URL is attached for manual verification.
darmanitan-galar-standard,Darmanitan Galar Standard,555,https://assets.pokemon.com/assets/cms2/img/pokedex/full/555.png,https://raw.githubusercontent.com/PokeAPI/sprites/master/sprites/pokemon/other/official-artwork/10177.png,https://raw.githubusercontent.com/PokeAPI/sprites/master/sprites/pokemon/other/home/10177.png,https://raw.githubusercontent.com/PokeAPI/sprites/master/sprites/pokemon/other/official-artwork/10177.png,https://www.pokemon.com/us/pokedex/darmanitan,species-page,2026-04-13T11:45:21.940891-07:00,200,official_media_verified_link_generated,,pokemon.com page content is bot-protected; official page URL is attached for manual verification.
darmanitan-galar-zen,Darmanitan Galar Zen,555,https://assets.pokemon.com/assets/cms2/img/pokedex/full/555.png,https://raw.githubusercontent.com/PokeAPI/sprites/master/sprites/pokemon/other/official-artwork/10178.png,https://raw.githubusercontent.com/PokeAPI/sprites/master/sprites/pokemon/other/home/10178.png,https://raw.githubusercontent.com/PokeAPI/sprites/master/sprites/pokemon/other/official-artwork/10178.png,https://www.pokemon.com/us/pokedex/darmanitan,species-page,2026-04-13T11:45:21.940891-07:00,200,official_media_verified_link_generated,,pokemon.com page content is bot-protected; official page URL is attached for manual verification.
darmanitan-standard,Darmanitan Standard,555,https://assets.pokemon.com/assets/cms2/img/pokedex/full/555.png,https://raw.githubusercontent.com/PokeAPI/sprites/master/sprites/pokemon/other/official-artwork/555.png,https://raw.githubusercontent.com/PokeAPI/sprites/master/sprites/pokemon/other/home/555.png,https://raw.githubusercontent.com/PokeAPI/sprites/master/sprites/pokemon/other/official-artwork/555.png,https://www.pokemon.com/us/pokedex/darmanitan,species-page,2026-04-13T11:45:21.940891-07:00,200,official_media_verified_link_generated,,pokemon.com page content is bot-protected; official page URL is attached for manual verification.
darmanitan-zen,Darmanitan Zen,555,https://assets.pokemon.com/assets/cms2/img/pokedex/full/555.png,https://raw.githubusercontent.com/PokeAPI/sprites/master/sprites/pokemon/other/official-artwork/10017.png,https://raw.githubusercontent.com/PokeAPI/sprites/master/sprites/pokemon/other/home/10017.png,https://raw.githubusercontent.com/PokeAPI/sprites/master/sprites/pokemon/other/official-artwork/10017.png,https://www.pokemon.com/us/pokedex/darmanitan,species-page,2026-04-13T11:45:21.940891-07:00,200,official_media_verified_link_generated,,pokemon.com page content is bot-protected; official page URL is attached for manual verification.
maractus,Maractus,556,https://assets.pokemon.com/assets/cms2/img/pokedex/full/556.png,https://raw.githubusercontent.com/PokeAPI/sprites/master/sprites/pokemon/other/official-artwork/556.png,https://raw.githubusercontent.com/PokeAPI/sprites/master/sprites/pokemon/other/home/556.png,https://raw.githubusercontent.com/PokeAPI/sprites/master/sprites/pokemon/other/official-artwork/556.png,https://www.pokemon.com/us/pokedex/maractus,species-page,2026-04-13T11:45:21.940891-07:00,200,official_media_verified_link_generated,,pokemon.com page content is bot-protected; official page URL is attached for manual verification.
dwebble,Dwebble,557,https://assets.pokemon.com/assets/cms2/img/pokedex/full/557.png,https://raw.githubusercontent.com/PokeAPI/sprites/master/sprites/pokemon/other/official-artwork/557.png,https://raw.githubusercontent.com/PokeAPI/sprites/master/sprites/pokemon/other/home/557.png,https://raw.githubusercontent.com/PokeAPI/sprites/master/sprites/pokemon/other/official-artwork/557.png,https://www.pokemon.com/us/pokedex/dwebble,species-page,2026-04-13T11:45:21.940891-07:00,200,official_media_verified_link_generated,,pokemon.com page content is bot-protected; official page URL is attached for manual verification.
crustle,Crustle,558,https://assets.pokemon.com/assets/cms2/img/pokedex/full/558.png,https://raw.githubusercontent.com/PokeAPI/sprites/master/sprites/pokemon/other/official-artwork/558.png,https://raw.githubusercontent.com/PokeAPI/sprites/master/sprites/pokemon/other/home/558.png,https://raw.githubusercontent.com/PokeAPI/sprites/master/sprites/pokemon/other/official-artwork/558.png,https://www.pokemon.com/us/pokedex/crustle,species-page,2026-04-13T11:45:21.940891-07:00,200,official_media_verified_link_generated,,pokemon.com page content is bot-protected; official page URL is attached for manual verification.
scraggy,Scraggy,559,https://assets.pokemon.com/assets/cms2/img/pokedex/full/559.png,https://raw.githubusercontent.com/PokeAPI/sprites/master/sprites/pokemon/other/official-artwork/559.png,https://raw.githubusercontent.com/PokeAPI/sprites/master/sprites/pokemon/other/home/559.png,https://raw.githubusercontent.com/PokeAPI/sprites/master/sprites/pokemon/other/official-artwork/559.png,https://www.pokemon.com/us/pokedex/scraggy,species-page,2026-04-13T11:45:21.940891-07:00,200,official_media_verified_link_generated,,pokemon.com page content is bot-protected; official page URL is attached for manual verification.
scrafty,Scrafty,560,https://assets.pokemon.com/assets/cms2/img/pokedex/full/560.png,https://raw.githubusercontent.com/PokeAPI/sprites/master/sprites/pokemon/other/official-artwork/560.png,https://raw.githubusercontent.com/PokeAPI/sprites/master/sprites/pokemon/other/home/560.png,https://raw.githubusercontent.com/PokeAPI/sprites/master/sprites/pokemon/other/official-artwork/560.png,https://www.pokemon.com/us/pokedex/scrafty,species-page,2026-04-13T11:45:21.940891-07:00,200,official_media_verified_link_generated,,pokemon.com page content is bot-protected; official page URL is attached for manual verification.
scrafty-mega,Scrafty maleega,560,https://assets.pokemon.com/assets/cms2/img/pokedex/full/560.png,https://raw.githubusercontent.com/PokeAPI/sprites/master/sprites/pokemon/other/official-artwork/10289.png,https://raw.githubusercontent.com/PokeAPI/sprites/master/sprites/pokemon/other/official-artwork/10289.png,https://raw.githubusercontent.com/PokeAPI/sprites/master/sprites/pokemon/other/official-artwork/10289.png,https://www.pokemon.com/us/pokedex/scrafty,species-page,2026-04-13T11:45:21.940891-07:00,200,official_media_verified_link_generated,,pokemon.com page content is bot-protected; official page URL is attached for manual verification.
sigilyph,Sigilyph,561,https://assets.pokemon.com/assets/cms2/img/pokedex/full/561.png,https://raw.githubusercontent.com/PokeAPI/sprites/master/sprites/pokemon/other/official-artwork/561.png,https://raw.githubusercontent.com/PokeAPI/sprites/master/sprites/pokemon/other/home/561.png,https://raw.githubusercontent.com/PokeAPI/sprites/master/sprites/pokemon/other/official-artwork/561.png,https://www.pokemon.com/us/pokedex/sigilyph,species-page,2026-04-13T11:45:21.940891-07:00,200,official_media_verified_link_generated,,pokemon.com page content is bot-protected; official page URL is attached for manual verification.
yamask,Yamask,562,https://assets.pokemon.com/assets/cms2/img/pokedex/full/562.png,https://raw.githubusercontent.com/PokeAPI/sprites/master/sprites/pokemon/other/official-artwork/562.png,https://raw.githubusercontent.com/PokeAPI/sprites/master/sprites/pokemon/other/home/562.png,https://raw.githubusercontent.com/PokeAPI/sprites/master/sprites/pokemon/other/official-artwork/562.png,https://www.pokemon.com/us/pokedex/yamask,species-page,2026-04-13T11:45:21.940891-07:00,200,official_media_verified_link_generated,,pokemon.com page content is bot-protected; official page URL is attached for manual verification.
yamask-galar,Yamask Galar,562,https://assets.pokemon.com/assets/cms2/img/pokedex/full/562.png,https://raw.githubusercontent.com/PokeAPI/sprites/master/sprites/pokemon/other/official-artwork/10179.png,https://raw.githubusercontent.com/PokeAPI/sprites/master/sprites/pokemon/other/home/10179.png,https://raw.githubusercontent.com/PokeAPI/sprites/master/sprites/pokemon/other/official-artwork/10179.png,https://www.pokemon.com/us/pokedex/yamask,species-page,2026-04-13T11:45:21.940891-07:00,200,official_media_verified_link_generated,,pokemon.com page content is bot-protected; official page URL is attached for manual verification.
cofagrigus,Cofagrigus,563,https://assets.pokemon.com/assets/cms2/img/pokedex/full/563.png,https://raw.githubusercontent.com/PokeAPI/sprites/master/sprites/pokemon/other/official-artwork/563.png,https://raw.githubusercontent.com/PokeAPI/sprites/master/sprites/pokemon/other/home/563.png,https://raw.githubusercontent.com/PokeAPI/sprites/master/sprites/pokemon/other/official-artwork/563.png,https://www.pokemon.com/us/pokedex/cofagrigus,species-page,2026-04-13T11:45:21.940891-07:00,200,official_media_verified_link_generated,,pokemon.com page content is bot-protected; official page URL is attached for manual verification.
tirtouga,Tirtouga,564,https://assets.pokemon.com/assets/cms2/img/pokedex/full/564.png,https://raw.githubusercontent.com/PokeAPI/sprites/master/sprites/pokemon/other/official-artwork/564.png,https://raw.githubusercontent.com/PokeAPI/sprites/master/sprites/pokemon/other/home/564.png,https://raw.githubusercontent.com/PokeAPI/sprites/master/sprites/pokemon/other/official-artwork/564.png,https://www.pokemon.com/us/pokedex/tirtouga,species-page,2026-04-13T11:45:21.940891-07:00,200,official_media_verified_link_generated,,pokemon.com page content is bot-protected; official page URL is attached for manual verification.
carracosta,Carracosta,565,https://assets.pokemon.com/assets/cms2/img/pokedex/full/565.png,https://raw.githubusercontent.com/PokeAPI/sprites/master/sprites/pokemon/other/official-artwork/565.png,https://raw.githubusercontent.com/PokeAPI/sprites/master/sprites/pokemon/other/home/565.png,https://raw.githubusercontent.com/PokeAPI/sprites/master/sprites/pokemon/other/official-artwork/565.png,https://www.pokemon.com/us/pokedex/carracosta,species-page,2026-04-13T11:45:21.940891-07:00,200,official_media_verified_link_generated,,pokemon.com page content is bot-protected; official page URL is attached for manual verification.
archen,Archen,566,https://assets.pokemon.com/assets/cms2/img/pokedex/full/566.png,https://raw.githubusercontent.com/PokeAPI/sprites/master/sprites/pokemon/other/official-artwork/566.png,https://raw.githubusercontent.com/PokeAPI/sprites/master/sprites/pokemon/other/home/566.png,https://raw.githubusercontent.com/PokeAPI/sprites/master/sprites/pokemon/other/official-artwork/566.png,https://www.pokemon.com/us/pokedex/archen,species-page,2026-04-13T11:45:21.940891-07:00,200,official_media_verified_link_generated,,pokemon.com page content is bot-protected; official page URL is attached for manual verification.
archeops,Archeops,567,https://assets.pokemon.com/assets/cms2/img/pokedex/full/567.png,https://raw.githubusercontent.com/PokeAPI/sprites/master/sprites/pokemon/other/official-artwork/567.png,https://raw.githubusercontent.com/PokeAPI/sprites/master/sprites/pokemon/other/home/567.png,https://raw.githubusercontent.com/PokeAPI/sprites/master/sprites/pokemon/other/official-artwork/567.png,https://www.pokemon.com/us/pokedex/archeops,species-page,2026-04-13T11:45:21.940891-07:00,200,official_media_verified_link_generated,,pokemon.com page content is bot-protected; official page URL is attached for manual verification.
trubbish,Trubbish,568,https://assets.pokemon.com/assets/cms2/img/pokedex/full/568.png,https://raw.githubusercontent.com/PokeAPI/sprites/master/sprites/pokemon/other/official-artwork/568.png,https://raw.githubusercontent.com/PokeAPI/sprites/master/sprites/pokemon/other/home/568.png,https://raw.githubusercontent.com/PokeAPI/sprites/master/sprites/pokemon/other/official-artwork/568.png,https://www.pokemon.com/us/pokedex/trubbish,species-page,2026-04-13T11:45:21.940891-07:00,200,official_media_verified_link_generated,,pokemon.com page content is bot-protected; official page URL is attached for manual verification.
garbodor,Garbodor,569,https://assets.pokemon.com/assets/cms2/img/pokedex/full/569.png,https://raw.githubusercontent.com/PokeAPI/sprites/master/sprites/pokemon/other/official-artwork/569.png,https://raw.githubusercontent.com/PokeAPI/sprites/master/sprites/pokemon/other/home/569.png,https://raw.githubusercontent.com/PokeAPI/sprites/master/sprites/pokemon/other/official-artwork/569.png,https://www.pokemon.com/us/pokedex/garbodor,species-page,2026-04-13T11:45:21.940891-07:00,200,official_media_verified_link_generated,,pokemon.com page content is bot-protected; official page URL is attached for manual verification.
garbodor-gmax,Garbodor Gmax,569,https://assets.pokemon.com/assets/cms2/img/pokedex/full/569.png,https://raw.githubusercontent.com/PokeAPI/sprites/master/sprites/pokemon/other/official-artwork/10207.png,https://raw.githubusercontent.com/PokeAPI/sprites/master/sprites/pokemon/other/home/10207.png,https://raw.githubusercontent.com/PokeAPI/sprites/master/sprites/pokemon/other/official-artwork/10207.png,https://www.pokemon.com/us/pokedex/garbodor,species-page,2026-04-13T11:45:21.940891-07:00,200,official_media_verified_link_generated,,pokemon.com page content is bot-protected; official page URL is attached for manual verification.
zorua,Zorua,570,https://assets.pokemon.com/assets/cms2/img/pokedex/full/570.png,https://raw.githubusercontent.com/PokeAPI/sprites/master/sprites/pokemon/other/official-artwork/570.png,https://raw.githubusercontent.com/PokeAPI/sprites/master/sprites/pokemon/other/home/570.png,https://raw.githubusercontent.com/PokeAPI/sprites/master/sprites/pokemon/other/official-artwork/570.png,https://www.pokemon.com/us/pokedex/zorua,species-page,2026-04-13T11:45:21.940891-07:00,200,official_media_verified_link_generated,,pokemon.com page content is bot-protected; official page URL is attached for manual verification.
zorua-hisui,Zorua Hisui,570,https://assets.pokemon.com/assets/cms2/img/pokedex/full/570.png,https://raw.githubusercontent.com/PokeAPI/sprites/master/sprites/pokemon/other/official-artwork/10238.png,https://raw.githubusercontent.com/PokeAPI/sprites/master/sprites/pokemon/other/home/10238.png,https://raw.githubusercontent.com/PokeAPI/sprites/master/sprites/pokemon/other/official-artwork/10238.png,https://www.pokemon.com/us/pokedex/zorua,species-page,2026-04-13T11:45:21.940891-07:00,200,official_media_verified_link_generated,,pokemon.com page content is bot-protected; official page URL is attached for manual verification.
zoroark,Zoroark,571,https://assets.pokemon.com/assets/cms2/img/pokedex/full/571.png,https://raw.githubusercontent.com/PokeAPI/sprites/master/sprites/pokemon/other/official-artwork/571.png,https://raw.githubusercontent.com/PokeAPI/sprites/master/sprites/pokemon/other/home/571.png,https://raw.githubusercontent.com/PokeAPI/sprites/master/sprites/pokemon/other/official-artwork/571.png,https://www.pokemon.com/us/pokedex/zoroark,species-page,2026-04-13T11:45:21.940891-07:00,200,official_media_verified_link_generated,,pokemon.com page content is bot-protected; official page URL is attached for manual verification.
zoroark-hisui,Zoroark Hisui,571,https://assets.pokemon.com/assets/cms2/img/pokedex/full/571.png,https://raw.githubusercontent.com/PokeAPI/sprites/master/sprites/pokemon/other/official-artwork/10239.png,https://raw.githubusercontent.com/PokeAPI/sprites/master/sprites/pokemon/other/home/10239.png,https://raw.githubusercontent.com/PokeAPI/sprites/master/sprites/pokemon/other/official-artwork/10239.png,https://www.pokemon.com/us/pokedex/zoroark,species-page,2026-04-13T11:45:21.940891-07:00,200,official_media_verified_link_generated,,pokemon.com page content is bot-protected; official page URL is attached for manual verification.
minccino,Minccino,572,https://assets.pokemon.com/assets/cms2/img/pokedex/full/572.png,https://raw.githubusercontent.com/PokeAPI/sprites/master/sprites/pokemon/other/official-artwork/572.png,https://raw.githubusercontent.com/PokeAPI/sprites/master/sprites/pokemon/other/home/572.png,https://raw.githubusercontent.com/PokeAPI/sprites/master/sprites/pokemon/other/official-artwork/572.png,https://www.pokemon.com/us/pokedex/minccino,species-page,2026-04-13T11:45:21.940891-07:00,200,official_media_verified_link_generated,,pokemon.com page content is bot-protected; official page URL is attached for manual verification.
cinccino,Cinccino,573,https://assets.pokemon.com/assets/cms2/img/pokedex/full/573.png,https://raw.githubusercontent.com/PokeAPI/sprites/master/sprites/pokemon/other/official-artwork/573.png,https://raw.githubusercontent.com/PokeAPI/sprites/master/sprites/pokemon/other/home/573.png,https://raw.githubusercontent.com/PokeAPI/sprites/master/sprites/pokemon/other/official-artwork/573.png,https://www.pokemon.com/us/pokedex/cinccino,species-page,2026-04-13T11:45:21.940891-07:00,200,official_media_verified_link_generated,,pokemon.com page content is bot-protected; official page URL is attached for manual verification.
gothita,Gothita,574,https://assets.pokemon.com/assets/cms2/img/pokedex/full/574.png,https://raw.githubusercontent.com/PokeAPI/sprites/master/sprites/pokemon/other/official-artwork/574.png,https://raw.githubusercontent.com/PokeAPI/sprites/master/sprites/pokemon/other/home/574.png,https://raw.githubusercontent.com/PokeAPI/sprites/master/sprites/pokemon/other/official-artwork/574.png,https://www.pokemon.com/us/pokedex/gothita,species-page,2026-04-13T11:45:21.940891-07:00,200,official_media_verified_link_generated,,pokemon.com page content is bot-protected; official page URL is attached for manual verification.
gothorita,Gothorita,575,https://assets.pokemon.com/assets/cms2/img/pokedex/full/575.png,https://raw.githubusercontent.com/PokeAPI/sprites/master/sprites/pokemon/other/official-artwork/575.png,https://raw.githubusercontent.com/PokeAPI/sprites/master/sprites/pokemon/other/home/575.png,https://raw.githubusercontent.com/PokeAPI/sprites/master/sprites/pokemon/other/official-artwork/575.png,https://www.pokemon.com/us/pokedex/gothorita,species-page,2026-04-13T11:45:21.940891-07:00,200,official_media_verified_link_generated,,pokemon.com page content is bot-protected; official page URL is attached for manual verification.
gothitelle,Gothitelle,576,https://assets.pokemon.com/assets/cms2/img/pokedex/full/576.png,https://raw.githubusercontent.com/PokeAPI/sprites/master/sprites/pokemon/other/official-artwork/576.png,https://raw.githubusercontent.com/PokeAPI/sprites/master/sprites/pokemon/other/home/576.png,https://raw.githubusercontent.com/PokeAPI/sprites/master/sprites/pokemon/other/official-artwork/576.png,https://www.pokemon.com/us/pokedex/gothitelle,species-page,2026-04-13T11:45:21.940891-07:00,200,official_media_verified_link_generated,,pokemon.com page content is bot-protected; official page URL is attached for manual verification.
solosis,Solosis,577,https://assets.pokemon.com/assets/cms2/img/pokedex/full/577.png,https://raw.githubusercontent.com/PokeAPI/sprites/master/sprites/pokemon/other/official-artwork/577.png,https://raw.githubusercontent.com/PokeAPI/sprites/master/sprites/pokemon/other/home/577.png,https://raw.githubusercontent.com/PokeAPI/sprites/master/sprites/pokemon/other/official-artwork/577.png,https://www.pokemon.com/us/pokedex/solosis,species-page,2026-04-13T11:45:21.940891-07:00,200,official_media_verified_link_generated,,pokemon.com page content is bot-protected; official page URL is attached for manual verification.
duosion,Duosion,578,https://assets.pokemon.com/assets/cms2/img/pokedex/full/578.png,https://raw.githubusercontent.com/PokeAPI/sprites/master/sprites/pokemon/other/official-artwork/578.png,https://raw.githubusercontent.com/PokeAPI/sprites/master/sprites/pokemon/other/home/578.png,https://raw.githubusercontent.com/PokeAPI/sprites/master/sprites/pokemon/other/official-artwork/578.png,https://www.pokemon.com/us/pokedex/duosion,species-page,2026-04-13T11:45:21.940891-07:00,200,official_media_verified_link_generated,,pokemon.com page content is bot-protected; official page URL is attached for manual verification.
reuniclus,Reuniclus,579,https://assets.pokemon.com/assets/cms2/img/pokedex/full/579.png,https://raw.githubusercontent.com/PokeAPI/sprites/master/sprites/pokemon/other/official-artwork/579.png,https://raw.githubusercontent.com/PokeAPI/sprites/master/sprites/pokemon/other/home/579.png,https://raw.githubusercontent.com/PokeAPI/sprites/master/sprites/pokemon/other/official-artwork/579.png,https://www.pokemon.com/us/pokedex/reuniclus,species-page,2026-04-13T11:45:21.940891-07:00,200,official_media_verified_link_generated,,pokemon.com page content is bot-protected; official page URL is attached for manual verification.
ducklett,Ducklett,580,https://assets.pokemon.com/assets/cms2/img/pokedex/full/580.png,https://raw.githubusercontent.com/PokeAPI/sprites/master/sprites/pokemon/other/official-artwork/580.png,https://raw.githubusercontent.com/PokeAPI/sprites/master/sprites/pokemon/other/home/580.png,https://raw.githubusercontent.com/PokeAPI/sprites/master/sprites/pokemon/other/official-artwork/580.png,https://www.pokemon.com/us/pokedex/ducklett,species-page,2026-04-13T11:45:21.940891-07:00,200,official_media_verified_link_generated,,pokemon.com page content is bot-protected; official page URL is attached for manual verification.
swanna,Swanna,581,https://assets.pokemon.com/assets/cms2/img/pokedex/full/581.png,https://raw.githubusercontent.com/PokeAPI/sprites/master/sprites/pokemon/other/official-artwork/581.png,https://raw.githubusercontent.com/PokeAPI/sprites/master/sprites/pokemon/other/home/581.png,https://raw.githubusercontent.com/PokeAPI/sprites/master/sprites/pokemon/other/official-artwork/581.png,https://www.pokemon.com/us/pokedex/swanna,species-page,2026-04-13T11:45:21.940891-07:00,200,official_media_verified_link_generated,,pokemon.com page content is bot-protected; official page URL is attached for manual verification.
vanillite,Vanillite,582,https://assets.pokemon.com/assets/cms2/img/pokedex/full/582.png,https://raw.githubusercontent.com/PokeAPI/sprites/master/sprites/pokemon/other/official-artwork/582.png,https://raw.githubusercontent.com/PokeAPI/sprites/master/sprites/pokemon/other/home/582.png,https://raw.githubusercontent.com/PokeAPI/sprites/master/sprites/pokemon/other/official-artwork/582.png,https://www.pokemon.com/us/pokedex/vanillite,species-page,2026-04-13T11:45:21.940891-07:00,200,official_media_verified_link_generated,,pokemon.com page content is bot-protected; official page URL is attached for manual verification.
vanillish,Vanillish,583,https://assets.pokemon.com/assets/cms2/img/pokedex/full/583.png,https://raw.githubusercontent.com/PokeAPI/sprites/master/sprites/pokemon/other/official-artwork/583.png,https://raw.githubusercontent.com/PokeAPI/sprites/master/sprites/pokemon/other/home/583.png,https://raw.githubusercontent.com/PokeAPI/sprites/master/sprites/pokemon/other/official-artwork/583.png,https://www.pokemon.com/us/pokedex/vanillish,species-page,2026-04-13T11:45:21.940891-07:00,200,official_media_verified_link_generated,,pokemon.com page content is bot-protected; official page URL is attached for manual verification.
vanilluxe,Vanilluxe,584,https://assets.pokemon.com/assets/cms2/img/pokedex/full/584.png,https://raw.githubusercontent.com/PokeAPI/sprites/master/sprites/pokemon/other/official-artwork/584.png,https://raw.githubusercontent.com/PokeAPI/sprites/master/sprites/pokemon/other/home/584.png,https://raw.githubusercontent.com/PokeAPI/sprites/master/sprites/pokemon/other/official-artwork/584.png,https://www.pokemon.com/us/pokedex/vanilluxe,species-page,2026-04-13T11:45:21.940891-07:00,200,official_media_verified_link_generated,,pokemon.com page content is bot-protected; official page URL is attached for manual verification.
deerling,Deerling,585,https://assets.pokemon.com/assets/cms2/img/pokedex/full/585.png,https://raw.githubusercontent.com/PokeAPI/sprites/master/sprites/pokemon/other/official-artwork/585.png,https://raw.githubusercontent.com/PokeAPI/sprites/master/sprites/pokemon/other/home/585.png,https://raw.githubusercontent.com/PokeAPI/sprites/master/sprites/pokemon/other/official-artwork/585.png,https://www.pokemon.com/us/pokedex/deerling,species-page,2026-04-13T11:45:21.940891-07:00,200,official_media_verified_link_generated,,pokemon.com page content is bot-protected; official page URL is attached for manual verification.
sawsbuck,Sawsbuck,586,https://assets.pokemon.com/assets/cms2/img/pokedex/full/586.png,https://raw.githubusercontent.com/PokeAPI/sprites/master/sprites/pokemon/other/official-artwork/586.png,https://raw.githubusercontent.com/PokeAPI/sprites/master/sprites/pokemon/other/home/586.png,https://raw.githubusercontent.com/PokeAPI/sprites/master/sprites/pokemon/other/official-artwork/586.png,https://www.pokemon.com/us/pokedex/sawsbuck,species-page,2026-04-13T11:45:21.940891-07:00,200,official_media_verified_link_generated,,pokemon.com page content is bot-protected; official page URL is attached for manual verification.
emolga,Emolga,587,https://assets.pokemon.com/assets/cms2/img/pokedex/full/587.png,https://raw.githubusercontent.com/PokeAPI/sprites/master/sprites/pokemon/other/official-artwork/587.png,https://raw.githubusercontent.com/PokeAPI/sprites/master/sprites/pokemon/other/home/587.png,https://raw.githubusercontent.com/PokeAPI/sprites/master/sprites/pokemon/other/official-artwork/587.png,https://www.pokemon.com/us/pokedex/emolga,species-page,2026-04-13T11:45:21.940891-07:00,200,official_media_verified_link_generated,,pokemon.com page content is bot-protected; official page URL is attached for manual verification.
karrablast,Karrablast,588,https://assets.pokemon.com/assets/cms2/img/pokedex/full/588.png,https://raw.githubusercontent.com/PokeAPI/sprites/master/sprites/pokemon/other/official-artwork/588.png,https://raw.githubusercontent.com/PokeAPI/sprites/master/sprites/pokemon/other/home/588.png,https://raw.githubusercontent.com/PokeAPI/sprites/master/sprites/pokemon/other/official-artwork/588.png,https://www.pokemon.com/us/pokedex/karrablast,species-page,2026-04-13T11:45:21.940891-07:00,200,official_media_verified_link_generated,,pokemon.com page content is bot-protected; official page URL is attached for manual verification.
escavalier,Escavalier,589,https://assets.pokemon.com/assets/cms2/img/pokedex/full/589.png,https://raw.githubusercontent.com/PokeAPI/sprites/master/sprites/pokemon/other/official-artwork/589.png,https://raw.githubusercontent.com/PokeAPI/sprites/master/sprites/pokemon/other/home/589.png,https://raw.githubusercontent.com/PokeAPI/sprites/master/sprites/pokemon/other/official-artwork/589.png,https://www.pokemon.com/us/pokedex/escavalier,species-page,2026-04-13T11:45:21.940891-07:00,200,official_media_verified_link_generated,,pokemon.com page content is bot-protected; official page URL is attached for manual verification.
foongus,Foongus,590,https://assets.pokemon.com/assets/cms2/img/pokedex/full/590.png,https://raw.githubusercontent.com/PokeAPI/sprites/master/sprites/pokemon/other/official-artwork/590.png,https://raw.githubusercontent.com/PokeAPI/sprites/master/sprites/pokemon/other/home/590.png,https://raw.githubusercontent.com/PokeAPI/sprites/master/sprites/pokemon/other/official-artwork/590.png,https://www.pokemon.com/us/pokedex/foongus,species-page,2026-04-13T11:45:21.940891-07:00,200,official_media_verified_link_generated,,pokemon.com page content is bot-protected; official page URL is attached for manual verification.
amoonguss,Amoonguss,591,https://assets.pokemon.com/assets/cms2/img/pokedex/full/591.png,https://raw.githubusercontent.com/PokeAPI/sprites/master/sprites/pokemon/other/official-artwork/591.png,https://raw.githubusercontent.com/PokeAPI/sprites/master/sprites/pokemon/other/home/591.png,https://raw.githubusercontent.com/PokeAPI/sprites/master/sprites/pokemon/other/official-artwork/591.png,https://www.pokemon.com/us/pokedex/amoonguss,species-page,2026-04-13T11:45:21.940891-07:00,200,official_media_verified_link_generated,,pokemon.com page content is bot-protected; official page URL is attached for manual verification.
frillish-male,Frillish maleale,592,https://assets.pokemon.com/assets/cms2/img/pokedex/full/592.png,https://raw.githubusercontent.com/PokeAPI/sprites/master/sprites/pokemon/other/official-artwork/592.png,https://raw.githubusercontent.com/PokeAPI/sprites/master/sprites/pokemon/other/home/592.png,https://raw.githubusercontent.com/PokeAPI/sprites/master/sprites/pokemon/other/official-artwork/592.png,https://www.pokemon.com/us/pokedex/frillish,species-page,2026-04-13T11:45:21.940891-07:00,200,official_media_verified_link_generated,,pokemon.com page content is bot-protected; official page URL is attached for manual verification.
jellicent-male,Jellicent maleale,593,https://assets.pokemon.com/assets/cms2/img/pokedex/full/593.png,https://raw.githubusercontent.com/PokeAPI/sprites/master/sprites/pokemon/other/official-artwork/593.png,https://raw.githubusercontent.com/PokeAPI/sprites/master/sprites/pokemon/other/home/593.png,https://raw.githubusercontent.com/PokeAPI/sprites/master/sprites/pokemon/other/official-artwork/593.png,https://www.pokemon.com/us/pokedex/jellicent,species-page,2026-04-13T11:45:21.940891-07:00,200,official_media_verified_link_generated,,pokemon.com page content is bot-protected; official page URL is attached for manual verification.
alomomola,Alomomola,594,https://assets.pokemon.com/assets/cms2/img/pokedex/full/594.png,https://raw.githubusercontent.com/PokeAPI/sprites/master/sprites/pokemon/other/official-artwork/594.png,https://raw.githubusercontent.com/PokeAPI/sprites/master/sprites/pokemon/other/home/594.png,https://raw.githubusercontent.com/PokeAPI/sprites/master/sprites/pokemon/other/official-artwork/594.png,https://www.pokemon.com/us/pokedex/alomomola,species-page,2026-04-13T11:45:21.940891-07:00,200,official_media_verified_link_generated,,pokemon.com page content is bot-protected; official page URL is attached for manual verification.
joltik,Joltik,595,https://assets.pokemon.com/assets/cms2/img/pokedex/full/595.png,https://raw.githubusercontent.com/PokeAPI/sprites/master/sprites/pokemon/other/official-artwork/595.png,https://raw.githubusercontent.com/PokeAPI/sprites/master/sprites/pokemon/other/home/595.png,https://raw.githubusercontent.com/PokeAPI/sprites/master/sprites/pokemon/other/official-artwork/595.png,https://www.pokemon.com/us/pokedex/joltik,species-page,2026-04-13T11:45:21.940891-07:00,200,official_media_verified_link_generated,,pokemon.com page content is bot-protected; official page URL is attached for manual verification.
galvantula,Galvantula,596,https://assets.pokemon.com/assets/cms2/img/pokedex/full/596.png,https://raw.githubusercontent.com/PokeAPI/sprites/master/sprites/pokemon/other/official-artwork/596.png,https://raw.githubusercontent.com/PokeAPI/sprites/master/sprites/pokemon/other/home/596.png,https://raw.githubusercontent.com/PokeAPI/sprites/master/sprites/pokemon/other/official-artwork/596.png,https://www.pokemon.com/us/pokedex/galvantula,species-page,2026-04-13T11:45:21.940891-07:00,200,official_media_verified_link_generated,,pokemon.com page content is bot-protected; official page URL is attached for manual verification.
ferroseed,Ferroseed,597,https://assets.pokemon.com/assets/cms2/img/pokedex/full/597.png,https://raw.githubusercontent.com/PokeAPI/sprites/master/sprites/pokemon/other/official-artwork/597.png,https://raw.githubusercontent.com/PokeAPI/sprites/master/sprites/pokemon/other/home/597.png,https://raw.githubusercontent.com/PokeAPI/sprites/master/sprites/pokemon/other/official-artwork/597.png,https://www.pokemon.com/us/pokedex/ferroseed,species-page,2026-04-13T11:45:21.940891-07:00,200,official_media_verified_link_generated,,pokemon.com page content is bot-protected; official page URL is attached for manual verification.
ferrothorn,Ferrothorn,598,https://assets.pokemon.com/assets/cms2/img/pokedex/full/598.png,https://raw.githubusercontent.com/PokeAPI/sprites/master/sprites/pokemon/other/official-artwork/598.png,https://raw.githubusercontent.com/PokeAPI/sprites/master/sprites/pokemon/other/home/598.png,https://raw.githubusercontent.com/PokeAPI/sprites/master/sprites/pokemon/other/official-artwork/598.png,https://www.pokemon.com/us/pokedex/ferrothorn,species-page,2026-04-13T11:45:21.940891-07:00,200,official_media_verified_link_generated,,pokemon.com page content is bot-protected; official page URL is attached for manual verification.
klink,Klink,599,https://assets.pokemon.com/assets/cms2/img/pokedex/full/599.png,https://raw.githubusercontent.com/PokeAPI/sprites/master/sprites/pokemon/other/official-artwork/599.png,https://raw.githubusercontent.com/PokeAPI/sprites/master/sprites/pokemon/other/home/599.png,https://raw.githubusercontent.com/PokeAPI/sprites/master/sprites/pokemon/other/official-artwork/599.png,https://www.pokemon.com/us/pokedex/klink,species-page,2026-04-13T11:45:21.940891-07:00,200,official_media_verified_link_generated,,pokemon.com page content is bot-protected; official page URL is attached for manual verification.
klang,Klang,600,https://assets.pokemon.com/assets/cms2/img/pokedex/full/600.png,https://raw.githubusercontent.com/PokeAPI/sprites/master/sprites/pokemon/other/official-artwork/600.png,https://raw.githubusercontent.com/PokeAPI/sprites/master/sprites/pokemon/other/home/600.png,https://raw.githubusercontent.com/PokeAPI/sprites/master/sprites/pokemon/other/official-artwork/600.png,https://www.pokemon.com/us/pokedex/klang,species-page,2026-04-13T11:45:21.940891-07:00,200,official_media_verified_link_generated,,pokemon.com page content is bot-protected; official page URL is attached for manual verification.
klinklang,Klinklang,601,https://assets.pokemon.com/assets/cms2/img/pokedex/full/601.png,https://raw.githubusercontent.com/PokeAPI/sprites/master/sprites/pokemon/other/official-artwork/601.png,https://raw.githubusercontent.com/PokeAPI/sprites/master/sprites/pokemon/other/home/601.png,https://raw.githubusercontent.com/PokeAPI/sprites/master/sprites/pokemon/other/official-artwork/601.png,https://www.pokemon.com/us/pokedex/klinklang,species-page,2026-04-13T11:45:21.940891-07:00,200,official_media_verified_link_generated,,pokemon.com page content is bot-protected; official page URL is attached for manual verification.
tynamo,Tynamo,602,https://assets.pokemon.com/assets/cms2/img/pokedex/full/602.png,https://raw.githubusercontent.com/PokeAPI/sprites/master/sprites/pokemon/other/official-artwork/602.png,https://raw.githubusercontent.com/PokeAPI/sprites/master/sprites/pokemon/other/home/602.png,https://raw.githubusercontent.com/PokeAPI/sprites/master/sprites/pokemon/other/official-artwork/602.png,https://www.pokemon.com/us/pokedex/tynamo,species-page,2026-04-13T11:45:21.940891-07:00,200,official_media_verified_link_generated,,pokemon.com page content is bot-protected; official page URL is attached for manual verification.
eelektrik,Eelektrik,603,https://assets.pokemon.com/assets/cms2/img/pokedex/full/603.png,https://raw.githubusercontent.com/PokeAPI/sprites/master/sprites/pokemon/other/official-artwork/603.png,https://raw.githubusercontent.com/PokeAPI/sprites/master/sprites/pokemon/other/home/603.png,https://raw.githubusercontent.com/PokeAPI/sprites/master/sprites/pokemon/other/official-artwork/603.png,https://www.pokemon.com/us/pokedex/eelektrik,species-page,2026-04-13T11:45:21.940891-07:00,200,official_media_verified_link_generated,,pokemon.com page content is bot-protected; official page URL is attached for manual verification.
eelektross,Eelektross,604,https://assets.pokemon.com/assets/cms2/img/pokedex/full/604.png,https://raw.githubusercontent.com/PokeAPI/sprites/master/sprites/pokemon/other/official-artwork/604.png,https://raw.githubusercontent.com/PokeAPI/sprites/master/sprites/pokemon/other/home/604.png,https://raw.githubusercontent.com/PokeAPI/sprites/master/sprites/pokemon/other/official-artwork/604.png,https://www.pokemon.com/us/pokedex/eelektross,species-page,2026-04-13T11:45:21.940891-07:00,200,official_media_verified_link_generated,,pokemon.com page content is bot-protected; official page URL is attached for manual verification.
eelektross-mega,Eelektross maleega,604,https://assets.pokemon.com/assets/cms2/img/pokedex/full/604.png,https://raw.githubusercontent.com/PokeAPI/sprites/master/sprites/pokemon/other/official-artwork/10290.png,https://raw.githubusercontent.com/PokeAPI/sprites/master/sprites/pokemon/other/official-artwork/10290.png,https://raw.githubusercontent.com/PokeAPI/sprites/master/sprites/pokemon/other/official-artwork/10290.png,https://www.pokemon.com/us/pokedex/eelektross,species-page,2026-04-13T11:45:21.940891-07:00,200,official_media_verified_link_generated,,pokemon.com page content is bot-protected; official page URL is attached for manual verification.
elgyem,Elgyem,605,https://assets.pokemon.com/assets/cms2/img/pokedex/full/605.png,https://raw.githubusercontent.com/PokeAPI/sprites/master/sprites/pokemon/other/official-artwork/605.png,https://raw.githubusercontent.com/PokeAPI/sprites/master/sprites/pokemon/other/home/605.png,https://raw.githubusercontent.com/PokeAPI/sprites/master/sprites/pokemon/other/official-artwork/605.png,https://www.pokemon.com/us/pokedex/elgyem,species-page,2026-04-13T11:45:21.940891-07:00,200,official_media_verified_link_generated,,pokemon.com page content is bot-protected; official page URL is attached for manual verification.
beheeyem,Beheeyem,606,https://assets.pokemon.com/assets/cms2/img/pokedex/full/606.png,https://raw.githubusercontent.com/PokeAPI/sprites/master/sprites/pokemon/other/official-artwork/606.png,https://raw.githubusercontent.com/PokeAPI/sprites/master/sprites/pokemon/other/home/606.png,https://raw.githubusercontent.com/PokeAPI/sprites/master/sprites/pokemon/other/official-artwork/606.png,https://www.pokemon.com/us/pokedex/beheeyem,species-page,2026-04-13T11:45:21.940891-07:00,200,official_media_verified_link_generated,,pokemon.com page content is bot-protected; official page URL is attached for manual verification.
litwick,Litwick,607,https://assets.pokemon.com/assets/cms2/img/pokedex/full/607.png,https://raw.githubusercontent.com/PokeAPI/sprites/master/sprites/pokemon/other/official-artwork/607.png,https://raw.githubusercontent.com/PokeAPI/sprites/master/sprites/pokemon/other/home/607.png,https://raw.githubusercontent.com/PokeAPI/sprites/master/sprites/pokemon/other/official-artwork/607.png,https://www.pokemon.com/us/pokedex/litwick,species-page,2026-04-13T11:45:21.940891-07:00,200,official_media_verified_link_generated,,pokemon.com page content is bot-protected; official page URL is attached for manual verification.
lampent,Lampent,608,https://assets.pokemon.com/assets/cms2/img/pokedex/full/608.png,https://raw.githubusercontent.com/PokeAPI/sprites/master/sprites/pokemon/other/official-artwork/608.png,https://raw.githubusercontent.com/PokeAPI/sprites/master/sprites/pokemon/other/home/608.png,https://raw.githubusercontent.com/PokeAPI/sprites/master/sprites/pokemon/other/official-artwork/608.png,https://www.pokemon.com/us/pokedex/lampent,species-page,2026-04-13T11:45:21.940891-07:00,200,official_media_verified_link_generated,,pokemon.com page content is bot-protected; official page URL is attached for manual verification.
chandelure,Chandelure,609,https://assets.pokemon.com/assets/cms2/img/pokedex/full/609.png,https://raw.githubusercontent.com/PokeAPI/sprites/master/sprites/pokemon/other/official-artwork/609.png,https://raw.githubusercontent.com/PokeAPI/sprites/master/sprites/pokemon/other/home/609.png,https://raw.githubusercontent.com/PokeAPI/sprites/master/sprites/pokemon/other/official-artwork/609.png,https://www.pokemon.com/us/pokedex/chandelure,species-page,2026-04-13T11:45:21.940891-07:00,200,official_media_verified_link_generated,,pokemon.com page content is bot-protected; official page URL is attached for manual verification.
chandelure-mega,Chandelure maleega,609,https://assets.pokemon.com/assets/cms2/img/pokedex/full/609.png,https://raw.githubusercontent.com/PokeAPI/sprites/master/sprites/pokemon/other/official-artwork/10291.png,https://raw.githubusercontent.com/PokeAPI/sprites/master/sprites/pokemon/other/official-artwork/10291.png,https://raw.githubusercontent.com/PokeAPI/sprites/master/sprites/pokemon/other/official-artwork/10291.png,https://www.pokemon.com/us/pokedex/chandelure,species-page,2026-04-13T11:45:21.940891-07:00,200,official_media_verified_link_generated,,pokemon.com page content is bot-protected; official page URL is attached for manual verification.
axew,Axew,610,https://assets.pokemon.com/assets/cms2/img/pokedex/full/610.png,https://raw.githubusercontent.com/PokeAPI/sprites/master/sprites/pokemon/other/official-artwork/610.png,https://raw.githubusercontent.com/PokeAPI/sprites/master/sprites/pokemon/other/home/610.png,https://raw.githubusercontent.com/PokeAPI/sprites/master/sprites/pokemon/other/official-artwork/610.png,https://www.pokemon.com/us/pokedex/axew,species-page,2026-04-13T11:45:21.940891-07:00,200,official_media_verified_link_generated,,pokemon.com page content is bot-protected; official page URL is attached for manual verification.
fraxure,Fraxure,611,https://assets.pokemon.com/assets/cms2/img/pokedex/full/611.png,https://raw.githubusercontent.com/PokeAPI/sprites/master/sprites/pokemon/other/official-artwork/611.png,https://raw.githubusercontent.com/PokeAPI/sprites/master/sprites/pokemon/other/home/611.png,https://raw.githubusercontent.com/PokeAPI/sprites/master/sprites/pokemon/other/official-artwork/611.png,https://www.pokemon.com/us/pokedex/fraxure,species-page,2026-04-13T11:45:21.940891-07:00,200,official_media_verified_link_generated,,pokemon.com page content is bot-protected; official page URL is attached for manual verification.
haxorus,Haxorus,612,https://assets.pokemon.com/assets/cms2/img/pokedex/full/612.png,https://raw.githubusercontent.com/PokeAPI/sprites/master/sprites/pokemon/other/official-artwork/612.png,https://raw.githubusercontent.com/PokeAPI/sprites/master/sprites/pokemon/other/home/612.png,https://raw.githubusercontent.com/PokeAPI/sprites/master/sprites/pokemon/other/official-artwork/612.png,https://www.pokemon.com/us/pokedex/haxorus,species-page,2026-04-13T11:45:21.940891-07:00,200,official_media_verified_link_generated,,pokemon.com page content is bot-protected; official page URL is attached for manual verification.
cubchoo,Cubchoo,613,https://assets.pokemon.com/assets/cms2/img/pokedex/full/613.png,https://raw.githubusercontent.com/PokeAPI/sprites/master/sprites/pokemon/other/official-artwork/613.png,https://raw.githubusercontent.com/PokeAPI/sprites/master/sprites/pokemon/other/home/613.png,https://raw.githubusercontent.com/PokeAPI/sprites/master/sprites/pokemon/other/official-artwork/613.png,https://www.pokemon.com/us/pokedex/cubchoo,species-page,2026-04-13T11:45:21.940891-07:00,200,official_media_verified_link_generated,,pokemon.com page content is bot-protected; official page URL is attached for manual verification.
beartic,Beartic,614,https://assets.pokemon.com/assets/cms2/img/pokedex/full/614.png,https://raw.githubusercontent.com/PokeAPI/sprites/master/sprites/pokemon/other/official-artwork/614.png,https://raw.githubusercontent.com/PokeAPI/sprites/master/sprites/pokemon/other/home/614.png,https://raw.githubusercontent.com/PokeAPI/sprites/master/sprites/pokemon/other/official-artwork/614.png,https://www.pokemon.com/us/pokedex/beartic,species-page,2026-04-13T11:45:21.940891-07:00,200,official_media_verified_link_generated,,pokemon.com page content is bot-protected; official page URL is attached for manual verification.
cryogonal,Cryogonal,615,https://assets.pokemon.com/assets/cms2/img/pokedex/full/615.png,https://raw.githubusercontent.com/PokeAPI/sprites/master/sprites/pokemon/other/official-artwork/615.png,https://raw.githubusercontent.com/PokeAPI/sprites/master/sprites/pokemon/other/home/615.png,https://raw.githubusercontent.com/PokeAPI/sprites/master/sprites/pokemon/other/official-artwork/615.png,https://www.pokemon.com/us/pokedex/cryogonal,species-page,2026-04-13T11:45:21.940891-07:00,200,official_media_verified_link_generated,,pokemon.com page content is bot-protected; official page URL is attached for manual verification.
shelmet,Shelmet,616,https://assets.pokemon.com/assets/cms2/img/pokedex/full/616.png,https://raw.githubusercontent.com/PokeAPI/sprites/master/sprites/pokemon/other/official-artwork/616.png,https://raw.githubusercontent.com/PokeAPI/sprites/master/sprites/pokemon/other/home/616.png,https://raw.githubusercontent.com/PokeAPI/sprites/master/sprites/pokemon/other/official-artwork/616.png,https://www.pokemon.com/us/pokedex/shelmet,species-page,2026-04-13T11:45:21.940891-07:00,200,official_media_verified_link_generated,,pokemon.com page content is bot-protected; official page URL is attached for manual verification.
accelgor,Accelgor,617,https://assets.pokemon.com/assets/cms2/img/pokedex/full/617.png,https://raw.githubusercontent.com/PokeAPI/sprites/master/sprites/pokemon/other/official-artwork/617.png,https://raw.githubusercontent.com/PokeAPI/sprites/master/sprites/pokemon/other/home/617.png,https://raw.githubusercontent.com/PokeAPI/sprites/master/sprites/pokemon/other/official-artwork/617.png,https://www.pokemon.com/us/pokedex/accelgor,species-page,2026-04-13T11:45:21.940891-07:00,200,official_media_verified_link_generated,,pokemon.com page content is bot-protected; official page URL is attached for manual verification.
stunfisk,Stunfisk,618,https://assets.pokemon.com/assets/cms2/img/pokedex/full/618.png,https://raw.githubusercontent.com/PokeAPI/sprites/master/sprites/pokemon/other/official-artwork/618.png,https://raw.githubusercontent.com/PokeAPI/sprites/master/sprites/pokemon/other/home/618.png,https://raw.githubusercontent.com/PokeAPI/sprites/master/sprites/pokemon/other/official-artwork/618.png,https://www.pokemon.com/us/pokedex/stunfisk,species-page,2026-04-13T11:45:21.940891-07:00,200,official_media_verified_link_generated,,pokemon.com page content is bot-protected; official page URL is attached for manual verification.
stunfisk-galar,Stunfisk Galar,618,https://assets.pokemon.com/assets/cms2/img/pokedex/full/618.png,https://raw.githubusercontent.com/PokeAPI/sprites/master/sprites/pokemon/other/official-artwork/10180.png,https://raw.githubusercontent.com/PokeAPI/sprites/master/sprites/pokemon/other/home/10180.png,https://raw.githubusercontent.com/PokeAPI/sprites/master/sprites/pokemon/other/official-artwork/10180.png,https://www.pokemon.com/us/pokedex/stunfisk,species-page,2026-04-13T11:45:21.940891-07:00,200,official_media_verified_link_generated,,pokemon.com page content is bot-protected; official page URL is attached for manual verification.
mienfoo,Mienfoo,619,https://assets.pokemon.com/assets/cms2/img/pokedex/full/619.png,https://raw.githubusercontent.com/PokeAPI/sprites/master/sprites/pokemon/other/official-artwork/619.png,https://raw.githubusercontent.com/PokeAPI/sprites/master/sprites/pokemon/other/home/619.png,https://raw.githubusercontent.com/PokeAPI/sprites/master/sprites/pokemon/other/official-artwork/619.png,https://www.pokemon.com/us/pokedex/mienfoo,species-page,2026-04-13T11:45:21.940891-07:00,200,official_media_verified_link_generated,,pokemon.com page content is bot-protected; official page URL is attached for manual verification.
mienshao,Mienshao,620,https://assets.pokemon.com/assets/cms2/img/pokedex/full/620.png,https://raw.githubusercontent.com/PokeAPI/sprites/master/sprites/pokemon/other/official-artwork/620.png,https://raw.githubusercontent.com/PokeAPI/sprites/master/sprites/pokemon/other/home/620.png,https://raw.githubusercontent.com/PokeAPI/sprites/master/sprites/pokemon/other/official-artwork/620.png,https://www.pokemon.com/us/pokedex/mienshao,species-page,2026-04-13T11:45:21.940891-07:00,200,official_media_verified_link_generated,,pokemon.com page content is bot-protected; official page URL is attached for manual verification.
druddigon,Druddigon,621,https://assets.pokemon.com/assets/cms2/img/pokedex/full/621.png,https://raw.githubusercontent.com/PokeAPI/sprites/master/sprites/pokemon/other/official-artwork/621.png,https://raw.githubusercontent.com/PokeAPI/sprites/master/sprites/pokemon/other/home/621.png,https://raw.githubusercontent.com/PokeAPI/sprites/master/sprites/pokemon/other/official-artwork/621.png,https://www.pokemon.com/us/pokedex/druddigon,species-page,2026-04-13T11:45:21.940891-07:00,200,official_media_verified_link_generated,,pokemon.com page content is bot-protected; official page URL is attached for manual verification.
golett,Golett,622,https://assets.pokemon.com/assets/cms2/img/pokedex/full/622.png,https://raw.githubusercontent.com/PokeAPI/sprites/master/sprites/pokemon/other/official-artwork/622.png,https://raw.githubusercontent.com/PokeAPI/sprites/master/sprites/pokemon/other/home/622.png,https://raw.githubusercontent.com/PokeAPI/sprites/master/sprites/pokemon/other/official-artwork/622.png,https://www.pokemon.com/us/pokedex/golett,species-page,2026-04-13T11:45:21.940891-07:00,200,official_media_verified_link_generated,,pokemon.com page content is bot-protected; official page URL is attached for manual verification.
golurk,Golurk,623,https://assets.pokemon.com/assets/cms2/img/pokedex/full/623.png,https://raw.githubusercontent.com/PokeAPI/sprites/master/sprites/pokemon/other/official-artwork/623.png,https://raw.githubusercontent.com/PokeAPI/sprites/master/sprites/pokemon/other/home/623.png,https://raw.githubusercontent.com/PokeAPI/sprites/master/sprites/pokemon/other/official-artwork/623.png,https://www.pokemon.com/us/pokedex/golurk,species-page,2026-04-13T11:45:21.940891-07:00,200,official_media_verified_link_generated,,pokemon.com page content is bot-protected; official page URL is attached for manual verification.
golurk-mega,Golurk maleega,623,https://assets.pokemon.com/assets/cms2/img/pokedex/full/623.png,https://raw.githubusercontent.com/PokeAPI/sprites/master/sprites/pokemon/other/official-artwork/10313.png,https://raw.githubusercontent.com/PokeAPI/sprites/master/sprites/pokemon/other/official-artwork/10313.png,https://raw.githubusercontent.com/PokeAPI/sprites/master/sprites/pokemon/other/official-artwork/10313.png,https://www.pokemon.com/us/pokedex/golurk,species-page,2026-04-13T11:45:21.940891-07:00,200,official_media_verified_link_generated,,pokemon.com page content is bot-protected; official page URL is attached for manual verification.
pawniard,Pawniard,624,https://assets.pokemon.com/assets/cms2/img/pokedex/full/624.png,https://raw.githubusercontent.com/PokeAPI/sprites/master/sprites/pokemon/other/official-artwork/624.png,https://raw.githubusercontent.com/PokeAPI/sprites/master/sprites/pokemon/other/home/624.png,https://raw.githubusercontent.com/PokeAPI/sprites/master/sprites/pokemon/other/official-artwork/624.png,https://www.pokemon.com/us/pokedex/pawniard,species-page,2026-04-13T11:45:21.940891-07:00,200,official_media_verified_link_generated,,pokemon.com page content is bot-protected; official page URL is attached for manual verification.
bisharp,Bisharp,625,https://assets.pokemon.com/assets/cms2/img/pokedex/full/625.png,https://raw.githubusercontent.com/PokeAPI/sprites/master/sprites/pokemon/other/official-artwork/625.png,https://raw.githubusercontent.com/PokeAPI/sprites/master/sprites/pokemon/other/home/625.png,https://raw.githubusercontent.com/PokeAPI/sprites/master/sprites/pokemon/other/official-artwork/625.png,https://www.pokemon.com/us/pokedex/bisharp,species-page,2026-04-13T11:45:21.940891-07:00,200,official_media_verified_link_generated,,pokemon.com page content is bot-protected; official page URL is attached for manual verification.
bouffalant,Bouffalant,626,https://assets.pokemon.com/assets/cms2/img/pokedex/full/626.png,https://raw.githubusercontent.com/PokeAPI/sprites/master/sprites/pokemon/other/official-artwork/626.png,https://raw.githubusercontent.com/PokeAPI/sprites/master/sprites/pokemon/other/home/626.png,https://raw.githubusercontent.com/PokeAPI/sprites/master/sprites/pokemon/other/official-artwork/626.png,https://www.pokemon.com/us/pokedex/bouffalant,species-page,2026-04-13T11:45:21.940891-07:00,200,official_media_verified_link_generated,,pokemon.com page content is bot-protected; official page URL is attached for manual verification.
rufflet,Rufflet,627,https://assets.pokemon.com/assets/cms2/img/pokedex/full/627.png,https://raw.githubusercontent.com/PokeAPI/sprites/master/sprites/pokemon/other/official-artwork/627.png,https://raw.githubusercontent.com/PokeAPI/sprites/master/sprites/pokemon/other/home/627.png,https://raw.githubusercontent.com/PokeAPI/sprites/master/sprites/pokemon/other/official-artwork/627.png,https://www.pokemon.com/us/pokedex/rufflet,species-page,2026-04-13T11:45:21.940891-07:00,200,official_media_verified_link_generated,,pokemon.com page content is bot-protected; official page URL is attached for manual verification.
braviary,Braviary,628,https://assets.pokemon.com/assets/cms2/img/pokedex/full/628.png,https://raw.githubusercontent.com/PokeAPI/sprites/master/sprites/pokemon/other/official-artwork/628.png,https://raw.githubusercontent.com/PokeAPI/sprites/master/sprites/pokemon/other/home/628.png,https://raw.githubusercontent.com/PokeAPI/sprites/master/sprites/pokemon/other/official-artwork/628.png,https://www.pokemon.com/us/pokedex/braviary,species-page,2026-04-13T11:45:21.940891-07:00,200,official_media_verified_link_generated,,pokemon.com page content is bot-protected; official page URL is attached for manual verification.
braviary-hisui,Braviary Hisui,628,https://assets.pokemon.com/assets/cms2/img/pokedex/full/628.png,https://raw.githubusercontent.com/PokeAPI/sprites/master/sprites/pokemon/other/official-artwork/10240.png,https://raw.githubusercontent.com/PokeAPI/sprites/master/sprites/pokemon/other/home/10240.png,https://raw.githubusercontent.com/PokeAPI/sprites/master/sprites/pokemon/other/official-artwork/10240.png,https://www.pokemon.com/us/pokedex/braviary,species-page,2026-04-13T11:45:21.940891-07:00,200,official_media_verified_link_generated,,pokemon.com page content is bot-protected; official page URL is attached for manual verification.
vullaby,Vullaby,629,https://assets.pokemon.com/assets/cms2/img/pokedex/full/629.png,https://raw.githubusercontent.com/PokeAPI/sprites/master/sprites/pokemon/other/official-artwork/629.png,https://raw.githubusercontent.com/PokeAPI/sprites/master/sprites/pokemon/other/home/629.png,https://raw.githubusercontent.com/PokeAPI/sprites/master/sprites/pokemon/other/official-artwork/629.png,https://www.pokemon.com/us/pokedex/vullaby,species-page,2026-04-13T11:45:21.940891-07:00,200,official_media_verified_link_generated,,pokemon.com page content is bot-protected; official page URL is attached for manual verification.
mandibuzz,Mandibuzz,630,https://assets.pokemon.com/assets/cms2/img/pokedex/full/630.png,https://raw.githubusercontent.com/PokeAPI/sprites/master/sprites/pokemon/other/official-artwork/630.png,https://raw.githubusercontent.com/PokeAPI/sprites/master/sprites/pokemon/other/home/630.png,https://raw.githubusercontent.com/PokeAPI/sprites/master/sprites/pokemon/other/official-artwork/630.png,https://www.pokemon.com/us/pokedex/mandibuzz,species-page,2026-04-13T11:45:21.940891-07:00,200,official_media_verified_link_generated,,pokemon.com page content is bot-protected; official page URL is attached for manual verification.
heatmor,Heatmor,631,https://assets.pokemon.com/assets/cms2/img/pokedex/full/631.png,https://raw.githubusercontent.com/PokeAPI/sprites/master/sprites/pokemon/other/official-artwork/631.png,https://raw.githubusercontent.com/PokeAPI/sprites/master/sprites/pokemon/other/home/631.png,https://raw.githubusercontent.com/PokeAPI/sprites/master/sprites/pokemon/other/official-artwork/631.png,https://www.pokemon.com/us/pokedex/heatmor,species-page,2026-04-13T11:45:21.940891-07:00,200,official_media_verified_link_generated,,pokemon.com page content is bot-protected; official page URL is attached for manual verification.
durant,Durant,632,https://assets.pokemon.com/assets/cms2/img/pokedex/full/632.png,https://raw.githubusercontent.com/PokeAPI/sprites/master/sprites/pokemon/other/official-artwork/632.png,https://raw.githubusercontent.com/PokeAPI/sprites/master/sprites/pokemon/other/home/632.png,https://raw.githubusercontent.com/PokeAPI/sprites/master/sprites/pokemon/other/official-artwork/632.png,https://www.pokemon.com/us/pokedex/durant,species-page,2026-04-13T11:45:21.940891-07:00,200,official_media_verified_link_generated,,pokemon.com page content is bot-protected; official page URL is attached for manual verification.
deino,Deino,633,https://assets.pokemon.com/assets/cms2/img/pokedex/full/633.png,https://raw.githubusercontent.com/PokeAPI/sprites/master/sprites/pokemon/other/official-artwork/633.png,https://raw.githubusercontent.com/PokeAPI/sprites/master/sprites/pokemon/other/home/633.png,https://raw.githubusercontent.com/PokeAPI/sprites/master/sprites/pokemon/other/official-artwork/633.png,https://www.pokemon.com/us/pokedex/deino,species-page,2026-04-13T11:45:21.940891-07:00,200,official_media_verified_link_generated,,pokemon.com page content is bot-protected; official page URL is attached for manual verification.
zweilous,Zweilous,634,https://assets.pokemon.com/assets/cms2/img/pokedex/full/634.png,https://raw.githubusercontent.com/PokeAPI/sprites/master/sprites/pokemon/other/official-artwork/634.png,https://raw.githubusercontent.com/PokeAPI/sprites/master/sprites/pokemon/other/home/634.png,https://raw.githubusercontent.com/PokeAPI/sprites/master/sprites/pokemon/other/official-artwork/634.png,https://www.pokemon.com/us/pokedex/zweilous,species-page,2026-04-13T11:45:21.940891-07:00,200,official_media_verified_link_generated,,pokemon.com page content is bot-protected; official page URL is attached for manual verification.
hydreigon,Hydreigon,635,https://assets.pokemon.com/assets/cms2/img/pokedex/full/635.png,https://raw.githubusercontent.com/PokeAPI/sprites/master/sprites/pokemon/other/official-artwork/635.png,https://raw.githubusercontent.com/PokeAPI/sprites/master/sprites/pokemon/other/home/635.png,https://raw.githubusercontent.com/PokeAPI/sprites/master/sprites/pokemon/other/official-artwork/635.png,https://www.pokemon.com/us/pokedex/hydreigon,species-page,2026-04-13T11:45:21.940891-07:00,200,official_media_verified_link_generated,,pokemon.com page content is bot-protected; official page URL is attached for manual verification.
larvesta,Larvesta,636,https://assets.pokemon.com/assets/cms2/img/pokedex/full/636.png,https://raw.githubusercontent.com/PokeAPI/sprites/master/sprites/pokemon/other/official-artwork/636.png,https://raw.githubusercontent.com/PokeAPI/sprites/master/sprites/pokemon/other/home/636.png,https://raw.githubusercontent.com/PokeAPI/sprites/master/sprites/pokemon/other/official-artwork/636.png,https://www.pokemon.com/us/pokedex/larvesta,species-page,2026-04-13T11:45:21.940891-07:00,200,official_media_verified_link_generated,,pokemon.com page content is bot-protected; official page URL is attached for manual verification.
volcarona,Volcarona,637,https://assets.pokemon.com/assets/cms2/img/pokedex/full/637.png,https://raw.githubusercontent.com/PokeAPI/sprites/master/sprites/pokemon/other/official-artwork/637.png,https://raw.githubusercontent.com/PokeAPI/sprites/master/sprites/pokemon/other/home/637.png,https://raw.githubusercontent.com/PokeAPI/sprites/master/sprites/pokemon/other/official-artwork/637.png,https://www.pokemon.com/us/pokedex/volcarona,species-page,2026-04-13T11:45:21.940891-07:00,200,official_media_verified_link_generated,,pokemon.com page content is bot-protected; official page URL is attached for manual verification.
cobalion,Cobalion,638,https://assets.pokemon.com/assets/cms2/img/pokedex/full/638.png,https://raw.githubusercontent.com/PokeAPI/sprites/master/sprites/pokemon/other/official-artwork/638.png,https://raw.githubusercontent.com/PokeAPI/sprites/master/sprites/pokemon/other/home/638.png,https://raw.githubusercontent.com/PokeAPI/sprites/master/sprites/pokemon/other/official-artwork/638.png,https://www.pokemon.com/us/pokedex/cobalion,species-page,2026-04-13T11:45:21.940891-07:00,200,official_media_verified_link_generated,,pokemon.com page content is bot-protected; official page URL is attached for manual verification.
terrakion,Terrakion,639,https://assets.pokemon.com/assets/cms2/img/pokedex/full/639.png,https://raw.githubusercontent.com/PokeAPI/sprites/master/sprites/pokemon/other/official-artwork/639.png,https://raw.githubusercontent.com/PokeAPI/sprites/master/sprites/pokemon/other/home/639.png,https://raw.githubusercontent.com/PokeAPI/sprites/master/sprites/pokemon/other/official-artwork/639.png,https://www.pokemon.com/us/pokedex/terrakion,species-page,2026-04-13T11:45:21.940891-07:00,200,official_media_verified_link_generated,,pokemon.com page content is bot-protected; official page URL is attached for manual verification.
virizion,Virizion,640,https://assets.pokemon.com/assets/cms2/img/pokedex/full/640.png,https://raw.githubusercontent.com/PokeAPI/sprites/master/sprites/pokemon/other/official-artwork/640.png,https://raw.githubusercontent.com/PokeAPI/sprites/master/sprites/pokemon/other/home/640.png,https://raw.githubusercontent.com/PokeAPI/sprites/master/sprites/pokemon/other/official-artwork/640.png,https://www.pokemon.com/us/pokedex/virizion,species-page,2026-04-13T11:45:21.940891-07:00,200,official_media_verified_link_generated,,pokemon.com page content is bot-protected; official page URL is attached for manual verification.
tornadus-incarnate,Tornadus Incarnate,641,https://assets.pokemon.com/assets/cms2/img/pokedex/full/641.png,https://raw.githubusercontent.com/PokeAPI/sprites/master/sprites/pokemon/other/official-artwork/641.png,https://raw.githubusercontent.com/PokeAPI/sprites/master/sprites/pokemon/other/home/641.png,https://raw.githubusercontent.com/PokeAPI/sprites/master/sprites/pokemon/other/official-artwork/641.png,https://www.pokemon.com/us/pokedex/tornadus,species-page,2026-04-13T11:45:21.940891-07:00,200,official_media_verified_link_generated,,pokemon.com page content is bot-protected; official page URL is attached for manual verification.
tornadus-therian,Tornadus Therian,641,https://assets.pokemon.com/assets/cms2/img/pokedex/full/641.png,https://raw.githubusercontent.com/PokeAPI/sprites/master/sprites/pokemon/other/official-artwork/10019.png,https://raw.githubusercontent.com/PokeAPI/sprites/master/sprites/pokemon/other/home/10019.png,https://raw.githubusercontent.com/PokeAPI/sprites/master/sprites/pokemon/other/official-artwork/10019.png,https://www.pokemon.com/us/pokedex/tornadus,species-page,2026-04-13T11:45:21.940891-07:00,200,official_media_verified_link_generated,,pokemon.com page content is bot-protected; official page URL is attached for manual verification.
thundurus-incarnate,Thundurus Incarnate,642,https://assets.pokemon.com/assets/cms2/img/pokedex/full/642.png,https://raw.githubusercontent.com/PokeAPI/sprites/master/sprites/pokemon/other/official-artwork/642.png,https://raw.githubusercontent.com/PokeAPI/sprites/master/sprites/pokemon/other/home/642.png,https://raw.githubusercontent.com/PokeAPI/sprites/master/sprites/pokemon/other/official-artwork/642.png,https://www.pokemon.com/us/pokedex/thundurus,species-page,2026-04-13T11:45:21.940891-07:00,200,official_media_verified_link_generated,,pokemon.com page content is bot-protected; official page URL is attached for manual verification.
thundurus-therian,Thundurus Therian,642,https://assets.pokemon.com/assets/cms2/img/pokedex/full/642.png,https://raw.githubusercontent.com/PokeAPI/sprites/master/sprites/pokemon/other/official-artwork/10020.png,https://raw.githubusercontent.com/PokeAPI/sprites/master/sprites/pokemon/other/home/10020.png,https://raw.githubusercontent.com/PokeAPI/sprites/master/sprites/pokemon/other/official-artwork/10020.png,https://www.pokemon.com/us/pokedex/thundurus,species-page,2026-04-13T11:45:21.940891-07:00,200,official_media_verified_link_generated,,pokemon.com page content is bot-protected; official page URL is attached for manual verification.
reshiram,Reshiram,643,https://assets.pokemon.com/assets/cms2/img/pokedex/full/643.png,https://raw.githubusercontent.com/PokeAPI/sprites/master/sprites/pokemon/other/official-artwork/643.png,https://raw.githubusercontent.com/PokeAPI/sprites/master/sprites/pokemon/other/home/643.png,https://raw.githubusercontent.com/PokeAPI/sprites/master/sprites/pokemon/other/official-artwork/643.png,https://www.pokemon.com/us/pokedex/reshiram,species-page,2026-04-13T11:45:21.940891-07:00,200,official_media_verified_link_generated,,pokemon.com page content is bot-protected; official page URL is attached for manual verification.
zekrom,Zekrom,644,https://assets.pokemon.com/assets/cms2/img/pokedex/full/644.png,https://raw.githubusercontent.com/PokeAPI/sprites/master/sprites/pokemon/other/official-artwork/644.png,https://raw.githubusercontent.com/PokeAPI/sprites/master/sprites/pokemon/other/home/644.png,https://raw.githubusercontent.com/PokeAPI/sprites/master/sprites/pokemon/other/official-artwork/644.png,https://www.pokemon.com/us/pokedex/zekrom,species-page,2026-04-13T11:45:21.940891-07:00,200,official_media_verified_link_generated,,pokemon.com page content is bot-protected; official page URL is attached for manual verification.
landorus-incarnate,Landorus Incarnate,645,https://assets.pokemon.com/assets/cms2/img/pokedex/full/645.png,https://raw.githubusercontent.com/PokeAPI/sprites/master/sprites/pokemon/other/official-artwork/645.png,https://raw.githubusercontent.com/PokeAPI/sprites/master/sprites/pokemon/other/home/645.png,https://raw.githubusercontent.com/PokeAPI/sprites/master/sprites/pokemon/other/official-artwork/645.png,https://www.pokemon.com/us/pokedex/landorus,species-page,2026-04-13T11:45:21.940891-07:00,200,official_media_verified_link_generated,,pokemon.com page content is bot-protected; official page URL is attached for manual verification.
landorus-therian,Landorus Therian,645,https://assets.pokemon.com/assets/cms2/img/pokedex/full/645.png,https://raw.githubusercontent.com/PokeAPI/sprites/master/sprites/pokemon/other/official-artwork/10021.png,https://raw.githubusercontent.com/PokeAPI/sprites/master/sprites/pokemon/other/home/10021.png,https://raw.githubusercontent.com/PokeAPI/sprites/master/sprites/pokemon/other/official-artwork/10021.png,https://www.pokemon.com/us/pokedex/landorus,species-page,2026-04-13T11:45:21.940891-07:00,200,official_media_verified_link_generated,,pokemon.com page content is bot-protected; official page URL is attached for manual verification.
kyurem,Kyurem,646,https://assets.pokemon.com/assets/cms2/img/pokedex/full/646.png,https://raw.githubusercontent.com/PokeAPI/sprites/master/sprites/pokemon/other/official-artwork/646.png,https://raw.githubusercontent.com/PokeAPI/sprites/master/sprites/pokemon/other/home/646.png,https://raw.githubusercontent.com/PokeAPI/sprites/master/sprites/pokemon/other/official-artwork/646.png,https://www.pokemon.com/us/pokedex/kyurem,species-page,2026-04-13T11:45:21.940891-07:00,200,official_media_verified_link_generated,,pokemon.com page content is bot-protected; official page URL is attached for manual verification.
kyurem-black,Kyurem Black,646,https://assets.pokemon.com/assets/cms2/img/pokedex/full/646.png,https://raw.githubusercontent.com/PokeAPI/sprites/master/sprites/pokemon/other/official-artwork/10022.png,https://raw.githubusercontent.com/PokeAPI/sprites/master/sprites/pokemon/other/home/10022.png,https://raw.githubusercontent.com/PokeAPI/sprites/master/sprites/pokemon/other/official-artwork/10022.png,https://www.pokemon.com/us/pokedex/kyurem,species-page,2026-04-13T11:45:21.940891-07:00,200,official_media_verified_link_generated,,pokemon.com page content is bot-protected; official page URL is attached for manual verification.
kyurem-white,Kyurem White,646,https://assets.pokemon.com/assets/cms2/img/pokedex/full/646.png,https://raw.githubusercontent.com/PokeAPI/sprites/master/sprites/pokemon/other/official-artwork/10023.png,https://raw.githubusercontent.com/PokeAPI/sprites/master/sprites/pokemon/other/home/10023.png,https://raw.githubusercontent.com/PokeAPI/sprites/master/sprites/pokemon/other/official-artwork/10023.png,https://www.pokemon.com/us/pokedex/kyurem,species-page,2026-04-13T11:45:21.940891-07:00,200,official_media_verified_link_generated,,pokemon.com page content is bot-protected; official page URL is attached for manual verification.
keldeo-ordinary,Keldeo Ordinary,647,https://assets.pokemon.com/assets/cms2/img/pokedex/full/647.png,https://raw.githubusercontent.com/PokeAPI/sprites/master/sprites/pokemon/other/official-artwork/647.png,https://raw.githubusercontent.com/PokeAPI/sprites/master/sprites/pokemon/other/home/647.png,https://raw.githubusercontent.com/PokeAPI/sprites/master/sprites/pokemon/other/official-artwork/647.png,https://www.pokemon.com/us/pokedex/keldeo,species-page,2026-04-13T11:45:21.940891-07:00,200,official_media_verified_link_generated,,pokemon.com page content is bot-protected; official page URL is attached for manual verification.
keldeo-resolute,Keldeo Resolute,647,https://assets.pokemon.com/assets/cms2/img/pokedex/full/647.png,https://raw.githubusercontent.com/PokeAPI/sprites/master/sprites/pokemon/other/official-artwork/10024.png,https://raw.githubusercontent.com/PokeAPI/sprites/master/sprites/pokemon/other/home/10024.png,https://raw.githubusercontent.com/PokeAPI/sprites/master/sprites/pokemon/other/official-artwork/10024.png,https://www.pokemon.com/us/pokedex/keldeo,species-page,2026-04-13T11:45:21.940891-07:00,200,official_media_verified_link_generated,,pokemon.com page content is bot-protected; official page URL is attached for manual verification.
meloetta-aria,Meloetta Aria,648,https://assets.pokemon.com/assets/cms2/img/pokedex/full/648.png,https://raw.githubusercontent.com/PokeAPI/sprites/master/sprites/pokemon/other/official-artwork/648.png,https://raw.githubusercontent.com/PokeAPI/sprites/master/sprites/pokemon/other/home/648.png,https://raw.githubusercontent.com/PokeAPI/sprites/master/sprites/pokemon/other/official-artwork/648.png,https://www.pokemon.com/us/pokedex/meloetta,species-page,2026-04-13T11:45:21.940891-07:00,200,official_media_verified_link_generated,,pokemon.com page content is bot-protected; official page URL is attached for manual verification.
meloetta-pirouette,Meloetta Pirouette,648,https://assets.pokemon.com/assets/cms2/img/pokedex/full/648.png,https://raw.githubusercontent.com/PokeAPI/sprites/master/sprites/pokemon/other/official-artwork/10018.png,https://raw.githubusercontent.com/PokeAPI/sprites/master/sprites/pokemon/other/home/10018.png,https://raw.githubusercontent.com/PokeAPI/sprites/master/sprites/pokemon/other/official-artwork/10018.png,https://www.pokemon.com/us/pokedex/meloetta,species-page,2026-04-13T11:45:21.940891-07:00,200,official_media_verified_link_generated,,pokemon.com page content is bot-protected; official page URL is attached for manual verification.
genesect,Genesect,649,https://assets.pokemon.com/assets/cms2/img/pokedex/full/649.png,https://raw.githubusercontent.com/PokeAPI/sprites/master/sprites/pokemon/other/official-artwork/649.png,https://raw.githubusercontent.com/PokeAPI/sprites/master/sprites/pokemon/other/home/649.png,https://raw.githubusercontent.com/PokeAPI/sprites/master/sprites/pokemon/other/official-artwork/649.png,https://www.pokemon.com/us/pokedex/genesect,species-page,2026-04-13T11:45:21.940891-07:00,200,official_media_verified_link_generated,,pokemon.com page content is bot-protected; official page URL is attached for manual verification.
chespin,Chespin,650,https://assets.pokemon.com/assets/cms2/img/pokedex/full/650.png,https://raw.githubusercontent.com/PokeAPI/sprites/master/sprites/pokemon/other/official-artwork/650.png,https://raw.githubusercontent.com/PokeAPI/sprites/master/sprites/pokemon/other/home/650.png,https://raw.githubusercontent.com/PokeAPI/sprites/master/sprites/pokemon/other/official-artwork/650.png,https://www.pokemon.com/us/pokedex/chespin,species-page,2026-04-13T11:45:21.940891-07:00,200,official_media_verified_link_generated,,pokemon.com page content is bot-protected; official page URL is attached for manual verification.
quilladin,Quilladin,651,https://assets.pokemon.com/assets/cms2/img/pokedex/full/651.png,https://raw.githubusercontent.com/PokeAPI/sprites/master/sprites/pokemon/other/official-artwork/651.png,https://raw.githubusercontent.com/PokeAPI/sprites/master/sprites/pokemon/other/home/651.png,https://raw.githubusercontent.com/PokeAPI/sprites/master/sprites/pokemon/other/official-artwork/651.png,https://www.pokemon.com/us/pokedex/quilladin,species-page,2026-04-13T11:45:21.940891-07:00,200,official_media_verified_link_generated,,pokemon.com page content is bot-protected; official page URL is attached for manual verification.
chesnaught,Chesnaught,652,https://assets.pokemon.com/assets/cms2/img/pokedex/full/652.png,https://raw.githubusercontent.com/PokeAPI/sprites/master/sprites/pokemon/other/official-artwork/652.png,https://raw.githubusercontent.com/PokeAPI/sprites/master/sprites/pokemon/other/home/652.png,https://raw.githubusercontent.com/PokeAPI/sprites/master/sprites/pokemon/other/official-artwork/652.png,https://www.pokemon.com/us/pokedex/chesnaught,species-page,2026-04-13T11:45:21.940891-07:00,200,official_media_verified_link_generated,,pokemon.com page content is bot-protected; official page URL is attached for manual verification.
chesnaught-mega,Chesnaught maleega,652,https://assets.pokemon.com/assets/cms2/img/pokedex/full/652.png,https://raw.githubusercontent.com/PokeAPI/sprites/master/sprites/pokemon/other/official-artwork/10292.png,https://raw.githubusercontent.com/PokeAPI/sprites/master/sprites/pokemon/other/official-artwork/10292.png,https://raw.githubusercontent.com/PokeAPI/sprites/master/sprites/pokemon/other/official-artwork/10292.png,https://www.pokemon.com/us/pokedex/chesnaught,species-page,2026-04-13T11:45:21.940891-07:00,200,official_media_verified_link_generated,,pokemon.com page content is bot-protected; official page URL is attached for manual verification.
fennekin,Fennekin,653,https://assets.pokemon.com/assets/cms2/img/pokedex/full/653.png,https://raw.githubusercontent.com/PokeAPI/sprites/master/sprites/pokemon/other/official-artwork/653.png,https://raw.githubusercontent.com/PokeAPI/sprites/master/sprites/pokemon/other/home/653.png,https://raw.githubusercontent.com/PokeAPI/sprites/master/sprites/pokemon/other/official-artwork/653.png,https://www.pokemon.com/us/pokedex/fennekin,species-page,2026-04-13T11:45:21.940891-07:00,200,official_media_verified_link_generated,,pokemon.com page content is bot-protected; official page URL is attached for manual verification.
braixen,Braixen,654,https://assets.pokemon.com/assets/cms2/img/pokedex/full/654.png,https://raw.githubusercontent.com/PokeAPI/sprites/master/sprites/pokemon/other/official-artwork/654.png,https://raw.githubusercontent.com/PokeAPI/sprites/master/sprites/pokemon/other/home/654.png,https://raw.githubusercontent.com/PokeAPI/sprites/master/sprites/pokemon/other/official-artwork/654.png,https://www.pokemon.com/us/pokedex/braixen,species-page,2026-04-13T11:45:21.940891-07:00,200,official_media_verified_link_generated,,pokemon.com page content is bot-protected; official page URL is attached for manual verification.
delphox,Delphox,655,https://assets.pokemon.com/assets/cms2/img/pokedex/full/655.png,https://raw.githubusercontent.com/PokeAPI/sprites/master/sprites/pokemon/other/official-artwork/655.png,https://raw.githubusercontent.com/PokeAPI/sprites/master/sprites/pokemon/other/home/655.png,https://raw.githubusercontent.com/PokeAPI/sprites/master/sprites/pokemon/other/official-artwork/655.png,https://www.pokemon.com/us/pokedex/delphox,species-page,2026-04-13T11:45:21.940891-07:00,200,official_media_verified_link_generated,,pokemon.com page content is bot-protected; official page URL is attached for manual verification.
delphox-mega,Delphox maleega,655,https://assets.pokemon.com/assets/cms2/img/pokedex/full/655.png,https://raw.githubusercontent.com/PokeAPI/sprites/master/sprites/pokemon/other/official-artwork/10293.png,https://raw.githubusercontent.com/PokeAPI/sprites/master/sprites/pokemon/other/official-artwork/10293.png,https://raw.githubusercontent.com/PokeAPI/sprites/master/sprites/pokemon/other/official-artwork/10293.png,https://www.pokemon.com/us/pokedex/delphox,species-page,2026-04-13T11:45:21.940891-07:00,200,official_media_verified_link_generated,,pokemon.com page content is bot-protected; official page URL is attached for manual verification.
froakie,Froakie,656,https://assets.pokemon.com/assets/cms2/img/pokedex/full/656.png,https://raw.githubusercontent.com/PokeAPI/sprites/master/sprites/pokemon/other/official-artwork/656.png,https://raw.githubusercontent.com/PokeAPI/sprites/master/sprites/pokemon/other/home/656.png,https://raw.githubusercontent.com/PokeAPI/sprites/master/sprites/pokemon/other/official-artwork/656.png,https://www.pokemon.com/us/pokedex/froakie,species-page,2026-04-13T11:45:21.940891-07:00,200,official_media_verified_link_generated,,pokemon.com page content is bot-protected; official page URL is attached for manual verification.
frogadier,Frogadier,657,https://assets.pokemon.com/assets/cms2/img/pokedex/full/657.png,https://raw.githubusercontent.com/PokeAPI/sprites/master/sprites/pokemon/other/official-artwork/657.png,https://raw.githubusercontent.com/PokeAPI/sprites/master/sprites/pokemon/other/home/657.png,https://raw.githubusercontent.com/PokeAPI/sprites/master/sprites/pokemon/other/official-artwork/657.png,https://www.pokemon.com/us/pokedex/frogadier,species-page,2026-04-13T11:45:21.940891-07:00,200,official_media_verified_link_generated,,pokemon.com page content is bot-protected; official page URL is attached for manual verification.
greninja,Greninja,658,https://assets.pokemon.com/assets/cms2/img/pokedex/full/658.png,https://raw.githubusercontent.com/PokeAPI/sprites/master/sprites/pokemon/other/official-artwork/658.png,https://raw.githubusercontent.com/PokeAPI/sprites/master/sprites/pokemon/other/home/658.png,https://raw.githubusercontent.com/PokeAPI/sprites/master/sprites/pokemon/other/official-artwork/658.png,https://www.pokemon.com/us/pokedex/greninja,species-page,2026-04-13T11:45:21.940891-07:00,200,official_media_verified_link_generated,,pokemon.com page content is bot-protected; official page URL is attached for manual verification.
greninja-ash,Greninja Ash,658,https://assets.pokemon.com/assets/cms2/img/pokedex/full/658.png,https://raw.githubusercontent.com/PokeAPI/sprites/master/sprites/pokemon/other/official-artwork/10117.png,https://raw.githubusercontent.com/PokeAPI/sprites/master/sprites/pokemon/other/home/10117.png,https://raw.githubusercontent.com/PokeAPI/sprites/master/sprites/pokemon/other/official-artwork/10117.png,https://www.pokemon.com/us/pokedex/greninja,species-page,2026-04-13T11:45:21.940891-07:00,200,official_media_verified_link_generated,,pokemon.com page content is bot-protected; official page URL is attached for manual verification.
greninja-battle-bond,Greninja Battle Bond,658,https://assets.pokemon.com/assets/cms2/img/pokedex/full/658.png,https://raw.githubusercontent.com/PokeAPI/sprites/master/sprites/pokemon/other/official-artwork/10116.png,https://raw.githubusercontent.com/PokeAPI/sprites/master/sprites/pokemon/other/home/10116.png,https://raw.githubusercontent.com/PokeAPI/sprites/master/sprites/pokemon/other/official-artwork/10116.png,https://www.pokemon.com/us/pokedex/greninja,species-page,2026-04-13T11:45:21.940891-07:00,200,official_media_verified_link_generated,,pokemon.com page content is bot-protected; official page URL is attached for manual verification.
greninja-mega,Greninja maleega,658,https://assets.pokemon.com/assets/cms2/img/pokedex/full/658.png,https://raw.githubusercontent.com/PokeAPI/sprites/master/sprites/pokemon/other/official-artwork/10294.png,https://raw.githubusercontent.com/PokeAPI/sprites/master/sprites/pokemon/other/official-artwork/10294.png,https://raw.githubusercontent.com/PokeAPI/sprites/master/sprites/pokemon/other/official-artwork/10294.png,https://www.pokemon.com/us/pokedex/greninja,species-page,2026-04-13T11:45:21.940891-07:00,200,official_media_verified_link_generated,,pokemon.com page content is bot-protected; official page URL is attached for manual verification.
bunnelby,Bunnelby,659,https://assets.pokemon.com/assets/cms2/img/pokedex/full/659.png,https://raw.githubusercontent.com/PokeAPI/sprites/master/sprites/pokemon/other/official-artwork/659.png,https://raw.githubusercontent.com/PokeAPI/sprites/master/sprites/pokemon/other/home/659.png,https://raw.githubusercontent.com/PokeAPI/sprites/master/sprites/pokemon/other/official-artwork/659.png,https://www.pokemon.com/us/pokedex/bunnelby,species-page,2026-04-13T11:45:21.940891-07:00,200,official_media_verified_link_generated,,pokemon.com page content is bot-protected; official page URL is attached for manual verification.
diggersby,Diggersby,660,https://assets.pokemon.com/assets/cms2/img/pokedex/full/660.png,https://raw.githubusercontent.com/PokeAPI/sprites/master/sprites/pokemon/other/official-artwork/660.png,https://raw.githubusercontent.com/PokeAPI/sprites/master/sprites/pokemon/other/home/660.png,https://raw.githubusercontent.com/PokeAPI/sprites/master/sprites/pokemon/other/official-artwork/660.png,https://www.pokemon.com/us/pokedex/diggersby,species-page,2026-04-13T11:45:21.940891-07:00,200,official_media_verified_link_generated,,pokemon.com page content is bot-protected; official page URL is attached for manual verification.
fletchling,Fletchling,661,https://assets.pokemon.com/assets/cms2/img/pokedex/full/661.png,https://raw.githubusercontent.com/PokeAPI/sprites/master/sprites/pokemon/other/official-artwork/661.png,https://raw.githubusercontent.com/PokeAPI/sprites/master/sprites/pokemon/other/home/661.png,https://raw.githubusercontent.com/PokeAPI/sprites/master/sprites/pokemon/other/official-artwork/661.png,https://www.pokemon.com/us/pokedex/fletchling,species-page,2026-04-13T11:45:21.940891-07:00,200,official_media_verified_link_generated,,pokemon.com page content is bot-protected; official page URL is attached for manual verification.
fletchinder,Fletchinder,662,https://assets.pokemon.com/assets/cms2/img/pokedex/full/662.png,https://raw.githubusercontent.com/PokeAPI/sprites/master/sprites/pokemon/other/official-artwork/662.png,https://raw.githubusercontent.com/PokeAPI/sprites/master/sprites/pokemon/other/home/662.png,https://raw.githubusercontent.com/PokeAPI/sprites/master/sprites/pokemon/other/official-artwork/662.png,https://www.pokemon.com/us/pokedex/fletchinder,species-page,2026-04-13T11:45:21.940891-07:00,200,official_media_verified_link_generated,,pokemon.com page content is bot-protected; official page URL is attached for manual verification.
talonflame,Talonflame,663,https://assets.pokemon.com/assets/cms2/img/pokedex/full/663.png,https://raw.githubusercontent.com/PokeAPI/sprites/master/sprites/pokemon/other/official-artwork/663.png,https://raw.githubusercontent.com/PokeAPI/sprites/master/sprites/pokemon/other/home/663.png,https://raw.githubusercontent.com/PokeAPI/sprites/master/sprites/pokemon/other/official-artwork/663.png,https://www.pokemon.com/us/pokedex/talonflame,species-page,2026-04-13T11:45:21.940891-07:00,200,official_media_verified_link_generated,,pokemon.com page content is bot-protected; official page URL is attached for manual verification.
scatterbug,Scatterbug,664,https://assets.pokemon.com/assets/cms2/img/pokedex/full/664.png,https://raw.githubusercontent.com/PokeAPI/sprites/master/sprites/pokemon/other/official-artwork/664.png,https://raw.githubusercontent.com/PokeAPI/sprites/master/sprites/pokemon/other/home/664.png,https://raw.githubusercontent.com/PokeAPI/sprites/master/sprites/pokemon/other/official-artwork/664.png,https://www.pokemon.com/us/pokedex/scatterbug,species-page,2026-04-13T11:45:21.940891-07:00,200,official_media_verified_link_generated,,pokemon.com page content is bot-protected; official page URL is attached for manual verification.
spewpa,Spewpa,665,https://assets.pokemon.com/assets/cms2/img/pokedex/full/665.png,https://raw.githubusercontent.com/PokeAPI/sprites/master/sprites/pokemon/other/official-artwork/665.png,https://raw.githubusercontent.com/PokeAPI/sprites/master/sprites/pokemon/other/home/665.png,https://raw.githubusercontent.com/PokeAPI/sprites/master/sprites/pokemon/other/official-artwork/665.png,https://www.pokemon.com/us/pokedex/spewpa,species-page,2026-04-13T11:45:21.940891-07:00,200,official_media_verified_link_generated,,pokemon.com page content is bot-protected; official page URL is attached for manual verification.
vivillon,Vivillon,666,https://assets.pokemon.com/assets/cms2/img/pokedex/full/666.png,https://raw.githubusercontent.com/PokeAPI/sprites/master/sprites/pokemon/other/official-artwork/666.png,https://raw.githubusercontent.com/PokeAPI/sprites/master/sprites/pokemon/other/home/666.png,https://raw.githubusercontent.com/PokeAPI/sprites/master/sprites/pokemon/other/official-artwork/666.png,https://www.pokemon.com/us/pokedex/vivillon,species-page,2026-04-13T11:45:21.940891-07:00,200,official_media_verified_link_generated,,pokemon.com page content is bot-protected; official page URL is attached for manual verification.
litleo,Litleo,667,https://assets.pokemon.com/assets/cms2/img/pokedex/full/667.png,https://raw.githubusercontent.com/PokeAPI/sprites/master/sprites/pokemon/other/official-artwork/667.png,https://raw.githubusercontent.com/PokeAPI/sprites/master/sprites/pokemon/other/home/667.png,https://raw.githubusercontent.com/PokeAPI/sprites/master/sprites/pokemon/other/official-artwork/667.png,https://www.pokemon.com/us/pokedex/litleo,species-page,2026-04-13T11:45:21.940891-07:00,200,official_media_verified_link_generated,,pokemon.com page content is bot-protected; official page URL is attached for manual verification.
pyroar-male,Pyroar maleale,668,https://assets.pokemon.com/assets/cms2/img/pokedex/full/668.png,https://raw.githubusercontent.com/PokeAPI/sprites/master/sprites/pokemon/other/official-artwork/668.png,https://raw.githubusercontent.com/PokeAPI/sprites/master/sprites/pokemon/other/home/668.png,https://raw.githubusercontent.com/PokeAPI/sprites/master/sprites/pokemon/other/official-artwork/668.png,https://www.pokemon.com/us/pokedex/pyroar,species-page,2026-04-13T11:45:21.940891-07:00,200,official_media_verified_link_generated,,pokemon.com page content is bot-protected; official page URL is attached for manual verification.
pyroar-mega,Pyroar maleega,668,https://assets.pokemon.com/assets/cms2/img/pokedex/full/668.png,https://raw.githubusercontent.com/PokeAPI/sprites/master/sprites/pokemon/other/official-artwork/10295.png,https://raw.githubusercontent.com/PokeAPI/sprites/master/sprites/pokemon/other/official-artwork/10295.png,https://raw.githubusercontent.com/PokeAPI/sprites/master/sprites/pokemon/other/official-artwork/10295.png,https://www.pokemon.com/us/pokedex/pyroar,species-page,2026-04-13T11:45:21.940891-07:00,200,official_media_verified_link_generated,,pokemon.com page content is bot-protected; official page URL is attached for manual verification.
flabebe,Flabebe,669,https://assets.pokemon.com/assets/cms2/img/pokedex/full/669.png,https://raw.githubusercontent.com/PokeAPI/sprites/master/sprites/pokemon/other/official-artwork/669.png,https://raw.githubusercontent.com/PokeAPI/sprites/master/sprites/pokemon/other/home/669.png,https://raw.githubusercontent.com/PokeAPI/sprites/master/sprites/pokemon/other/official-artwork/669.png,https://www.pokemon.com/us/pokedex/flabebe,species-page,2026-04-13T11:45:21.940891-07:00,200,official_media_verified_link_generated,,pokemon.com page content is bot-protected; official page URL is attached for manual verification.
floette,Floette,670,https://assets.pokemon.com/assets/cms2/img/pokedex/full/670.png,https://raw.githubusercontent.com/PokeAPI/sprites/master/sprites/pokemon/other/official-artwork/670.png,https://raw.githubusercontent.com/PokeAPI/sprites/master/sprites/pokemon/other/home/670.png,https://raw.githubusercontent.com/PokeAPI/sprites/master/sprites/pokemon/other/official-artwork/670.png,https://www.pokemon.com/us/pokedex/floette,species-page,2026-04-13T11:45:21.940891-07:00,200,official_media_verified_link_generated,,pokemon.com page content is bot-protected; official page URL is attached for manual verification.
floette-eternal,Floette Eternal,670,https://assets.pokemon.com/assets/cms2/img/pokedex/full/670.png,https://raw.githubusercontent.com/PokeAPI/sprites/master/sprites/pokemon/other/official-artwork/10061.png,https://raw.githubusercontent.com/PokeAPI/sprites/master/sprites/pokemon/10061.png,https://raw.githubusercontent.com/PokeAPI/sprites/master/sprites/pokemon/other/official-artwork/10061.png,https://www.pokemon.com/us/pokedex/floette,species-page,2026-04-13T11:45:21.940891-07:00,200,official_media_verified_link_generated,,pokemon.com page content is bot-protected; official page URL is attached for manual verification.
floette-mega,Floette maleega,670,https://assets.pokemon.com/assets/cms2/img/pokedex/full/670.png,https://raw.githubusercontent.com/PokeAPI/sprites/master/sprites/pokemon/other/official-artwork/10296.png,https://raw.githubusercontent.com/PokeAPI/sprites/master/sprites/pokemon/other/official-artwork/10296.png,https://raw.githubusercontent.com/PokeAPI/sprites/master/sprites/pokemon/other/official-artwork/10296.png,https://www.pokemon.com/us/pokedex/floette,species-page,2026-04-13T11:45:21.940891-07:00,200,official_media_verified_link_generated,,pokemon.com page content is bot-protected; official page URL is attached for manual verification.
florges,Florges,671,https://assets.pokemon.com/assets/cms2/img/pokedex/full/671.png,https://raw.githubusercontent.com/PokeAPI/sprites/master/sprites/pokemon/other/official-artwork/671.png,https://raw.githubusercontent.com/PokeAPI/sprites/master/sprites/pokemon/other/home/671.png,https://raw.githubusercontent.com/PokeAPI/sprites/master/sprites/pokemon/other/official-artwork/671.png,https://www.pokemon.com/us/pokedex/florges,species-page,2026-04-13T11:45:21.940891-07:00,200,official_media_verified_link_generated,,pokemon.com page content is bot-protected; official page URL is attached for manual verification.
skiddo,Skiddo,672,https://assets.pokemon.com/assets/cms2/img/pokedex/full/672.png,https://raw.githubusercontent.com/PokeAPI/sprites/master/sprites/pokemon/other/official-artwork/672.png,https://raw.githubusercontent.com/PokeAPI/sprites/master/sprites/pokemon/other/home/672.png,https://raw.githubusercontent.com/PokeAPI/sprites/master/sprites/pokemon/other/official-artwork/672.png,https://www.pokemon.com/us/pokedex/skiddo,species-page,2026-04-13T11:45:21.940891-07:00,200,official_media_verified_link_generated,,pokemon.com page content is bot-protected; official page URL is attached for manual verification.
gogoat,Gogoat,673,https://assets.pokemon.com/assets/cms2/img/pokedex/full/673.png,https://raw.githubusercontent.com/PokeAPI/sprites/master/sprites/pokemon/other/official-artwork/673.png,https://raw.githubusercontent.com/PokeAPI/sprites/master/sprites/pokemon/other/home/673.png,https://raw.githubusercontent.com/PokeAPI/sprites/master/sprites/pokemon/other/official-artwork/673.png,https://www.pokemon.com/us/pokedex/gogoat,species-page,2026-04-13T11:45:21.940891-07:00,200,official_media_verified_link_generated,,pokemon.com page content is bot-protected; official page URL is attached for manual verification.
pancham,Pancham,674,https://assets.pokemon.com/assets/cms2/img/pokedex/full/674.png,https://raw.githubusercontent.com/PokeAPI/sprites/master/sprites/pokemon/other/official-artwork/674.png,https://raw.githubusercontent.com/PokeAPI/sprites/master/sprites/pokemon/other/home/674.png,https://raw.githubusercontent.com/PokeAPI/sprites/master/sprites/pokemon/other/official-artwork/674.png,https://www.pokemon.com/us/pokedex/pancham,species-page,2026-04-13T11:45:21.940891-07:00,200,official_media_verified_link_generated,,pokemon.com page content is bot-protected; official page URL is attached for manual verification.
pangoro,Pangoro,675,https://assets.pokemon.com/assets/cms2/img/pokedex/full/675.png,https://raw.githubusercontent.com/PokeAPI/sprites/master/sprites/pokemon/other/official-artwork/675.png,https://raw.githubusercontent.com/PokeAPI/sprites/master/sprites/pokemon/other/home/675.png,https://raw.githubusercontent.com/PokeAPI/sprites/master/sprites/pokemon/other/official-artwork/675.png,https://www.pokemon.com/us/pokedex/pangoro,species-page,2026-04-13T11:45:21.940891-07:00,200,official_media_verified_link_generated,,pokemon.com page content is bot-protected; official page URL is attached for manual verification.
furfrou,Furfrou,676,https://assets.pokemon.com/assets/cms2/img/pokedex/full/676.png,https://raw.githubusercontent.com/PokeAPI/sprites/master/sprites/pokemon/other/official-artwork/676.png,https://raw.githubusercontent.com/PokeAPI/sprites/master/sprites/pokemon/other/home/676.png,https://raw.githubusercontent.com/PokeAPI/sprites/master/sprites/pokemon/other/official-artwork/676.png,https://www.pokemon.com/us/pokedex/furfrou,species-page,2026-04-13T11:45:21.940891-07:00,200,official_media_verified_link_generated,,pokemon.com page content is bot-protected; official page URL is attached for manual verification.
espurr,Espurr,677,https://assets.pokemon.com/assets/cms2/img/pokedex/full/677.png,https://raw.githubusercontent.com/PokeAPI/sprites/master/sprites/pokemon/other/official-artwork/677.png,https://raw.githubusercontent.com/PokeAPI/sprites/master/sprites/pokemon/other/home/677.png,https://raw.githubusercontent.com/PokeAPI/sprites/master/sprites/pokemon/other/official-artwork/677.png,https://www.pokemon.com/us/pokedex/espurr,species-page,2026-04-13T11:45:21.940891-07:00,200,official_media_verified_link_generated,,pokemon.com page content is bot-protected; official page URL is attached for manual verification.
meowstic-female,Meowstic femaleemale,678,https://assets.pokemon.com/assets/cms2/img/pokedex/full/678.png,https://raw.githubusercontent.com/PokeAPI/sprites/master/sprites/pokemon/other/official-artwork/10025.png,https://raw.githubusercontent.com/PokeAPI/sprites/master/sprites/pokemon/other/home/10025.png,https://raw.githubusercontent.com/PokeAPI/sprites/master/sprites/pokemon/other/official-artwork/10025.png,https://www.pokemon.com/us/pokedex/meowstic,species-page,2026-04-13T11:45:21.940891-07:00,200,official_media_verified_link_generated,,pokemon.com page content is bot-protected; official page URL is attached for manual verification.
meowstic-male,Meowstic maleale,678,https://assets.pokemon.com/assets/cms2/img/pokedex/full/678.png,https://raw.githubusercontent.com/PokeAPI/sprites/master/sprites/pokemon/other/official-artwork/678.png,https://raw.githubusercontent.com/PokeAPI/sprites/master/sprites/pokemon/other/home/678.png,https://raw.githubusercontent.com/PokeAPI/sprites/master/sprites/pokemon/other/official-artwork/678.png,https://www.pokemon.com/us/pokedex/meowstic,species-page,2026-04-13T11:45:21.940891-07:00,200,official_media_verified_link_generated,,pokemon.com page content is bot-protected; official page URL is attached for manual verification.
meowstic-mega,Meowstic maleega,678,https://assets.pokemon.com/assets/cms2/img/pokedex/full/678.png,https://raw.githubusercontent.com/PokeAPI/sprites/master/sprites/pokemon/other/official-artwork/10314.png,https://raw.githubusercontent.com/PokeAPI/sprites/master/sprites/pokemon/other/official-artwork/10314.png,https://raw.githubusercontent.com/PokeAPI/sprites/master/sprites/pokemon/other/official-artwork/10314.png,https://www.pokemon.com/us/pokedex/meowstic,species-page,2026-04-13T11:45:21.940891-07:00,200,official_media_verified_link_generated,,pokemon.com page content is bot-protected; official page URL is attached for manual verification.
honedge,Honedge,679,https://assets.pokemon.com/assets/cms2/img/pokedex/full/679.png,https://raw.githubusercontent.com/PokeAPI/sprites/master/sprites/pokemon/other/official-artwork/679.png,https://raw.githubusercontent.com/PokeAPI/sprites/master/sprites/pokemon/other/home/679.png,https://raw.githubusercontent.com/PokeAPI/sprites/master/sprites/pokemon/other/official-artwork/679.png,https://www.pokemon.com/us/pokedex/honedge,species-page,2026-04-13T11:45:21.940891-07:00,200,official_media_verified_link_generated,,pokemon.com page content is bot-protected; official page URL is attached for manual verification.
doublade,Doublade,680,https://assets.pokemon.com/assets/cms2/img/pokedex/full/680.png,https://raw.githubusercontent.com/PokeAPI/sprites/master/sprites/pokemon/other/official-artwork/680.png,https://raw.githubusercontent.com/PokeAPI/sprites/master/sprites/pokemon/other/home/680.png,https://raw.githubusercontent.com/PokeAPI/sprites/master/sprites/pokemon/other/official-artwork/680.png,https://www.pokemon.com/us/pokedex/doublade,species-page,2026-04-13T11:45:21.940891-07:00,200,official_media_verified_link_generated,,pokemon.com page content is bot-protected; official page URL is attached for manual verification.
aegislash-blade,Aegislash Blade,681,https://assets.pokemon.com/assets/cms2/img/pokedex/full/681.png,https://raw.githubusercontent.com/PokeAPI/sprites/master/sprites/pokemon/other/official-artwork/10026.png,https://raw.githubusercontent.com/PokeAPI/sprites/master/sprites/pokemon/other/home/10026.png,https://raw.githubusercontent.com/PokeAPI/sprites/master/sprites/pokemon/other/official-artwork/10026.png,https://www.pokemon.com/us/pokedex/aegislash,species-page,2026-04-13T11:45:21.940891-07:00,200,official_media_verified_link_generated,,pokemon.com page content is bot-protected; official page URL is attached for manual verification.
aegislash-shield,Aegislash Shield,681,https://assets.pokemon.com/assets/cms2/img/pokedex/full/681.png,https://raw.githubusercontent.com/PokeAPI/sprites/master/sprites/pokemon/other/official-artwork/681.png,https://raw.githubusercontent.com/PokeAPI/sprites/master/sprites/pokemon/other/home/681.png,https://raw.githubusercontent.com/PokeAPI/sprites/master/sprites/pokemon/other/official-artwork/681.png,https://www.pokemon.com/us/pokedex/aegislash,species-page,2026-04-13T11:45:21.940891-07:00,200,official_media_verified_link_generated,,pokemon.com page content is bot-protected; official page URL is attached for manual verification.
spritzee,Spritzee,682,https://assets.pokemon.com/assets/cms2/img/pokedex/full/682.png,https://raw.githubusercontent.com/PokeAPI/sprites/master/sprites/pokemon/other/official-artwork/682.png,https://raw.githubusercontent.com/PokeAPI/sprites/master/sprites/pokemon/other/home/682.png,https://raw.githubusercontent.com/PokeAPI/sprites/master/sprites/pokemon/other/official-artwork/682.png,https://www.pokemon.com/us/pokedex/spritzee,species-page,2026-04-13T11:45:21.940891-07:00,200,official_media_verified_link_generated,,pokemon.com page content is bot-protected; official page URL is attached for manual verification.
aromatisse,Aromatisse,683,https://assets.pokemon.com/assets/cms2/img/pokedex/full/683.png,https://raw.githubusercontent.com/PokeAPI/sprites/master/sprites/pokemon/other/official-artwork/683.png,https://raw.githubusercontent.com/PokeAPI/sprites/master/sprites/pokemon/other/home/683.png,https://raw.githubusercontent.com/PokeAPI/sprites/master/sprites/pokemon/other/official-artwork/683.png,https://www.pokemon.com/us/pokedex/aromatisse,species-page,2026-04-13T11:45:21.940891-07:00,200,official_media_verified_link_generated,,pokemon.com page content is bot-protected; official page URL is attached for manual verification.
swirlix,Swirlix,684,https://assets.pokemon.com/assets/cms2/img/pokedex/full/684.png,https://raw.githubusercontent.com/PokeAPI/sprites/master/sprites/pokemon/other/official-artwork/684.png,https://raw.githubusercontent.com/PokeAPI/sprites/master/sprites/pokemon/other/home/684.png,https://raw.githubusercontent.com/PokeAPI/sprites/master/sprites/pokemon/other/official-artwork/684.png,https://www.pokemon.com/us/pokedex/swirlix,species-page,2026-04-13T11:45:21.940891-07:00,200,official_media_verified_link_generated,,pokemon.com page content is bot-protected; official page URL is attached for manual verification.
slurpuff,Slurpuff,685,https://assets.pokemon.com/assets/cms2/img/pokedex/full/685.png,https://raw.githubusercontent.com/PokeAPI/sprites/master/sprites/pokemon/other/official-artwork/685.png,https://raw.githubusercontent.com/PokeAPI/sprites/master/sprites/pokemon/other/home/685.png,https://raw.githubusercontent.com/PokeAPI/sprites/master/sprites/pokemon/other/official-artwork/685.png,https://www.pokemon.com/us/pokedex/slurpuff,species-page,2026-04-13T11:45:21.940891-07:00,200,official_media_verified_link_generated,,pokemon.com page content is bot-protected; official page URL is attached for manual verification.
inkay,Inkay,686,https://assets.pokemon.com/assets/cms2/img/pokedex/full/686.png,https://raw.githubusercontent.com/PokeAPI/sprites/master/sprites/pokemon/other/official-artwork/686.png,https://raw.githubusercontent.com/PokeAPI/sprites/master/sprites/pokemon/other/home/686.png,https://raw.githubusercontent.com/PokeAPI/sprites/master/sprites/pokemon/other/official-artwork/686.png,https://www.pokemon.com/us/pokedex/inkay,species-page,2026-04-13T11:45:21.940891-07:00,200,official_media_verified_link_generated,,pokemon.com page content is bot-protected; official page URL is attached for manual verification.
malamar,Malamar,687,https://assets.pokemon.com/assets/cms2/img/pokedex/full/687.png,https://raw.githubusercontent.com/PokeAPI/sprites/master/sprites/pokemon/other/official-artwork/687.png,https://raw.githubusercontent.com/PokeAPI/sprites/master/sprites/pokemon/other/home/687.png,https://raw.githubusercontent.com/PokeAPI/sprites/master/sprites/pokemon/other/official-artwork/687.png,https://www.pokemon.com/us/pokedex/malamar,species-page,2026-04-13T11:45:21.940891-07:00,200,official_media_verified_link_generated,,pokemon.com page content is bot-protected; official page URL is attached for manual verification.
malamar-mega,Malamar maleega,687,https://assets.pokemon.com/assets/cms2/img/pokedex/full/687.png,https://raw.githubusercontent.com/PokeAPI/sprites/master/sprites/pokemon/other/official-artwork/10297.png,https://raw.githubusercontent.com/PokeAPI/sprites/master/sprites/pokemon/other/official-artwork/10297.png,https://raw.githubusercontent.com/PokeAPI/sprites/master/sprites/pokemon/other/official-artwork/10297.png,https://www.pokemon.com/us/pokedex/malamar,species-page,2026-04-13T11:45:21.940891-07:00,200,official_media_verified_link_generated,,pokemon.com page content is bot-protected; official page URL is attached for manual verification.
binacle,Binacle,688,https://assets.pokemon.com/assets/cms2/img/pokedex/full/688.png,https://raw.githubusercontent.com/PokeAPI/sprites/master/sprites/pokemon/other/official-artwork/688.png,https://raw.githubusercontent.com/PokeAPI/sprites/master/sprites/pokemon/other/home/688.png,https://raw.githubusercontent.com/PokeAPI/sprites/master/sprites/pokemon/other/official-artwork/688.png,https://www.pokemon.com/us/pokedex/binacle,species-page,2026-04-13T11:45:21.940891-07:00,200,official_media_verified_link_generated,,pokemon.com page content is bot-protected; official page URL is attached for manual verification.
barbaracle,Barbaracle,689,https://assets.pokemon.com/assets/cms2/img/pokedex/full/689.png,https://raw.githubusercontent.com/PokeAPI/sprites/master/sprites/pokemon/other/official-artwork/689.png,https://raw.githubusercontent.com/PokeAPI/sprites/master/sprites/pokemon/other/home/689.png,https://raw.githubusercontent.com/PokeAPI/sprites/master/sprites/pokemon/other/official-artwork/689.png,https://www.pokemon.com/us/pokedex/barbaracle,species-page,2026-04-13T11:45:21.940891-07:00,200,official_media_verified_link_generated,,pokemon.com page content is bot-protected; official page URL is attached for manual verification.
barbaracle-mega,Barbaracle maleega,689,https://assets.pokemon.com/assets/cms2/img/pokedex/full/689.png,https://raw.githubusercontent.com/PokeAPI/sprites/master/sprites/pokemon/other/official-artwork/10298.png,https://raw.githubusercontent.com/PokeAPI/sprites/master/sprites/pokemon/other/official-artwork/10298.png,https://raw.githubusercontent.com/PokeAPI/sprites/master/sprites/pokemon/other/official-artwork/10298.png,https://www.pokemon.com/us/pokedex/barbaracle,species-page,2026-04-13T11:45:21.940891-07:00,200,official_media_verified_link_generated,,pokemon.com page content is bot-protected; official page URL is attached for manual verification.
skrelp,Skrelp,690,https://assets.pokemon.com/assets/cms2/img/pokedex/full/690.png,https://raw.githubusercontent.com/PokeAPI/sprites/master/sprites/pokemon/other/official-artwork/690.png,https://raw.githubusercontent.com/PokeAPI/sprites/master/sprites/pokemon/other/home/690.png,https://raw.githubusercontent.com/PokeAPI/sprites/master/sprites/pokemon/other/official-artwork/690.png,https://www.pokemon.com/us/pokedex/skrelp,species-page,2026-04-13T11:45:21.940891-07:00,200,official_media_verified_link_generated,,pokemon.com page content is bot-protected; official page URL is attached for manual verification.
dragalge,Dragalge,691,https://assets.pokemon.com/assets/cms2/img/pokedex/full/691.png,https://raw.githubusercontent.com/PokeAPI/sprites/master/sprites/pokemon/other/official-artwork/691.png,https://raw.githubusercontent.com/PokeAPI/sprites/master/sprites/pokemon/other/home/691.png,https://raw.githubusercontent.com/PokeAPI/sprites/master/sprites/pokemon/other/official-artwork/691.png,https://www.pokemon.com/us/pokedex/dragalge,species-page,2026-04-13T11:45:21.940891-07:00,200,official_media_verified_link_generated,,pokemon.com page content is bot-protected; official page URL is attached for manual verification.
dragalge-mega,Dragalge maleega,691,https://assets.pokemon.com/assets/cms2/img/pokedex/full/691.png,https://raw.githubusercontent.com/PokeAPI/sprites/master/sprites/pokemon/other/official-artwork/10299.png,https://raw.githubusercontent.com/PokeAPI/sprites/master/sprites/pokemon/other/official-artwork/10299.png,https://raw.githubusercontent.com/PokeAPI/sprites/master/sprites/pokemon/other/official-artwork/10299.png,https://www.pokemon.com/us/pokedex/dragalge,species-page,2026-04-13T11:45:21.940891-07:00,200,official_media_verified_link_generated,,pokemon.com page content is bot-protected; official page URL is attached for manual verification.
clauncher,Clauncher,692,https://assets.pokemon.com/assets/cms2/img/pokedex/full/692.png,https://raw.githubusercontent.com/PokeAPI/sprites/master/sprites/pokemon/other/official-artwork/692.png,https://raw.githubusercontent.com/PokeAPI/sprites/master/sprites/pokemon/other/home/692.png,https://raw.githubusercontent.com/PokeAPI/sprites/master/sprites/pokemon/other/official-artwork/692.png,https://www.pokemon.com/us/pokedex/clauncher,species-page,2026-04-13T11:45:21.940891-07:00,200,official_media_verified_link_generated,,pokemon.com page content is bot-protected; official page URL is attached for manual verification.
clawitzer,Clawitzer,693,https://assets.pokemon.com/assets/cms2/img/pokedex/full/693.png,https://raw.githubusercontent.com/PokeAPI/sprites/master/sprites/pokemon/other/official-artwork/693.png,https://raw.githubusercontent.com/PokeAPI/sprites/master/sprites/pokemon/other/home/693.png,https://raw.githubusercontent.com/PokeAPI/sprites/master/sprites/pokemon/other/official-artwork/693.png,https://www.pokemon.com/us/pokedex/clawitzer,species-page,2026-04-13T11:45:21.940891-07:00,200,official_media_verified_link_generated,,pokemon.com page content is bot-protected; official page URL is attached for manual verification.
helioptile,Helioptile,694,https://assets.pokemon.com/assets/cms2/img/pokedex/full/694.png,https://raw.githubusercontent.com/PokeAPI/sprites/master/sprites/pokemon/other/official-artwork/694.png,https://raw.githubusercontent.com/PokeAPI/sprites/master/sprites/pokemon/other/home/694.png,https://raw.githubusercontent.com/PokeAPI/sprites/master/sprites/pokemon/other/official-artwork/694.png,https://www.pokemon.com/us/pokedex/helioptile,species-page,2026-04-13T11:45:21.940891-07:00,200,official_media_verified_link_generated,,pokemon.com page content is bot-protected; official page URL is attached for manual verification.
heliolisk,Heliolisk,695,https://assets.pokemon.com/assets/cms2/img/pokedex/full/695.png,https://raw.githubusercontent.com/PokeAPI/sprites/master/sprites/pokemon/other/official-artwork/695.png,https://raw.githubusercontent.com/PokeAPI/sprites/master/sprites/pokemon/other/home/695.png,https://raw.githubusercontent.com/PokeAPI/sprites/master/sprites/pokemon/other/official-artwork/695.png,https://www.pokemon.com/us/pokedex/heliolisk,species-page,2026-04-13T11:45:21.940891-07:00,200,official_media_verified_link_generated,,pokemon.com page content is bot-protected; official page URL is attached for manual verification.
tyrunt,Tyrunt,696,https://assets.pokemon.com/assets/cms2/img/pokedex/full/696.png,https://raw.githubusercontent.com/PokeAPI/sprites/master/sprites/pokemon/other/official-artwork/696.png,https://raw.githubusercontent.com/PokeAPI/sprites/master/sprites/pokemon/other/home/696.png,https://raw.githubusercontent.com/PokeAPI/sprites/master/sprites/pokemon/other/official-artwork/696.png,https://www.pokemon.com/us/pokedex/tyrunt,species-page,2026-04-13T11:45:21.940891-07:00,200,official_media_verified_link_generated,,pokemon.com page content is bot-protected; official page URL is attached for manual verification.
tyrantrum,Tyrantrum,697,https://assets.pokemon.com/assets/cms2/img/pokedex/full/697.png,https://raw.githubusercontent.com/PokeAPI/sprites/master/sprites/pokemon/other/official-artwork/697.png,https://raw.githubusercontent.com/PokeAPI/sprites/master/sprites/pokemon/other/home/697.png,https://raw.githubusercontent.com/PokeAPI/sprites/master/sprites/pokemon/other/official-artwork/697.png,https://www.pokemon.com/us/pokedex/tyrantrum,species-page,2026-04-13T11:45:21.940891-07:00,200,official_media_verified_link_generated,,pokemon.com page content is bot-protected; official page URL is attached for manual verification.
amaura,Amaura,698,https://assets.pokemon.com/assets/cms2/img/pokedex/full/698.png,https://raw.githubusercontent.com/PokeAPI/sprites/master/sprites/pokemon/other/official-artwork/698.png,https://raw.githubusercontent.com/PokeAPI/sprites/master/sprites/pokemon/other/home/698.png,https://raw.githubusercontent.com/PokeAPI/sprites/master/sprites/pokemon/other/official-artwork/698.png,https://www.pokemon.com/us/pokedex/amaura,species-page,2026-04-13T11:45:21.940891-07:00,200,official_media_verified_link_generated,,pokemon.com page content is bot-protected; official page URL is attached for manual verification.
aurorus,Aurorus,699,https://assets.pokemon.com/assets/cms2/img/pokedex/full/699.png,https://raw.githubusercontent.com/PokeAPI/sprites/master/sprites/pokemon/other/official-artwork/699.png,https://raw.githubusercontent.com/PokeAPI/sprites/master/sprites/pokemon/other/home/699.png,https://raw.githubusercontent.com/PokeAPI/sprites/master/sprites/pokemon/other/official-artwork/699.png,https://www.pokemon.com/us/pokedex/aurorus,species-page,2026-04-13T11:45:21.940891-07:00,200,official_media_verified_link_generated,,pokemon.com page content is bot-protected; official page URL is attached for manual verification.
sylveon,Sylveon,700,https://assets.pokemon.com/assets/cms2/img/pokedex/full/700.png,https://raw.githubusercontent.com/PokeAPI/sprites/master/sprites/pokemon/other/official-artwork/700.png,https://raw.githubusercontent.com/PokeAPI/sprites/master/sprites/pokemon/other/home/700.png,https://raw.githubusercontent.com/PokeAPI/sprites/master/sprites/pokemon/other/official-artwork/700.png,https://www.pokemon.com/us/pokedex/sylveon,species-page,2026-04-13T11:45:21.940891-07:00,200,official_media_verified_link_generated,,pokemon.com page content is bot-protected; official page URL is attached for manual verification.
hawlucha,Hawlucha,701,https://assets.pokemon.com/assets/cms2/img/pokedex/full/701.png,https://raw.githubusercontent.com/PokeAPI/sprites/master/sprites/pokemon/other/official-artwork/701.png,https://raw.githubusercontent.com/PokeAPI/sprites/master/sprites/pokemon/other/home/701.png,https://raw.githubusercontent.com/PokeAPI/sprites/master/sprites/pokemon/other/official-artwork/701.png,https://www.pokemon.com/us/pokedex/hawlucha,species-page,2026-04-13T11:45:21.940891-07:00,200,official_media_verified_link_generated,,pokemon.com page content is bot-protected; official page URL is attached for manual verification.
hawlucha-mega,Hawlucha maleega,701,https://assets.pokemon.com/assets/cms2/img/pokedex/full/701.png,https://raw.githubusercontent.com/PokeAPI/sprites/master/sprites/pokemon/other/official-artwork/10300.png,https://raw.githubusercontent.com/PokeAPI/sprites/master/sprites/pokemon/other/official-artwork/10300.png,https://raw.githubusercontent.com/PokeAPI/sprites/master/sprites/pokemon/other/official-artwork/10300.png,https://www.pokemon.com/us/pokedex/hawlucha,species-page,2026-04-13T11:45:21.940891-07:00,200,official_media_verified_link_generated,,pokemon.com page content is bot-protected; official page URL is attached for manual verification.
dedenne,Dedenne,702,https://assets.pokemon.com/assets/cms2/img/pokedex/full/702.png,https://raw.githubusercontent.com/PokeAPI/sprites/master/sprites/pokemon/other/official-artwork/702.png,https://raw.githubusercontent.com/PokeAPI/sprites/master/sprites/pokemon/other/home/702.png,https://raw.githubusercontent.com/PokeAPI/sprites/master/sprites/pokemon/other/official-artwork/702.png,https://www.pokemon.com/us/pokedex/dedenne,species-page,2026-04-13T11:45:21.940891-07:00,200,official_media_verified_link_generated,,pokemon.com page content is bot-protected; official page URL is attached for manual verification.
carbink,Carbink,703,https://assets.pokemon.com/assets/cms2/img/pokedex/full/703.png,https://raw.githubusercontent.com/PokeAPI/sprites/master/sprites/pokemon/other/official-artwork/703.png,https://raw.githubusercontent.com/PokeAPI/sprites/master/sprites/pokemon/other/home/703.png,https://raw.githubusercontent.com/PokeAPI/sprites/master/sprites/pokemon/other/official-artwork/703.png,https://www.pokemon.com/us/pokedex/carbink,species-page,2026-04-13T11:45:21.940891-07:00,200,official_media_verified_link_generated,,pokemon.com page content is bot-protected; official page URL is attached for manual verification.
goomy,Goomy,704,https://assets.pokemon.com/assets/cms2/img/pokedex/full/704.png,https://raw.githubusercontent.com/PokeAPI/sprites/master/sprites/pokemon/other/official-artwork/704.png,https://raw.githubusercontent.com/PokeAPI/sprites/master/sprites/pokemon/other/home/704.png,https://raw.githubusercontent.com/PokeAPI/sprites/master/sprites/pokemon/other/official-artwork/704.png,https://www.pokemon.com/us/pokedex/goomy,species-page,2026-04-13T11:45:21.940891-07:00,200,official_media_verified_link_generated,,pokemon.com page content is bot-protected; official page URL is attached for manual verification.
sliggoo,Sliggoo,705,https://assets.pokemon.com/assets/cms2/img/pokedex/full/705.png,https://raw.githubusercontent.com/PokeAPI/sprites/master/sprites/pokemon/other/official-artwork/705.png,https://raw.githubusercontent.com/PokeAPI/sprites/master/sprites/pokemon/other/home/705.png,https://raw.githubusercontent.com/PokeAPI/sprites/master/sprites/pokemon/other/official-artwork/705.png,https://www.pokemon.com/us/pokedex/sliggoo,species-page,2026-04-13T11:45:21.940891-07:00,200,official_media_verified_link_generated,,pokemon.com page content is bot-protected; official page URL is attached for manual verification.
sliggoo-hisui,Sliggoo Hisui,705,https://assets.pokemon.com/assets/cms2/img/pokedex/full/705.png,https://raw.githubusercontent.com/PokeAPI/sprites/master/sprites/pokemon/other/official-artwork/10241.png,https://raw.githubusercontent.com/PokeAPI/sprites/master/sprites/pokemon/other/home/10241.png,https://raw.githubusercontent.com/PokeAPI/sprites/master/sprites/pokemon/other/official-artwork/10241.png,https://www.pokemon.com/us/pokedex/sliggoo,species-page,2026-04-13T11:45:21.940891-07:00,200,official_media_verified_link_generated,,pokemon.com page content is bot-protected; official page URL is attached for manual verification.
goodra,Goodra,706,https://assets.pokemon.com/assets/cms2/img/pokedex/full/706.png,https://raw.githubusercontent.com/PokeAPI/sprites/master/sprites/pokemon/other/official-artwork/706.png,https://raw.githubusercontent.com/PokeAPI/sprites/master/sprites/pokemon/other/home/706.png,https://raw.githubusercontent.com/PokeAPI/sprites/master/sprites/pokemon/other/official-artwork/706.png,https://www.pokemon.com/us/pokedex/goodra,species-page,2026-04-13T11:45:21.940891-07:00,200,official_media_verified_link_generated,,pokemon.com page content is bot-protected; official page URL is attached for manual verification.
goodra-hisui,Goodra Hisui,706,https://assets.pokemon.com/assets/cms2/img/pokedex/full/706.png,https://raw.githubusercontent.com/PokeAPI/sprites/master/sprites/pokemon/other/official-artwork/10242.png,https://raw.githubusercontent.com/PokeAPI/sprites/master/sprites/pokemon/other/home/10242.png,https://raw.githubusercontent.com/PokeAPI/sprites/master/sprites/pokemon/other/official-artwork/10242.png,https://www.pokemon.com/us/pokedex/goodra,species-page,2026-04-13T11:45:21.940891-07:00,200,official_media_verified_link_generated,,pokemon.com page content is bot-protected; official page URL is attached for manual verification.
klefki,Klefki,707,https://assets.pokemon.com/assets/cms2/img/pokedex/full/707.png,https://raw.githubusercontent.com/PokeAPI/sprites/master/sprites/pokemon/other/official-artwork/707.png,https://raw.githubusercontent.com/PokeAPI/sprites/master/sprites/pokemon/other/home/707.png,https://raw.githubusercontent.com/PokeAPI/sprites/master/sprites/pokemon/other/official-artwork/707.png,https://www.pokemon.com/us/pokedex/klefki,species-page,2026-04-13T11:45:21.940891-07:00,200,official_media_verified_link_generated,,pokemon.com page content is bot-protected; official page URL is attached for manual verification.
phantump,Phantump,708,https://assets.pokemon.com/assets/cms2/img/pokedex/full/708.png,https://raw.githubusercontent.com/PokeAPI/sprites/master/sprites/pokemon/other/official-artwork/708.png,https://raw.githubusercontent.com/PokeAPI/sprites/master/sprites/pokemon/other/home/708.png,https://raw.githubusercontent.com/PokeAPI/sprites/master/sprites/pokemon/other/official-artwork/708.png,https://www.pokemon.com/us/pokedex/phantump,species-page,2026-04-13T11:45:21.940891-07:00,200,official_media_verified_link_generated,,pokemon.com page content is bot-protected; official page URL is attached for manual verification.
trevenant,Trevenant,709,https://assets.pokemon.com/assets/cms2/img/pokedex/full/709.png,https://raw.githubusercontent.com/PokeAPI/sprites/master/sprites/pokemon/other/official-artwork/709.png,https://raw.githubusercontent.com/PokeAPI/sprites/master/sprites/pokemon/other/home/709.png,https://raw.githubusercontent.com/PokeAPI/sprites/master/sprites/pokemon/other/official-artwork/709.png,https://www.pokemon.com/us/pokedex/trevenant,species-page,2026-04-13T11:45:21.940891-07:00,200,official_media_verified_link_generated,,pokemon.com page content is bot-protected; official page URL is attached for manual verification.
pumpkaboo-average,Pumpkaboo Average,710,https://assets.pokemon.com/assets/cms2/img/pokedex/full/710.png,https://raw.githubusercontent.com/PokeAPI/sprites/master/sprites/pokemon/other/official-artwork/710.png,https://raw.githubusercontent.com/PokeAPI/sprites/master/sprites/pokemon/other/home/710.png,https://raw.githubusercontent.com/PokeAPI/sprites/master/sprites/pokemon/other/official-artwork/710.png,https://www.pokemon.com/us/pokedex/pumpkaboo,species-page,2026-04-13T11:45:21.940891-07:00,200,official_media_verified_link_generated,,pokemon.com page content is bot-protected; official page URL is attached for manual verification.
pumpkaboo-large,Pumpkaboo Large,710,https://assets.pokemon.com/assets/cms2/img/pokedex/full/710.png,https://raw.githubusercontent.com/PokeAPI/sprites/master/sprites/pokemon/other/official-artwork/10028.png,https://raw.githubusercontent.com/PokeAPI/sprites/master/sprites/pokemon/other/home/10028.png,https://raw.githubusercontent.com/PokeAPI/sprites/master/sprites/pokemon/other/official-artwork/10028.png,https://www.pokemon.com/us/pokedex/pumpkaboo,species-page,2026-04-13T11:45:21.940891-07:00,200,official_media_verified_link_generated,,pokemon.com page content is bot-protected; official page URL is attached for manual verification.
pumpkaboo-small,Pumpkaboo Small,710,https://assets.pokemon.com/assets/cms2/img/pokedex/full/710.png,https://raw.githubusercontent.com/PokeAPI/sprites/master/sprites/pokemon/other/official-artwork/10027.png,https://raw.githubusercontent.com/PokeAPI/sprites/master/sprites/pokemon/other/home/10027.png,https://raw.githubusercontent.com/PokeAPI/sprites/master/sprites/pokemon/other/official-artwork/10027.png,https://www.pokemon.com/us/pokedex/pumpkaboo,species-page,2026-04-13T11:45:21.940891-07:00,200,official_media_verified_link_generated,,pokemon.com page content is bot-protected; official page URL is attached for manual verification.
pumpkaboo-super,Pumpkaboo Super,710,https://assets.pokemon.com/assets/cms2/img/pokedex/full/710.png,https://raw.githubusercontent.com/PokeAPI/sprites/master/sprites/pokemon/other/official-artwork/10029.png,https://raw.githubusercontent.com/PokeAPI/sprites/master/sprites/pokemon/other/home/10029.png,https://raw.githubusercontent.com/PokeAPI/sprites/master/sprites/pokemon/other/official-artwork/10029.png,https://www.pokemon.com/us/pokedex/pumpkaboo,species-page,2026-04-13T11:45:21.940891-07:00,200,official_media_verified_link_generated,,pokemon.com page content is bot-protected; official page URL is attached for manual verification.
gourgeist-average,Gourgeist Average,711,https://assets.pokemon.com/assets/cms2/img/pokedex/full/711.png,https://raw.githubusercontent.com/PokeAPI/sprites/master/sprites/pokemon/other/official-artwork/711.png,https://raw.githubusercontent.com/PokeAPI/sprites/master/sprites/pokemon/other/home/711.png,https://raw.githubusercontent.com/PokeAPI/sprites/master/sprites/pokemon/other/official-artwork/711.png,https://www.pokemon.com/us/pokedex/gourgeist,species-page,2026-04-13T11:45:21.940891-07:00,200,official_media_verified_link_generated,,pokemon.com page content is bot-protected; official page URL is attached for manual verification.
gourgeist-large,Gourgeist Large,711,https://assets.pokemon.com/assets/cms2/img/pokedex/full/711.png,https://raw.githubusercontent.com/PokeAPI/sprites/master/sprites/pokemon/other/official-artwork/10031.png,https://raw.githubusercontent.com/PokeAPI/sprites/master/sprites/pokemon/other/home/10031.png,https://raw.githubusercontent.com/PokeAPI/sprites/master/sprites/pokemon/other/official-artwork/10031.png,https://www.pokemon.com/us/pokedex/gourgeist,species-page,2026-04-13T11:45:21.940891-07:00,200,official_media_verified_link_generated,,pokemon.com page content is bot-protected; official page URL is attached for manual verification.
gourgeist-small,Gourgeist Small,711,https://assets.pokemon.com/assets/cms2/img/pokedex/full/711.png,https://raw.githubusercontent.com/PokeAPI/sprites/master/sprites/pokemon/other/official-artwork/10030.png,https://raw.githubusercontent.com/PokeAPI/sprites/master/sprites/pokemon/other/home/10030.png,https://raw.githubusercontent.com/PokeAPI/sprites/master/sprites/pokemon/other/official-artwork/10030.png,https://www.pokemon.com/us/pokedex/gourgeist,species-page,2026-04-13T11:45:21.940891-07:00,200,official_media_verified_link_generated,,pokemon.com page content is bot-protected; official page URL is attached for manual verification.
gourgeist-super,Gourgeist Super,711,https://assets.pokemon.com/assets/cms2/img/pokedex/full/711.png,https://raw.githubusercontent.com/PokeAPI/sprites/master/sprites/pokemon/other/official-artwork/10032.png,https://raw.githubusercontent.com/PokeAPI/sprites/master/sprites/pokemon/other/home/10032.png,https://raw.githubusercontent.com/PokeAPI/sprites/master/sprites/pokemon/other/official-artwork/10032.png,https://www.pokemon.com/us/pokedex/gourgeist,species-page,2026-04-13T11:45:21.940891-07:00,200,official_media_verified_link_generated,,pokemon.com page content is bot-protected; official page URL is attached for manual verification.
bergmite,Bergmite,712,https://assets.pokemon.com/assets/cms2/img/pokedex/full/712.png,https://raw.githubusercontent.com/PokeAPI/sprites/master/sprites/pokemon/other/official-artwork/712.png,https://raw.githubusercontent.com/PokeAPI/sprites/master/sprites/pokemon/other/home/712.png,https://raw.githubusercontent.com/PokeAPI/sprites/master/sprites/pokemon/other/official-artwork/712.png,https://www.pokemon.com/us/pokedex/bergmite,species-page,2026-04-13T11:45:21.940891-07:00,200,official_media_verified_link_generated,,pokemon.com page content is bot-protected; official page URL is attached for manual verification.
avalugg,Avalugg,713,https://assets.pokemon.com/assets/cms2/img/pokedex/full/713.png,https://raw.githubusercontent.com/PokeAPI/sprites/master/sprites/pokemon/other/official-artwork/713.png,https://raw.githubusercontent.com/PokeAPI/sprites/master/sprites/pokemon/other/home/713.png,https://raw.githubusercontent.com/PokeAPI/sprites/master/sprites/pokemon/other/official-artwork/713.png,https://www.pokemon.com/us/pokedex/avalugg,species-page,2026-04-13T11:45:21.940891-07:00,200,official_media_verified_link_generated,,pokemon.com page content is bot-protected; official page URL is attached for manual verification.
avalugg-hisui,Avalugg Hisui,713,https://assets.pokemon.com/assets/cms2/img/pokedex/full/713.png,https://raw.githubusercontent.com/PokeAPI/sprites/master/sprites/pokemon/other/official-artwork/10243.png,https://raw.githubusercontent.com/PokeAPI/sprites/master/sprites/pokemon/other/home/10243.png,https://raw.githubusercontent.com/PokeAPI/sprites/master/sprites/pokemon/other/official-artwork/10243.png,https://www.pokemon.com/us/pokedex/avalugg,species-page,2026-04-13T11:45:21.940891-07:00,200,official_media_verified_link_generated,,pokemon.com page content is bot-protected; official page URL is attached for manual verification.
noibat,Noibat,714,https://assets.pokemon.com/assets/cms2/img/pokedex/full/714.png,https://raw.githubusercontent.com/PokeAPI/sprites/master/sprites/pokemon/other/official-artwork/714.png,https://raw.githubusercontent.com/PokeAPI/sprites/master/sprites/pokemon/other/home/714.png,https://raw.githubusercontent.com/PokeAPI/sprites/master/sprites/pokemon/other/official-artwork/714.png,https://www.pokemon.com/us/pokedex/noibat,species-page,2026-04-13T11:45:21.940891-07:00,200,official_media_verified_link_generated,,pokemon.com page content is bot-protected; official page URL is attached for manual verification.
noivern,Noivern,715,https://assets.pokemon.com/assets/cms2/img/pokedex/full/715.png,https://raw.githubusercontent.com/PokeAPI/sprites/master/sprites/pokemon/other/official-artwork/715.png,https://raw.githubusercontent.com/PokeAPI/sprites/master/sprites/pokemon/other/home/715.png,https://raw.githubusercontent.com/PokeAPI/sprites/master/sprites/pokemon/other/official-artwork/715.png,https://www.pokemon.com/us/pokedex/noivern,species-page,2026-04-13T11:45:21.940891-07:00,200,official_media_verified_link_generated,,pokemon.com page content is bot-protected; official page URL is attached for manual verification.
xerneas,Xerneas,716,https://assets.pokemon.com/assets/cms2/img/pokedex/full/716.png,https://raw.githubusercontent.com/PokeAPI/sprites/master/sprites/pokemon/other/official-artwork/716.png,https://raw.githubusercontent.com/PokeAPI/sprites/master/sprites/pokemon/other/home/716.png,https://raw.githubusercontent.com/PokeAPI/sprites/master/sprites/pokemon/other/official-artwork/716.png,https://www.pokemon.com/us/pokedex/xerneas,species-page,2026-04-13T11:45:21.940891-07:00,200,official_media_verified_link_generated,,pokemon.com page content is bot-protected; official page URL is attached for manual verification.
yveltal,Yveltal,717,https://assets.pokemon.com/assets/cms2/img/pokedex/full/717.png,https://raw.githubusercontent.com/PokeAPI/sprites/master/sprites/pokemon/other/official-artwork/717.png,https://raw.githubusercontent.com/PokeAPI/sprites/master/sprites/pokemon/other/home/717.png,https://raw.githubusercontent.com/PokeAPI/sprites/master/sprites/pokemon/other/official-artwork/717.png,https://www.pokemon.com/us/pokedex/yveltal,species-page,2026-04-13T11:45:21.940891-07:00,200,official_media_verified_link_generated,,pokemon.com page content is bot-protected; official page URL is attached for manual verification.
zygarde-10,Zygarde 10,718,https://assets.pokemon.com/assets/cms2/img/pokedex/full/718.png,https://raw.githubusercontent.com/PokeAPI/sprites/master/sprites/pokemon/other/official-artwork/10181.png,https://raw.githubusercontent.com/PokeAPI/sprites/master/sprites/pokemon/other/home/10181.png,https://raw.githubusercontent.com/PokeAPI/sprites/master/sprites/pokemon/other/official-artwork/10181.png,https://www.pokemon.com/us/pokedex/zygarde,species-page,2026-04-13T11:45:21.940891-07:00,200,official_media_verified_link_generated,,pokemon.com page content is bot-protected; official page URL is attached for manual verification.
zygarde-10-power-construct,Zygarde 10 Power Construct,718,https://assets.pokemon.com/assets/cms2/img/pokedex/full/718.png,https://raw.githubusercontent.com/PokeAPI/sprites/master/sprites/pokemon/other/official-artwork/10118.png,https://raw.githubusercontent.com/PokeAPI/sprites/master/sprites/pokemon/other/home/10118.png,https://raw.githubusercontent.com/PokeAPI/sprites/master/sprites/pokemon/other/official-artwork/10118.png,https://www.pokemon.com/us/pokedex/zygarde,species-page,2026-04-13T11:45:21.940891-07:00,200,official_media_verified_link_generated,,pokemon.com page content is bot-protected; official page URL is attached for manual verification.
zygarde-50,Zygarde 50,718,https://assets.pokemon.com/assets/cms2/img/pokedex/full/718.png,https://raw.githubusercontent.com/PokeAPI/sprites/master/sprites/pokemon/other/official-artwork/718.png,https://raw.githubusercontent.com/PokeAPI/sprites/master/sprites/pokemon/other/home/718.png,https://raw.githubusercontent.com/PokeAPI/sprites/master/sprites/pokemon/other/official-artwork/718.png,https://www.pokemon.com/us/pokedex/zygarde,species-page,2026-04-13T11:45:21.940891-07:00,200,official_media_verified_link_generated,,pokemon.com page content is bot-protected; official page URL is attached for manual verification.
zygarde-50-power-construct,Zygarde 50 Power Construct,718,https://assets.pokemon.com/assets/cms2/img/pokedex/full/718.png,https://raw.githubusercontent.com/PokeAPI/sprites/master/sprites/pokemon/other/official-artwork/10119.png,https://raw.githubusercontent.com/PokeAPI/sprites/master/sprites/pokemon/other/home/10119.png,https://raw.githubusercontent.com/PokeAPI/sprites/master/sprites/pokemon/other/official-artwork/10119.png,https://www.pokemon.com/us/pokedex/zygarde,species-page,2026-04-13T11:45:21.940891-07:00,200,official_media_verified_link_generated,,pokemon.com page content is bot-protected; official page URL is attached for manual verification.
zygarde-complete,Zygarde Complete,718,https://assets.pokemon.com/assets/cms2/img/pokedex/full/718.png,https://raw.githubusercontent.com/PokeAPI/sprites/master/sprites/pokemon/other/official-artwork/10120.png,https://raw.githubusercontent.com/PokeAPI/sprites/master/sprites/pokemon/other/home/10120.png,https://raw.githubusercontent.com/PokeAPI/sprites/master/sprites/pokemon/other/official-artwork/10120.png,https://www.pokemon.com/us/pokedex/zygarde,species-page,2026-04-13T11:45:21.940891-07:00,200,official_media_verified_link_generated,,pokemon.com page content is bot-protected; official page URL is attached for manual verification.
zygarde-mega,Zygarde maleega,718,https://assets.pokemon.com/assets/cms2/img/pokedex/full/718.png,https://raw.githubusercontent.com/PokeAPI/sprites/master/sprites/pokemon/other/official-artwork/10301.png,https://raw.githubusercontent.com/PokeAPI/sprites/master/sprites/pokemon/other/official-artwork/10301.png,https://raw.githubusercontent.com/PokeAPI/sprites/master/sprites/pokemon/other/official-artwork/10301.png,https://www.pokemon.com/us/pokedex/zygarde,species-page,2026-04-13T11:45:21.940891-07:00,200,official_media_verified_link_generated,,pokemon.com page content is bot-protected; official page URL is attached for manual verification.
diancie,Diancie,719,https://assets.pokemon.com/assets/cms2/img/pokedex/full/719.png,https://raw.githubusercontent.com/PokeAPI/sprites/master/sprites/pokemon/other/official-artwork/719.png,https://raw.githubusercontent.com/PokeAPI/sprites/master/sprites/pokemon/other/home/719.png,https://raw.githubusercontent.com/PokeAPI/sprites/master/sprites/pokemon/other/official-artwork/719.png,https://www.pokemon.com/us/pokedex/diancie,species-page,2026-04-13T11:45:21.940891-07:00,200,official_media_verified_link_generated,,pokemon.com page content is bot-protected; official page URL is attached for manual verification.
diancie-mega,Diancie maleega,719,https://assets.pokemon.com/assets/cms2/img/pokedex/full/719.png,https://raw.githubusercontent.com/PokeAPI/sprites/master/sprites/pokemon/other/official-artwork/10075.png,https://raw.githubusercontent.com/PokeAPI/sprites/master/sprites/pokemon/other/home/10075.png,https://raw.githubusercontent.com/PokeAPI/sprites/master/sprites/pokemon/other/official-artwork/10075.png,https://www.pokemon.com/us/pokedex/diancie,species-page,2026-04-13T11:45:21.940891-07:00,200,official_media_verified_link_generated,,pokemon.com page content is bot-protected; official page URL is attached for manual verification.
hoopa,Hoopa,720,https://assets.pokemon.com/assets/cms2/img/pokedex/full/720.png,https://raw.githubusercontent.com/PokeAPI/sprites/master/sprites/pokemon/other/official-artwork/720.png,https://raw.githubusercontent.com/PokeAPI/sprites/master/sprites/pokemon/other/home/720.png,https://raw.githubusercontent.com/PokeAPI/sprites/master/sprites/pokemon/other/official-artwork/720.png,https://www.pokemon.com/us/pokedex/hoopa,species-page,2026-04-13T11:45:21.940891-07:00,200,official_media_verified_link_generated,,pokemon.com page content is bot-protected; official page URL is attached for manual verification.
hoopa-unbound,Hoopa Unbound,720,https://assets.pokemon.com/assets/cms2/img/pokedex/full/720.png,https://raw.githubusercontent.com/PokeAPI/sprites/master/sprites/pokemon/other/official-artwork/10086.png,https://raw.githubusercontent.com/PokeAPI/sprites/master/sprites/pokemon/other/home/10086.png,https://raw.githubusercontent.com/PokeAPI/sprites/master/sprites/pokemon/other/official-artwork/10086.png,https://www.pokemon.com/us/pokedex/hoopa,species-page,2026-04-13T11:45:21.940891-07:00,200,official_media_verified_link_generated,,pokemon.com page content is bot-protected; official page URL is attached for manual verification.
volcanion,Volcanion,721,https://assets.pokemon.com/assets/cms2/img/pokedex/full/721.png,https://raw.githubusercontent.com/PokeAPI/sprites/master/sprites/pokemon/other/official-artwork/721.png,https://raw.githubusercontent.com/PokeAPI/sprites/master/sprites/pokemon/other/home/721.png,https://raw.githubusercontent.com/PokeAPI/sprites/master/sprites/pokemon/other/official-artwork/721.png,https://www.pokemon.com/us/pokedex/volcanion,species-page,2026-04-13T11:45:21.940891-07:00,200,official_media_verified_link_generated,,pokemon.com page content is bot-protected; official page URL is attached for manual verification.
rowlet,Rowlet,722,https://assets.pokemon.com/assets/cms2/img/pokedex/full/722.png,https://raw.githubusercontent.com/PokeAPI/sprites/master/sprites/pokemon/other/official-artwork/722.png,https://raw.githubusercontent.com/PokeAPI/sprites/master/sprites/pokemon/other/home/722.png,https://raw.githubusercontent.com/PokeAPI/sprites/master/sprites/pokemon/other/official-artwork/722.png,https://www.pokemon.com/us/pokedex/rowlet,species-page,2026-04-13T11:45:21.940891-07:00,200,official_media_verified_link_generated,,pokemon.com page content is bot-protected; official page URL is attached for manual verification.
dartrix,Dartrix,723,https://assets.pokemon.com/assets/cms2/img/pokedex/full/723.png,https://raw.githubusercontent.com/PokeAPI/sprites/master/sprites/pokemon/other/official-artwork/723.png,https://raw.githubusercontent.com/PokeAPI/sprites/master/sprites/pokemon/other/home/723.png,https://raw.githubusercontent.com/PokeAPI/sprites/master/sprites/pokemon/other/official-artwork/723.png,https://www.pokemon.com/us/pokedex/dartrix,species-page,2026-04-13T11:45:21.940891-07:00,200,official_media_verified_link_generated,,pokemon.com page content is bot-protected; official page URL is attached for manual verification.
decidueye,Decidueye,724,https://assets.pokemon.com/assets/cms2/img/pokedex/full/724.png,https://raw.githubusercontent.com/PokeAPI/sprites/master/sprites/pokemon/other/official-artwork/724.png,https://raw.githubusercontent.com/PokeAPI/sprites/master/sprites/pokemon/other/home/724.png,https://raw.githubusercontent.com/PokeAPI/sprites/master/sprites/pokemon/other/official-artwork/724.png,https://www.pokemon.com/us/pokedex/decidueye,species-page,2026-04-13T11:45:21.940891-07:00,200,official_media_verified_link_generated,,pokemon.com page content is bot-protected; official page URL is attached for manual verification.
decidueye-hisui,Decidueye Hisui,724,https://assets.pokemon.com/assets/cms2/img/pokedex/full/724.png,https://raw.githubusercontent.com/PokeAPI/sprites/master/sprites/pokemon/other/official-artwork/10244.png,https://raw.githubusercontent.com/PokeAPI/sprites/master/sprites/pokemon/other/home/10244.png,https://raw.githubusercontent.com/PokeAPI/sprites/master/sprites/pokemon/other/official-artwork/10244.png,https://www.pokemon.com/us/pokedex/decidueye,species-page,2026-04-13T11:45:21.940891-07:00,200,official_media_verified_link_generated,,pokemon.com page content is bot-protected; official page URL is attached for manual verification.
litten,Litten,725,https://assets.pokemon.com/assets/cms2/img/pokedex/full/725.png,https://raw.githubusercontent.com/PokeAPI/sprites/master/sprites/pokemon/other/official-artwork/725.png,https://raw.githubusercontent.com/PokeAPI/sprites/master/sprites/pokemon/other/home/725.png,https://raw.githubusercontent.com/PokeAPI/sprites/master/sprites/pokemon/other/official-artwork/725.png,https://www.pokemon.com/us/pokedex/litten,species-page,2026-04-13T11:45:21.940891-07:00,200,official_media_verified_link_generated,,pokemon.com page content is bot-protected; official page URL is attached for manual verification.
torracat,Torracat,726,https://assets.pokemon.com/assets/cms2/img/pokedex/full/726.png,https://raw.githubusercontent.com/PokeAPI/sprites/master/sprites/pokemon/other/official-artwork/726.png,https://raw.githubusercontent.com/PokeAPI/sprites/master/sprites/pokemon/other/home/726.png,https://raw.githubusercontent.com/PokeAPI/sprites/master/sprites/pokemon/other/official-artwork/726.png,https://www.pokemon.com/us/pokedex/torracat,species-page,2026-04-13T11:45:21.940891-07:00,200,official_media_verified_link_generated,,pokemon.com page content is bot-protected; official page URL is attached for manual verification.
incineroar,Incineroar,727,https://assets.pokemon.com/assets/cms2/img/pokedex/full/727.png,https://raw.githubusercontent.com/PokeAPI/sprites/master/sprites/pokemon/other/official-artwork/727.png,https://raw.githubusercontent.com/PokeAPI/sprites/master/sprites/pokemon/other/home/727.png,https://raw.githubusercontent.com/PokeAPI/sprites/master/sprites/pokemon/other/official-artwork/727.png,https://www.pokemon.com/us/pokedex/incineroar,species-page,2026-04-13T11:45:21.940891-07:00,200,official_media_verified_link_generated,,pokemon.com page content is bot-protected; official page URL is attached for manual verification.
popplio,Popplio,728,https://assets.pokemon.com/assets/cms2/img/pokedex/full/728.png,https://raw.githubusercontent.com/PokeAPI/sprites/master/sprites/pokemon/other/official-artwork/728.png,https://raw.githubusercontent.com/PokeAPI/sprites/master/sprites/pokemon/other/home/728.png,https://raw.githubusercontent.com/PokeAPI/sprites/master/sprites/pokemon/other/official-artwork/728.png,https://www.pokemon.com/us/pokedex/popplio,species-page,2026-04-13T11:45:21.940891-07:00,200,official_media_verified_link_generated,,pokemon.com page content is bot-protected; official page URL is attached for manual verification.
brionne,Brionne,729,https://assets.pokemon.com/assets/cms2/img/pokedex/full/729.png,https://raw.githubusercontent.com/PokeAPI/sprites/master/sprites/pokemon/other/official-artwork/729.png,https://raw.githubusercontent.com/PokeAPI/sprites/master/sprites/pokemon/other/home/729.png,https://raw.githubusercontent.com/PokeAPI/sprites/master/sprites/pokemon/other/official-artwork/729.png,https://www.pokemon.com/us/pokedex/brionne,species-page,2026-04-13T11:45:21.940891-07:00,200,official_media_verified_link_generated,,pokemon.com page content is bot-protected; official page URL is attached for manual verification.
primarina,Primarina,730,https://assets.pokemon.com/assets/cms2/img/pokedex/full/730.png,https://raw.githubusercontent.com/PokeAPI/sprites/master/sprites/pokemon/other/official-artwork/730.png,https://raw.githubusercontent.com/PokeAPI/sprites/master/sprites/pokemon/other/home/730.png,https://raw.githubusercontent.com/PokeAPI/sprites/master/sprites/pokemon/other/official-artwork/730.png,https://www.pokemon.com/us/pokedex/primarina,species-page,2026-04-13T11:45:21.940891-07:00,200,official_media_verified_link_generated,,pokemon.com page content is bot-protected; official page URL is attached for manual verification.
pikipek,Pikipek,731,https://assets.pokemon.com/assets/cms2/img/pokedex/full/731.png,https://raw.githubusercontent.com/PokeAPI/sprites/master/sprites/pokemon/other/official-artwork/731.png,https://raw.githubusercontent.com/PokeAPI/sprites/master/sprites/pokemon/other/home/731.png,https://raw.githubusercontent.com/PokeAPI/sprites/master/sprites/pokemon/other/official-artwork/731.png,https://www.pokemon.com/us/pokedex/pikipek,species-page,2026-04-13T11:45:21.940891-07:00,200,official_media_verified_link_generated,,pokemon.com page content is bot-protected; official page URL is attached for manual verification.
trumbeak,Trumbeak,732,https://assets.pokemon.com/assets/cms2/img/pokedex/full/732.png,https://raw.githubusercontent.com/PokeAPI/sprites/master/sprites/pokemon/other/official-artwork/732.png,https://raw.githubusercontent.com/PokeAPI/sprites/master/sprites/pokemon/other/home/732.png,https://raw.githubusercontent.com/PokeAPI/sprites/master/sprites/pokemon/other/official-artwork/732.png,https://www.pokemon.com/us/pokedex/trumbeak,species-page,2026-04-13T11:45:21.940891-07:00,200,official_media_verified_link_generated,,pokemon.com page content is bot-protected; official page URL is attached for manual verification.
toucannon,Toucannon,733,https://assets.pokemon.com/assets/cms2/img/pokedex/full/733.png,https://raw.githubusercontent.com/PokeAPI/sprites/master/sprites/pokemon/other/official-artwork/733.png,https://raw.githubusercontent.com/PokeAPI/sprites/master/sprites/pokemon/other/home/733.png,https://raw.githubusercontent.com/PokeAPI/sprites/master/sprites/pokemon/other/official-artwork/733.png,https://www.pokemon.com/us/pokedex/toucannon,species-page,2026-04-13T11:45:21.940891-07:00,200,official_media_verified_link_generated,,pokemon.com page content is bot-protected; official page URL is attached for manual verification.
yungoos,Yungoos,734,https://assets.pokemon.com/assets/cms2/img/pokedex/full/734.png,https://raw.githubusercontent.com/PokeAPI/sprites/master/sprites/pokemon/other/official-artwork/734.png,https://raw.githubusercontent.com/PokeAPI/sprites/master/sprites/pokemon/other/home/734.png,https://raw.githubusercontent.com/PokeAPI/sprites/master/sprites/pokemon/other/official-artwork/734.png,https://www.pokemon.com/us/pokedex/yungoos,species-page,2026-04-13T11:45:21.940891-07:00,200,official_media_verified_link_generated,,pokemon.com page content is bot-protected; official page URL is attached for manual verification.
gumshoos,Gumshoos,735,https://assets.pokemon.com/assets/cms2/img/pokedex/full/735.png,https://raw.githubusercontent.com/PokeAPI/sprites/master/sprites/pokemon/other/official-artwork/735.png,https://raw.githubusercontent.com/PokeAPI/sprites/master/sprites/pokemon/other/home/735.png,https://raw.githubusercontent.com/PokeAPI/sprites/master/sprites/pokemon/other/official-artwork/735.png,https://www.pokemon.com/us/pokedex/gumshoos,species-page,2026-04-13T11:45:21.940891-07:00,200,official_media_verified_link_generated,,pokemon.com page content is bot-protected; official page URL is attached for manual verification.
gumshoos-totem,Gumshoos Totem,735,https://assets.pokemon.com/assets/cms2/img/pokedex/full/735.png,https://raw.githubusercontent.com/PokeAPI/sprites/master/sprites/pokemon/other/official-artwork/10121.png,https://raw.githubusercontent.com/PokeAPI/sprites/master/sprites/pokemon/other/home/10121.png,https://raw.githubusercontent.com/PokeAPI/sprites/master/sprites/pokemon/other/official-artwork/10121.png,https://www.pokemon.com/us/pokedex/gumshoos,species-page,2026-04-13T11:45:21.940891-07:00,200,official_media_verified_link_generated,,pokemon.com page content is bot-protected; official page URL is attached for manual verification.
grubbin,Grubbin,736,https://assets.pokemon.com/assets/cms2/img/pokedex/full/736.png,https://raw.githubusercontent.com/PokeAPI/sprites/master/sprites/pokemon/other/official-artwork/736.png,https://raw.githubusercontent.com/PokeAPI/sprites/master/sprites/pokemon/other/home/736.png,https://raw.githubusercontent.com/PokeAPI/sprites/master/sprites/pokemon/other/official-artwork/736.png,https://www.pokemon.com/us/pokedex/grubbin,species-page,2026-04-13T11:45:21.940891-07:00,200,official_media_verified_link_generated,,pokemon.com page content is bot-protected; official page URL is attached for manual verification.
charjabug,Charjabug,737,https://assets.pokemon.com/assets/cms2/img/pokedex/full/737.png,https://raw.githubusercontent.com/PokeAPI/sprites/master/sprites/pokemon/other/official-artwork/737.png,https://raw.githubusercontent.com/PokeAPI/sprites/master/sprites/pokemon/other/home/737.png,https://raw.githubusercontent.com/PokeAPI/sprites/master/sprites/pokemon/other/official-artwork/737.png,https://www.pokemon.com/us/pokedex/charjabug,species-page,2026-04-13T11:45:21.940891-07:00,200,official_media_verified_link_generated,,pokemon.com page content is bot-protected; official page URL is attached for manual verification.
vikavolt,Vikavolt,738,https://assets.pokemon.com/assets/cms2/img/pokedex/full/738.png,https://raw.githubusercontent.com/PokeAPI/sprites/master/sprites/pokemon/other/official-artwork/738.png,https://raw.githubusercontent.com/PokeAPI/sprites/master/sprites/pokemon/other/home/738.png,https://raw.githubusercontent.com/PokeAPI/sprites/master/sprites/pokemon/other/official-artwork/738.png,https://www.pokemon.com/us/pokedex/vikavolt,species-page,2026-04-13T11:45:21.940891-07:00,200,official_media_verified_link_generated,,pokemon.com page content is bot-protected; official page URL is attached for manual verification.
vikavolt-totem,Vikavolt Totem,738,https://assets.pokemon.com/assets/cms2/img/pokedex/full/738.png,https://raw.githubusercontent.com/PokeAPI/sprites/master/sprites/pokemon/other/official-artwork/10122.png,https://raw.githubusercontent.com/PokeAPI/sprites/master/sprites/pokemon/other/home/10122.png,https://raw.githubusercontent.com/PokeAPI/sprites/master/sprites/pokemon/other/official-artwork/10122.png,https://www.pokemon.com/us/pokedex/vikavolt,species-page,2026-04-13T11:45:21.940891-07:00,200,official_media_verified_link_generated,,pokemon.com page content is bot-protected; official page URL is attached for manual verification.
crabrawler,Crabrawler,739,https://assets.pokemon.com/assets/cms2/img/pokedex/full/739.png,https://raw.githubusercontent.com/PokeAPI/sprites/master/sprites/pokemon/other/official-artwork/739.png,https://raw.githubusercontent.com/PokeAPI/sprites/master/sprites/pokemon/other/home/739.png,https://raw.githubusercontent.com/PokeAPI/sprites/master/sprites/pokemon/other/official-artwork/739.png,https://www.pokemon.com/us/pokedex/crabrawler,species-page,2026-04-13T11:45:21.940891-07:00,200,official_media_verified_link_generated,,pokemon.com page content is bot-protected; official page URL is attached for manual verification.
crabominable,Crabominable,740,https://assets.pokemon.com/assets/cms2/img/pokedex/full/740.png,https://raw.githubusercontent.com/PokeAPI/sprites/master/sprites/pokemon/other/official-artwork/740.png,https://raw.githubusercontent.com/PokeAPI/sprites/master/sprites/pokemon/other/home/740.png,https://raw.githubusercontent.com/PokeAPI/sprites/master/sprites/pokemon/other/official-artwork/740.png,https://www.pokemon.com/us/pokedex/crabominable,species-page,2026-04-13T11:45:21.940891-07:00,200,official_media_verified_link_generated,,pokemon.com page content is bot-protected; official page URL is attached for manual verification.
crabominable-mega,Crabominable maleega,740,https://assets.pokemon.com/assets/cms2/img/pokedex/full/740.png,https://raw.githubusercontent.com/PokeAPI/sprites/master/sprites/pokemon/other/official-artwork/10315.png,https://raw.githubusercontent.com/PokeAPI/sprites/master/sprites/pokemon/other/official-artwork/10315.png,https://raw.githubusercontent.com/PokeAPI/sprites/master/sprites/pokemon/other/official-artwork/10315.png,https://www.pokemon.com/us/pokedex/crabominable,species-page,2026-04-13T11:45:21.940891-07:00,200,official_media_verified_link_generated,,pokemon.com page content is bot-protected; official page URL is attached for manual verification.
oricorio-baile,Oricorio Baile,741,https://assets.pokemon.com/assets/cms2/img/pokedex/full/741.png,https://raw.githubusercontent.com/PokeAPI/sprites/master/sprites/pokemon/other/official-artwork/741.png,https://raw.githubusercontent.com/PokeAPI/sprites/master/sprites/pokemon/other/home/741.png,https://raw.githubusercontent.com/PokeAPI/sprites/master/sprites/pokemon/other/official-artwork/741.png,https://www.pokemon.com/us/pokedex/oricorio,species-page,2026-04-13T11:45:21.940891-07:00,200,official_media_verified_link_generated,,pokemon.com page content is bot-protected; official page URL is attached for manual verification.
oricorio-pau,Oricorio Pau,741,https://assets.pokemon.com/assets/cms2/img/pokedex/full/741.png,https://raw.githubusercontent.com/PokeAPI/sprites/master/sprites/pokemon/other/official-artwork/10124.png,https://raw.githubusercontent.com/PokeAPI/sprites/master/sprites/pokemon/other/home/10124.png,https://raw.githubusercontent.com/PokeAPI/sprites/master/sprites/pokemon/other/official-artwork/10124.png,https://www.pokemon.com/us/pokedex/oricorio,species-page,2026-04-13T11:45:21.940891-07:00,200,official_media_verified_link_generated,,pokemon.com page content is bot-protected; official page URL is attached for manual verification.
oricorio-pom-pom,Oricorio Pom Pom,741,https://assets.pokemon.com/assets/cms2/img/pokedex/full/741.png,https://raw.githubusercontent.com/PokeAPI/sprites/master/sprites/pokemon/other/official-artwork/10123.png,https://raw.githubusercontent.com/PokeAPI/sprites/master/sprites/pokemon/other/home/10123.png,https://raw.githubusercontent.com/PokeAPI/sprites/master/sprites/pokemon/other/official-artwork/10123.png,https://www.pokemon.com/us/pokedex/oricorio,species-page,2026-04-13T11:45:21.940891-07:00,200,official_media_verified_link_generated,,pokemon.com page content is bot-protected; official page URL is attached for manual verification.
oricorio-sensu,Oricorio Sensu,741,https://assets.pokemon.com/assets/cms2/img/pokedex/full/741.png,https://raw.githubusercontent.com/PokeAPI/sprites/master/sprites/pokemon/other/official-artwork/10125.png,https://raw.githubusercontent.com/PokeAPI/sprites/master/sprites/pokemon/other/home/10125.png,https://raw.githubusercontent.com/PokeAPI/sprites/master/sprites/pokemon/other/official-artwork/10125.png,https://www.pokemon.com/us/pokedex/oricorio,species-page,2026-04-13T11:45:21.940891-07:00,200,official_media_verified_link_generated,,pokemon.com page content is bot-protected; official page URL is attached for manual verification.
cutiefly,Cutiefly,742,https://assets.pokemon.com/assets/cms2/img/pokedex/full/742.png,https://raw.githubusercontent.com/PokeAPI/sprites/master/sprites/pokemon/other/official-artwork/742.png,https://raw.githubusercontent.com/PokeAPI/sprites/master/sprites/pokemon/other/home/742.png,https://raw.githubusercontent.com/PokeAPI/sprites/master/sprites/pokemon/other/official-artwork/742.png,https://www.pokemon.com/us/pokedex/cutiefly,species-page,2026-04-13T11:45:21.940891-07:00,200,official_media_verified_link_generated,,pokemon.com page content is bot-protected; official page URL is attached for manual verification.
ribombee,Ribombee,743,https://assets.pokemon.com/assets/cms2/img/pokedex/full/743.png,https://raw.githubusercontent.com/PokeAPI/sprites/master/sprites/pokemon/other/official-artwork/743.png,https://raw.githubusercontent.com/PokeAPI/sprites/master/sprites/pokemon/other/home/743.png,https://raw.githubusercontent.com/PokeAPI/sprites/master/sprites/pokemon/other/official-artwork/743.png,https://www.pokemon.com/us/pokedex/ribombee,species-page,2026-04-13T11:45:21.940891-07:00,200,official_media_verified_link_generated,,pokemon.com page content is bot-protected; official page URL is attached for manual verification.
ribombee-totem,Ribombee Totem,743,https://assets.pokemon.com/assets/cms2/img/pokedex/full/743.png,https://raw.githubusercontent.com/PokeAPI/sprites/master/sprites/pokemon/other/official-artwork/10150.png,https://raw.githubusercontent.com/PokeAPI/sprites/master/sprites/pokemon/other/home/10150.png,https://raw.githubusercontent.com/PokeAPI/sprites/master/sprites/pokemon/other/official-artwork/10150.png,https://www.pokemon.com/us/pokedex/ribombee,species-page,2026-04-13T11:45:21.940891-07:00,200,official_media_verified_link_generated,,pokemon.com page content is bot-protected; official page URL is attached for manual verification.
rockruff,Rockruff,744,https://assets.pokemon.com/assets/cms2/img/pokedex/full/744.png,https://raw.githubusercontent.com/PokeAPI/sprites/master/sprites/pokemon/other/official-artwork/744.png,https://raw.githubusercontent.com/PokeAPI/sprites/master/sprites/pokemon/other/home/744.png,https://raw.githubusercontent.com/PokeAPI/sprites/master/sprites/pokemon/other/official-artwork/744.png,https://www.pokemon.com/us/pokedex/rockruff,species-page,2026-04-13T11:45:21.940891-07:00,200,official_media_verified_link_generated,,pokemon.com page content is bot-protected; official page URL is attached for manual verification.
rockruff-own-tempo,Rockruff Own Tempo,744,https://assets.pokemon.com/assets/cms2/img/pokedex/full/744.png,https://raw.githubusercontent.com/PokeAPI/sprites/master/sprites/pokemon/other/official-artwork/10151.png,https://raw.githubusercontent.com/PokeAPI/sprites/master/sprites/pokemon/10151.png,https://raw.githubusercontent.com/PokeAPI/sprites/master/sprites/pokemon/other/official-artwork/10151.png,https://www.pokemon.com/us/pokedex/rockruff,species-page,2026-04-13T11:45:21.940891-07:00,200,official_media_verified_link_generated,,pokemon.com page content is bot-protected; official page URL is attached for manual verification.
lycanroc-dusk,Lycanroc Dusk,745,https://assets.pokemon.com/assets/cms2/img/pokedex/full/745.png,https://raw.githubusercontent.com/PokeAPI/sprites/master/sprites/pokemon/other/official-artwork/10152.png,https://raw.githubusercontent.com/PokeAPI/sprites/master/sprites/pokemon/other/home/10152.png,https://raw.githubusercontent.com/PokeAPI/sprites/master/sprites/pokemon/other/official-artwork/10152.png,https://www.pokemon.com/us/pokedex/lycanroc,species-page,2026-04-13T11:45:21.940891-07:00,200,official_media_verified_link_generated,,pokemon.com page content is bot-protected; official page URL is attached for manual verification.
lycanroc-midday,Lycanroc maleidday,745,https://assets.pokemon.com/assets/cms2/img/pokedex/full/745.png,https://raw.githubusercontent.com/PokeAPI/sprites/master/sprites/pokemon/other/official-artwork/745.png,https://raw.githubusercontent.com/PokeAPI/sprites/master/sprites/pokemon/other/home/745.png,https://raw.githubusercontent.com/PokeAPI/sprites/master/sprites/pokemon/other/official-artwork/745.png,https://www.pokemon.com/us/pokedex/lycanroc,species-page,2026-04-13T11:45:21.940891-07:00,200,official_media_verified_link_generated,,pokemon.com page content is bot-protected; official page URL is attached for manual verification.
lycanroc-midnight,Lycanroc maleidnight,745,https://assets.pokemon.com/assets/cms2/img/pokedex/full/745.png,https://raw.githubusercontent.com/PokeAPI/sprites/master/sprites/pokemon/other/official-artwork/10126.png,https://raw.githubusercontent.com/PokeAPI/sprites/master/sprites/pokemon/other/home/10126.png,https://raw.githubusercontent.com/PokeAPI/sprites/master/sprites/pokemon/other/official-artwork/10126.png,https://www.pokemon.com/us/pokedex/lycanroc,species-page,2026-04-13T11:45:21.940891-07:00,200,official_media_verified_link_generated,,pokemon.com page content is bot-protected; official page URL is attached for manual verification.
wishiwashi-school,Wishiwashi School,746,https://assets.pokemon.com/assets/cms2/img/pokedex/full/746.png,https://raw.githubusercontent.com/PokeAPI/sprites/master/sprites/pokemon/other/official-artwork/10127.png,https://raw.githubusercontent.com/PokeAPI/sprites/master/sprites/pokemon/other/home/10127.png,https://raw.githubusercontent.com/PokeAPI/sprites/master/sprites/pokemon/other/official-artwork/10127.png,https://www.pokemon.com/us/pokedex/wishiwashi,species-page,2026-04-13T11:45:21.940891-07:00,200,official_media_verified_link_generated,,pokemon.com page content is bot-protected; official page URL is attached for manual verification.
wishiwashi-solo,Wishiwashi Solo,746,https://assets.pokemon.com/assets/cms2/img/pokedex/full/746.png,https://raw.githubusercontent.com/PokeAPI/sprites/master/sprites/pokemon/other/official-artwork/746.png,https://raw.githubusercontent.com/PokeAPI/sprites/master/sprites/pokemon/other/home/746.png,https://raw.githubusercontent.com/PokeAPI/sprites/master/sprites/pokemon/other/official-artwork/746.png,https://www.pokemon.com/us/pokedex/wishiwashi,species-page,2026-04-13T11:45:21.940891-07:00,200,official_media_verified_link_generated,,pokemon.com page content is bot-protected; official page URL is attached for manual verification.
mareanie,Mareanie,747,https://assets.pokemon.com/assets/cms2/img/pokedex/full/747.png,https://raw.githubusercontent.com/PokeAPI/sprites/master/sprites/pokemon/other/official-artwork/747.png,https://raw.githubusercontent.com/PokeAPI/sprites/master/sprites/pokemon/other/home/747.png,https://raw.githubusercontent.com/PokeAPI/sprites/master/sprites/pokemon/other/official-artwork/747.png,https://www.pokemon.com/us/pokedex/mareanie,species-page,2026-04-13T11:45:21.940891-07:00,200,official_media_verified_link_generated,,pokemon.com page content is bot-protected; official page URL is attached for manual verification.
toxapex,Toxapex,748,https://assets.pokemon.com/assets/cms2/img/pokedex/full/748.png,https://raw.githubusercontent.com/PokeAPI/sprites/master/sprites/pokemon/other/official-artwork/748.png,https://raw.githubusercontent.com/PokeAPI/sprites/master/sprites/pokemon/other/home/748.png,https://raw.githubusercontent.com/PokeAPI/sprites/master/sprites/pokemon/other/official-artwork/748.png,https://www.pokemon.com/us/pokedex/toxapex,species-page,2026-04-13T11:45:21.940891-07:00,200,official_media_verified_link_generated,,pokemon.com page content is bot-protected; official page URL is attached for manual verification.
mudbray,Mudbray,749,https://assets.pokemon.com/assets/cms2/img/pokedex/full/749.png,https://raw.githubusercontent.com/PokeAPI/sprites/master/sprites/pokemon/other/official-artwork/749.png,https://raw.githubusercontent.com/PokeAPI/sprites/master/sprites/pokemon/other/home/749.png,https://raw.githubusercontent.com/PokeAPI/sprites/master/sprites/pokemon/other/official-artwork/749.png,https://www.pokemon.com/us/pokedex/mudbray,species-page,2026-04-13T11:45:21.940891-07:00,200,official_media_verified_link_generated,,pokemon.com page content is bot-protected; official page URL is attached for manual verification.
mudsdale,Mudsdale,750,https://assets.pokemon.com/assets/cms2/img/pokedex/full/750.png,https://raw.githubusercontent.com/PokeAPI/sprites/master/sprites/pokemon/other/official-artwork/750.png,https://raw.githubusercontent.com/PokeAPI/sprites/master/sprites/pokemon/other/home/750.png,https://raw.githubusercontent.com/PokeAPI/sprites/master/sprites/pokemon/other/official-artwork/750.png,https://www.pokemon.com/us/pokedex/mudsdale,species-page,2026-04-13T11:45:21.940891-07:00,200,official_media_verified_link_generated,,pokemon.com page content is bot-protected; official page URL is attached for manual verification.
dewpider,Dewpider,751,https://assets.pokemon.com/assets/cms2/img/pokedex/full/751.png,https://raw.githubusercontent.com/PokeAPI/sprites/master/sprites/pokemon/other/official-artwork/751.png,https://raw.githubusercontent.com/PokeAPI/sprites/master/sprites/pokemon/other/home/751.png,https://raw.githubusercontent.com/PokeAPI/sprites/master/sprites/pokemon/other/official-artwork/751.png,https://www.pokemon.com/us/pokedex/dewpider,species-page,2026-04-13T11:45:21.940891-07:00,200,official_media_verified_link_generated,,pokemon.com page content is bot-protected; official page URL is attached for manual verification.
araquanid,Araquanid,752,https://assets.pokemon.com/assets/cms2/img/pokedex/full/752.png,https://raw.githubusercontent.com/PokeAPI/sprites/master/sprites/pokemon/other/official-artwork/752.png,https://raw.githubusercontent.com/PokeAPI/sprites/master/sprites/pokemon/other/home/752.png,https://raw.githubusercontent.com/PokeAPI/sprites/master/sprites/pokemon/other/official-artwork/752.png,https://www.pokemon.com/us/pokedex/araquanid,species-page,2026-04-13T11:45:21.940891-07:00,200,official_media_verified_link_generated,,pokemon.com page content is bot-protected; official page URL is attached for manual verification.
araquanid-totem,Araquanid Totem,752,https://assets.pokemon.com/assets/cms2/img/pokedex/full/752.png,https://raw.githubusercontent.com/PokeAPI/sprites/master/sprites/pokemon/other/official-artwork/10153.png,https://raw.githubusercontent.com/PokeAPI/sprites/master/sprites/pokemon/other/home/10153.png,https://raw.githubusercontent.com/PokeAPI/sprites/master/sprites/pokemon/other/official-artwork/10153.png,https://www.pokemon.com/us/pokedex/araquanid,species-page,2026-04-13T11:45:21.940891-07:00,200,official_media_verified_link_generated,,pokemon.com page content is bot-protected; official page URL is attached for manual verification.
fomantis,Fomantis,753,https://assets.pokemon.com/assets/cms2/img/pokedex/full/753.png,https://raw.githubusercontent.com/PokeAPI/sprites/master/sprites/pokemon/other/official-artwork/753.png,https://raw.githubusercontent.com/PokeAPI/sprites/master/sprites/pokemon/other/home/753.png,https://raw.githubusercontent.com/PokeAPI/sprites/master/sprites/pokemon/other/official-artwork/753.png,https://www.pokemon.com/us/pokedex/fomantis,species-page,2026-04-13T11:45:21.940891-07:00,200,official_media_verified_link_generated,,pokemon.com page content is bot-protected; official page URL is attached for manual verification.
lurantis,Lurantis,754,https://assets.pokemon.com/assets/cms2/img/pokedex/full/754.png,https://raw.githubusercontent.com/PokeAPI/sprites/master/sprites/pokemon/other/official-artwork/754.png,https://raw.githubusercontent.com/PokeAPI/sprites/master/sprites/pokemon/other/home/754.png,https://raw.githubusercontent.com/PokeAPI/sprites/master/sprites/pokemon/other/official-artwork/754.png,https://www.pokemon.com/us/pokedex/lurantis,species-page,2026-04-13T11:45:21.940891-07:00,200,official_media_verified_link_generated,,pokemon.com page content is bot-protected; official page URL is attached for manual verification.
lurantis-totem,Lurantis Totem,754,https://assets.pokemon.com/assets/cms2/img/pokedex/full/754.png,https://raw.githubusercontent.com/PokeAPI/sprites/master/sprites/pokemon/other/official-artwork/10128.png,https://raw.githubusercontent.com/PokeAPI/sprites/master/sprites/pokemon/other/home/10128.png,https://raw.githubusercontent.com/PokeAPI/sprites/master/sprites/pokemon/other/official-artwork/10128.png,https://www.pokemon.com/us/pokedex/lurantis,species-page,2026-04-13T11:45:21.940891-07:00,200,official_media_verified_link_generated,,pokemon.com page content is bot-protected; official page URL is attached for manual verification.
morelull,Morelull,755,https://assets.pokemon.com/assets/cms2/img/pokedex/full/755.png,https://raw.githubusercontent.com/PokeAPI/sprites/master/sprites/pokemon/other/official-artwork/755.png,https://raw.githubusercontent.com/PokeAPI/sprites/master/sprites/pokemon/other/home/755.png,https://raw.githubusercontent.com/PokeAPI/sprites/master/sprites/pokemon/other/official-artwork/755.png,https://www.pokemon.com/us/pokedex/morelull,species-page,2026-04-13T11:45:21.940891-07:00,200,official_media_verified_link_generated,,pokemon.com page content is bot-protected; official page URL is attached for manual verification.
shiinotic,Shiinotic,756,https://assets.pokemon.com/assets/cms2/img/pokedex/full/756.png,https://raw.githubusercontent.com/PokeAPI/sprites/master/sprites/pokemon/other/official-artwork/756.png,https://raw.githubusercontent.com/PokeAPI/sprites/master/sprites/pokemon/other/home/756.png,https://raw.githubusercontent.com/PokeAPI/sprites/master/sprites/pokemon/other/official-artwork/756.png,https://www.pokemon.com/us/pokedex/shiinotic,species-page,2026-04-13T11:45:21.940891-07:00,200,official_media_verified_link_generated,,pokemon.com page content is bot-protected; official page URL is attached for manual verification.
salandit,Salandit,757,https://assets.pokemon.com/assets/cms2/img/pokedex/full/757.png,https://raw.githubusercontent.com/PokeAPI/sprites/master/sprites/pokemon/other/official-artwork/757.png,https://raw.githubusercontent.com/PokeAPI/sprites/master/sprites/pokemon/other/home/757.png,https://raw.githubusercontent.com/PokeAPI/sprites/master/sprites/pokemon/other/official-artwork/757.png,https://www.pokemon.com/us/pokedex/salandit,species-page,2026-04-13T11:45:21.940891-07:00,200,official_media_verified_link_generated,,pokemon.com page content is bot-protected; official page URL is attached for manual verification.
salazzle,Salazzle,758,https://assets.pokemon.com/assets/cms2/img/pokedex/full/758.png,https://raw.githubusercontent.com/PokeAPI/sprites/master/sprites/pokemon/other/official-artwork/758.png,https://raw.githubusercontent.com/PokeAPI/sprites/master/sprites/pokemon/other/home/758.png,https://raw.githubusercontent.com/PokeAPI/sprites/master/sprites/pokemon/other/official-artwork/758.png,https://www.pokemon.com/us/pokedex/salazzle,species-page,2026-04-13T11:45:21.940891-07:00,200,official_media_verified_link_generated,,pokemon.com page content is bot-protected; official page URL is attached for manual verification.
salazzle-totem,Salazzle Totem,758,https://assets.pokemon.com/assets/cms2/img/pokedex/full/758.png,https://raw.githubusercontent.com/PokeAPI/sprites/master/sprites/pokemon/other/official-artwork/10129.png,https://raw.githubusercontent.com/PokeAPI/sprites/master/sprites/pokemon/other/home/10129.png,https://raw.githubusercontent.com/PokeAPI/sprites/master/sprites/pokemon/other/official-artwork/10129.png,https://www.pokemon.com/us/pokedex/salazzle,species-page,2026-04-13T11:45:21.940891-07:00,200,official_media_verified_link_generated,,pokemon.com page content is bot-protected; official page URL is attached for manual verification.
stufful,Stufful,759,https://assets.pokemon.com/assets/cms2/img/pokedex/full/759.png,https://raw.githubusercontent.com/PokeAPI/sprites/master/sprites/pokemon/other/official-artwork/759.png,https://raw.githubusercontent.com/PokeAPI/sprites/master/sprites/pokemon/other/home/759.png,https://raw.githubusercontent.com/PokeAPI/sprites/master/sprites/pokemon/other/official-artwork/759.png,https://www.pokemon.com/us/pokedex/stufful,species-page,2026-04-13T11:45:21.940891-07:00,200,official_media_verified_link_generated,,pokemon.com page content is bot-protected; official page URL is attached for manual verification.
bewear,Bewear,760,https://assets.pokemon.com/assets/cms2/img/pokedex/full/760.png,https://raw.githubusercontent.com/PokeAPI/sprites/master/sprites/pokemon/other/official-artwork/760.png,https://raw.githubusercontent.com/PokeAPI/sprites/master/sprites/pokemon/other/home/760.png,https://raw.githubusercontent.com/PokeAPI/sprites/master/sprites/pokemon/other/official-artwork/760.png,https://www.pokemon.com/us/pokedex/bewear,species-page,2026-04-13T11:45:21.940891-07:00,200,official_media_verified_link_generated,,pokemon.com page content is bot-protected; official page URL is attached for manual verification.
bounsweet,Bounsweet,761,https://assets.pokemon.com/assets/cms2/img/pokedex/full/761.png,https://raw.githubusercontent.com/PokeAPI/sprites/master/sprites/pokemon/other/official-artwork/761.png,https://raw.githubusercontent.com/PokeAPI/sprites/master/sprites/pokemon/other/home/761.png,https://raw.githubusercontent.com/PokeAPI/sprites/master/sprites/pokemon/other/official-artwork/761.png,https://www.pokemon.com/us/pokedex/bounsweet,species-page,2026-04-13T11:45:21.940891-07:00,200,official_media_verified_link_generated,,pokemon.com page content is bot-protected; official page URL is attached for manual verification.
steenee,Steenee,762,https://assets.pokemon.com/assets/cms2/img/pokedex/full/762.png,https://raw.githubusercontent.com/PokeAPI/sprites/master/sprites/pokemon/other/official-artwork/762.png,https://raw.githubusercontent.com/PokeAPI/sprites/master/sprites/pokemon/other/home/762.png,https://raw.githubusercontent.com/PokeAPI/sprites/master/sprites/pokemon/other/official-artwork/762.png,https://www.pokemon.com/us/pokedex/steenee,species-page,2026-04-13T11:45:21.940891-07:00,200,official_media_verified_link_generated,,pokemon.com page content is bot-protected; official page URL is attached for manual verification.
tsareena,Tsareena,763,https://assets.pokemon.com/assets/cms2/img/pokedex/full/763.png,https://raw.githubusercontent.com/PokeAPI/sprites/master/sprites/pokemon/other/official-artwork/763.png,https://raw.githubusercontent.com/PokeAPI/sprites/master/sprites/pokemon/other/home/763.png,https://raw.githubusercontent.com/PokeAPI/sprites/master/sprites/pokemon/other/official-artwork/763.png,https://www.pokemon.com/us/pokedex/tsareena,species-page,2026-04-13T11:45:21.940891-07:00,200,official_media_verified_link_generated,,pokemon.com page content is bot-protected; official page URL is attached for manual verification.
comfey,Comfey,764,https://assets.pokemon.com/assets/cms2/img/pokedex/full/764.png,https://raw.githubusercontent.com/PokeAPI/sprites/master/sprites/pokemon/other/official-artwork/764.png,https://raw.githubusercontent.com/PokeAPI/sprites/master/sprites/pokemon/other/home/764.png,https://raw.githubusercontent.com/PokeAPI/sprites/master/sprites/pokemon/other/official-artwork/764.png,https://www.pokemon.com/us/pokedex/comfey,species-page,2026-04-13T11:45:21.940891-07:00,200,official_media_verified_link_generated,,pokemon.com page content is bot-protected; official page URL is attached for manual verification.
oranguru,Oranguru,765,https://assets.pokemon.com/assets/cms2/img/pokedex/full/765.png,https://raw.githubusercontent.com/PokeAPI/sprites/master/sprites/pokemon/other/official-artwork/765.png,https://raw.githubusercontent.com/PokeAPI/sprites/master/sprites/pokemon/other/home/765.png,https://raw.githubusercontent.com/PokeAPI/sprites/master/sprites/pokemon/other/official-artwork/765.png,https://www.pokemon.com/us/pokedex/oranguru,species-page,2026-04-13T11:45:21.940891-07:00,200,official_media_verified_link_generated,,pokemon.com page content is bot-protected; official page URL is attached for manual verification.
passimian,Passimian,766,https://assets.pokemon.com/assets/cms2/img/pokedex/full/766.png,https://raw.githubusercontent.com/PokeAPI/sprites/master/sprites/pokemon/other/official-artwork/766.png,https://raw.githubusercontent.com/PokeAPI/sprites/master/sprites/pokemon/other/home/766.png,https://raw.githubusercontent.com/PokeAPI/sprites/master/sprites/pokemon/other/official-artwork/766.png,https://www.pokemon.com/us/pokedex/passimian,species-page,2026-04-13T11:45:21.940891-07:00,200,official_media_verified_link_generated,,pokemon.com page content is bot-protected; official page URL is attached for manual verification.
wimpod,Wimpod,767,https://assets.pokemon.com/assets/cms2/img/pokedex/full/767.png,https://raw.githubusercontent.com/PokeAPI/sprites/master/sprites/pokemon/other/official-artwork/767.png,https://raw.githubusercontent.com/PokeAPI/sprites/master/sprites/pokemon/other/home/767.png,https://raw.githubusercontent.com/PokeAPI/sprites/master/sprites/pokemon/other/official-artwork/767.png,https://www.pokemon.com/us/pokedex/wimpod,species-page,2026-04-13T11:45:21.940891-07:00,200,official_media_verified_link_generated,,pokemon.com page content is bot-protected; official page URL is attached for manual verification.
golisopod,Golisopod,768,https://assets.pokemon.com/assets/cms2/img/pokedex/full/768.png,https://raw.githubusercontent.com/PokeAPI/sprites/master/sprites/pokemon/other/official-artwork/768.png,https://raw.githubusercontent.com/PokeAPI/sprites/master/sprites/pokemon/other/home/768.png,https://raw.githubusercontent.com/PokeAPI/sprites/master/sprites/pokemon/other/official-artwork/768.png,https://www.pokemon.com/us/pokedex/golisopod,species-page,2026-04-13T11:45:21.940891-07:00,200,official_media_verified_link_generated,,pokemon.com page content is bot-protected; official page URL is attached for manual verification.
golisopod-mega,Golisopod maleega,768,https://assets.pokemon.com/assets/cms2/img/pokedex/full/768.png,https://raw.githubusercontent.com/PokeAPI/sprites/master/sprites/pokemon/other/official-artwork/10316.png,https://raw.githubusercontent.com/PokeAPI/sprites/master/sprites/pokemon/other/official-artwork/10316.png,https://raw.githubusercontent.com/PokeAPI/sprites/master/sprites/pokemon/other/official-artwork/10316.png,https://www.pokemon.com/us/pokedex/golisopod,species-page,2026-04-13T11:45:21.940891-07:00,200,official_media_verified_link_generated,,pokemon.com page content is bot-protected; official page URL is attached for manual verification.
sandygast,Sandygast,769,https://assets.pokemon.com/assets/cms2/img/pokedex/full/769.png,https://raw.githubusercontent.com/PokeAPI/sprites/master/sprites/pokemon/other/official-artwork/769.png,https://raw.githubusercontent.com/PokeAPI/sprites/master/sprites/pokemon/other/home/769.png,https://raw.githubusercontent.com/PokeAPI/sprites/master/sprites/pokemon/other/official-artwork/769.png,https://www.pokemon.com/us/pokedex/sandygast,species-page,2026-04-13T11:45:21.940891-07:00,200,official_media_verified_link_generated,,pokemon.com page content is bot-protected; official page URL is attached for manual verification.
palossand,Palossand,770,https://assets.pokemon.com/assets/cms2/img/pokedex/full/770.png,https://raw.githubusercontent.com/PokeAPI/sprites/master/sprites/pokemon/other/official-artwork/770.png,https://raw.githubusercontent.com/PokeAPI/sprites/master/sprites/pokemon/other/home/770.png,https://raw.githubusercontent.com/PokeAPI/sprites/master/sprites/pokemon/other/official-artwork/770.png,https://www.pokemon.com/us/pokedex/palossand,species-page,2026-04-13T11:45:21.940891-07:00,200,official_media_verified_link_generated,,pokemon.com page content is bot-protected; official page URL is attached for manual verification.
pyukumuku,Pyukumuku,771,https://assets.pokemon.com/assets/cms2/img/pokedex/full/771.png,https://raw.githubusercontent.com/PokeAPI/sprites/master/sprites/pokemon/other/official-artwork/771.png,https://raw.githubusercontent.com/PokeAPI/sprites/master/sprites/pokemon/other/home/771.png,https://raw.githubusercontent.com/PokeAPI/sprites/master/sprites/pokemon/other/official-artwork/771.png,https://www.pokemon.com/us/pokedex/pyukumuku,species-page,2026-04-13T11:45:21.940891-07:00,200,official_media_verified_link_generated,,pokemon.com page content is bot-protected; official page URL is attached for manual verification.
type-null,Type Null,772,https://assets.pokemon.com/assets/cms2/img/pokedex/full/772.png,https://raw.githubusercontent.com/PokeAPI/sprites/master/sprites/pokemon/other/official-artwork/772.png,https://raw.githubusercontent.com/PokeAPI/sprites/master/sprites/pokemon/other/home/772.png,https://raw.githubusercontent.com/PokeAPI/sprites/master/sprites/pokemon/other/official-artwork/772.png,https://www.pokemon.com/us/pokedex/type-null,species-page,2026-04-13T11:45:21.940891-07:00,200,official_media_verified_link_generated,,pokemon.com page content is bot-protected; official page URL is attached for manual verification.
silvally,Silvally,773,https://assets.pokemon.com/assets/cms2/img/pokedex/full/773.png,https://raw.githubusercontent.com/PokeAPI/sprites/master/sprites/pokemon/other/official-artwork/773.png,https://raw.githubusercontent.com/PokeAPI/sprites/master/sprites/pokemon/other/home/773.png,https://raw.githubusercontent.com/PokeAPI/sprites/master/sprites/pokemon/other/official-artwork/773.png,https://www.pokemon.com/us/pokedex/silvally,species-page,2026-04-13T11:45:21.940891-07:00,200,official_media_verified_link_generated,,pokemon.com page content is bot-protected; official page URL is attached for manual verification.
minior-blue,Minior Blue,774,https://assets.pokemon.com/assets/cms2/img/pokedex/full/774.png,https://raw.githubusercontent.com/PokeAPI/sprites/master/sprites/pokemon/other/official-artwork/10140.png,https://raw.githubusercontent.com/PokeAPI/sprites/master/sprites/pokemon/other/home/10140.png,https://raw.githubusercontent.com/PokeAPI/sprites/master/sprites/pokemon/other/official-artwork/10140.png,https://www.pokemon.com/us/pokedex/minior,species-page,2026-04-13T11:45:21.940891-07:00,200,official_media_verified_link_generated,,pokemon.com page content is bot-protected; official page URL is attached for manual verification.
minior-blue-meteor,Minior Blue maleeteor,774,https://assets.pokemon.com/assets/cms2/img/pokedex/full/774.png,https://raw.githubusercontent.com/PokeAPI/sprites/master/sprites/pokemon/other/official-artwork/10133.png,https://raw.githubusercontent.com/PokeAPI/sprites/master/sprites/pokemon/other/home/10133.png,https://raw.githubusercontent.com/PokeAPI/sprites/master/sprites/pokemon/other/official-artwork/10133.png,https://www.pokemon.com/us/pokedex/minior,species-page,2026-04-13T11:45:21.940891-07:00,200,official_media_verified_link_generated,,pokemon.com page content is bot-protected; official page URL is attached for manual verification.
minior-green,Minior Green,774,https://assets.pokemon.com/assets/cms2/img/pokedex/full/774.png,https://raw.githubusercontent.com/PokeAPI/sprites/master/sprites/pokemon/other/official-artwork/10139.png,https://raw.githubusercontent.com/PokeAPI/sprites/master/sprites/pokemon/other/home/10139.png,https://raw.githubusercontent.com/PokeAPI/sprites/master/sprites/pokemon/other/official-artwork/10139.png,https://www.pokemon.com/us/pokedex/minior,species-page,2026-04-13T11:45:21.940891-07:00,200,official_media_verified_link_generated,,pokemon.com page content is bot-protected; official page URL is attached for manual verification.
minior-green-meteor,Minior Green maleeteor,774,https://assets.pokemon.com/assets/cms2/img/pokedex/full/774.png,https://raw.githubusercontent.com/PokeAPI/sprites/master/sprites/pokemon/other/official-artwork/10132.png,https://raw.githubusercontent.com/PokeAPI/sprites/master/sprites/pokemon/other/home/10132.png,https://raw.githubusercontent.com/PokeAPI/sprites/master/sprites/pokemon/other/official-artwork/10132.png,https://www.pokemon.com/us/pokedex/minior,species-page,2026-04-13T11:45:21.940891-07:00,200,official_media_verified_link_generated,,pokemon.com page content is bot-protected; official page URL is attached for manual verification.
minior-indigo,Minior Indigo,774,https://assets.pokemon.com/assets/cms2/img/pokedex/full/774.png,https://raw.githubusercontent.com/PokeAPI/sprites/master/sprites/pokemon/other/official-artwork/10141.png,https://raw.githubusercontent.com/PokeAPI/sprites/master/sprites/pokemon/other/home/10141.png,https://raw.githubusercontent.com/PokeAPI/sprites/master/sprites/pokemon/other/official-artwork/10141.png,https://www.pokemon.com/us/pokedex/minior,species-page,2026-04-13T11:45:21.940891-07:00,200,official_media_verified_link_generated,,pokemon.com page content is bot-protected; official page URL is attached for manual verification.
minior-indigo-meteor,Minior Indigo maleeteor,774,https://assets.pokemon.com/assets/cms2/img/pokedex/full/774.png,https://raw.githubusercontent.com/PokeAPI/sprites/master/sprites/pokemon/other/official-artwork/10134.png,https://raw.githubusercontent.com/PokeAPI/sprites/master/sprites/pokemon/other/home/10134.png,https://raw.githubusercontent.com/PokeAPI/sprites/master/sprites/pokemon/other/official-artwork/10134.png,https://www.pokemon.com/us/pokedex/minior,species-page,2026-04-13T11:45:21.940891-07:00,200,official_media_verified_link_generated,,pokemon.com page content is bot-protected; official page URL is attached for manual verification.
minior-orange,Minior Orange,774,https://assets.pokemon.com/assets/cms2/img/pokedex/full/774.png,https://raw.githubusercontent.com/PokeAPI/sprites/master/sprites/pokemon/other/official-artwork/10137.png,https://raw.githubusercontent.com/PokeAPI/sprites/master/sprites/pokemon/other/home/10137.png,https://raw.githubusercontent.com/PokeAPI/sprites/master/sprites/pokemon/other/official-artwork/10137.png,https://www.pokemon.com/us/pokedex/minior,species-page,2026-04-13T11:45:21.940891-07:00,200,official_media_verified_link_generated,,pokemon.com page content is bot-protected; official page URL is attached for manual verification.
minior-orange-meteor,Minior Orange maleeteor,774,https://assets.pokemon.com/assets/cms2/img/pokedex/full/774.png,https://raw.githubusercontent.com/PokeAPI/sprites/master/sprites/pokemon/other/official-artwork/10130.png,https://raw.githubusercontent.com/PokeAPI/sprites/master/sprites/pokemon/other/home/10130.png,https://raw.githubusercontent.com/PokeAPI/sprites/master/sprites/pokemon/other/official-artwork/10130.png,https://www.pokemon.com/us/pokedex/minior,species-page,2026-04-13T11:45:21.940891-07:00,200,official_media_verified_link_generated,,pokemon.com page content is bot-protected; official page URL is attached for manual verification.
minior-red,Minior Red,774,https://assets.pokemon.com/assets/cms2/img/pokedex/full/774.png,https://raw.githubusercontent.com/PokeAPI/sprites/master/sprites/pokemon/other/official-artwork/10136.png,https://raw.githubusercontent.com/PokeAPI/sprites/master/sprites/pokemon/other/home/10136.png,https://raw.githubusercontent.com/PokeAPI/sprites/master/sprites/pokemon/other/official-artwork/10136.png,https://www.pokemon.com/us/pokedex/minior,species-page,2026-04-13T11:45:21.940891-07:00,200,official_media_verified_link_generated,,pokemon.com page content is bot-protected; official page URL is attached for manual verification.
minior-red-meteor,Minior Red maleeteor,774,https://assets.pokemon.com/assets/cms2/img/pokedex/full/774.png,https://raw.githubusercontent.com/PokeAPI/sprites/master/sprites/pokemon/other/official-artwork/774.png,https://raw.githubusercontent.com/PokeAPI/sprites/master/sprites/pokemon/other/home/774.png,https://raw.githubusercontent.com/PokeAPI/sprites/master/sprites/pokemon/other/official-artwork/774.png,https://www.pokemon.com/us/pokedex/minior,species-page,2026-04-13T11:45:21.940891-07:00,200,official_media_verified_link_generated,,pokemon.com page content is bot-protected; official page URL is attached for manual verification.
minior-violet,Minior Violet,774,https://assets.pokemon.com/assets/cms2/img/pokedex/full/774.png,https://raw.githubusercontent.com/PokeAPI/sprites/master/sprites/pokemon/other/official-artwork/10142.png,https://raw.githubusercontent.com/PokeAPI/sprites/master/sprites/pokemon/other/home/10142.png,https://raw.githubusercontent.com/PokeAPI/sprites/master/sprites/pokemon/other/official-artwork/10142.png,https://www.pokemon.com/us/pokedex/minior,species-page,2026-04-13T11:45:21.940891-07:00,200,official_media_verified_link_generated,,pokemon.com page content is bot-protected; official page URL is attached for manual verification.
minior-violet-meteor,Minior Violet maleeteor,774,https://assets.pokemon.com/assets/cms2/img/pokedex/full/774.png,https://raw.githubusercontent.com/PokeAPI/sprites/master/sprites/pokemon/other/official-artwork/10135.png,https://raw.githubusercontent.com/PokeAPI/sprites/master/sprites/pokemon/other/home/10135.png,https://raw.githubusercontent.com/PokeAPI/sprites/master/sprites/pokemon/other/official-artwork/10135.png,https://www.pokemon.com/us/pokedex/minior,species-page,2026-04-13T11:45:21.940891-07:00,200,official_media_verified_link_generated,,pokemon.com page content is bot-protected; official page URL is attached for manual verification.
minior-yellow,Minior Yellow,774,https://assets.pokemon.com/assets/cms2/img/pokedex/full/774.png,https://raw.githubusercontent.com/PokeAPI/sprites/master/sprites/pokemon/other/official-artwork/10138.png,https://raw.githubusercontent.com/PokeAPI/sprites/master/sprites/pokemon/other/home/10138.png,https://raw.githubusercontent.com/PokeAPI/sprites/master/sprites/pokemon/other/official-artwork/10138.png,https://www.pokemon.com/us/pokedex/minior,species-page,2026-04-13T11:45:21.940891-07:00,200,official_media_verified_link_generated,,pokemon.com page content is bot-protected; official page URL is attached for manual verification.
minior-yellow-meteor,Minior Yellow maleeteor,774,https://assets.pokemon.com/assets/cms2/img/pokedex/full/774.png,https://raw.githubusercontent.com/PokeAPI/sprites/master/sprites/pokemon/other/official-artwork/10131.png,https://raw.githubusercontent.com/PokeAPI/sprites/master/sprites/pokemon/other/home/10131.png,https://raw.githubusercontent.com/PokeAPI/sprites/master/sprites/pokemon/other/official-artwork/10131.png,https://www.pokemon.com/us/pokedex/minior,species-page,2026-04-13T11:45:21.940891-07:00,200,official_media_verified_link_generated,,pokemon.com page content is bot-protected; official page URL is attached for manual verification.
komala,Komala,775,https://assets.pokemon.com/assets/cms2/img/pokedex/full/775.png,https://raw.githubusercontent.com/PokeAPI/sprites/master/sprites/pokemon/other/official-artwork/775.png,https://raw.githubusercontent.com/PokeAPI/sprites/master/sprites/pokemon/other/home/775.png,https://raw.githubusercontent.com/PokeAPI/sprites/master/sprites/pokemon/other/official-artwork/775.png,https://www.pokemon.com/us/pokedex/komala,species-page,2026-04-13T11:45:21.940891-07:00,200,official_media_verified_link_generated,,pokemon.com page content is bot-protected; official page URL is attached for manual verification.
turtonator,Turtonator,776,https://assets.pokemon.com/assets/cms2/img/pokedex/full/776.png,https://raw.githubusercontent.com/PokeAPI/sprites/master/sprites/pokemon/other/official-artwork/776.png,https://raw.githubusercontent.com/PokeAPI/sprites/master/sprites/pokemon/other/home/776.png,https://raw.githubusercontent.com/PokeAPI/sprites/master/sprites/pokemon/other/official-artwork/776.png,https://www.pokemon.com/us/pokedex/turtonator,species-page,2026-04-13T11:45:21.940891-07:00,200,official_media_verified_link_generated,,pokemon.com page content is bot-protected; official page URL is attached for manual verification.
togedemaru,Togedemaru,777,https://assets.pokemon.com/assets/cms2/img/pokedex/full/777.png,https://raw.githubusercontent.com/PokeAPI/sprites/master/sprites/pokemon/other/official-artwork/777.png,https://raw.githubusercontent.com/PokeAPI/sprites/master/sprites/pokemon/other/home/777.png,https://raw.githubusercontent.com/PokeAPI/sprites/master/sprites/pokemon/other/official-artwork/777.png,https://www.pokemon.com/us/pokedex/togedemaru,species-page,2026-04-13T11:45:21.940891-07:00,200,official_media_verified_link_generated,,pokemon.com page content is bot-protected; official page URL is attached for manual verification.
togedemaru-totem,Togedemaru Totem,777,https://assets.pokemon.com/assets/cms2/img/pokedex/full/777.png,https://raw.githubusercontent.com/PokeAPI/sprites/master/sprites/pokemon/other/official-artwork/10154.png,https://raw.githubusercontent.com/PokeAPI/sprites/master/sprites/pokemon/other/home/10154.png,https://raw.githubusercontent.com/PokeAPI/sprites/master/sprites/pokemon/other/official-artwork/10154.png,https://www.pokemon.com/us/pokedex/togedemaru,species-page,2026-04-13T11:45:21.940891-07:00,200,official_media_verified_link_generated,,pokemon.com page content is bot-protected; official page URL is attached for manual verification.
mimikyu-busted,Mimikyu Busted,778,https://assets.pokemon.com/assets/cms2/img/pokedex/full/778.png,,https://raw.githubusercontent.com/PokeAPI/sprites/master/sprites/pokemon/other/home/10143.png,https://assets.pokemon.com/assets/cms2/img/pokedex/full/778.png,https://www.pokemon.com/us/pokedex/mimikyu,species-page,2026-04-13T11:45:21.940891-07:00,200,official_media_verified_link_generated,,pokemon.com page content is bot-protected; official page URL is attached for manual verification.
mimikyu-disguised,Mimikyu Disguised,778,https://assets.pokemon.com/assets/cms2/img/pokedex/full/778.png,https://raw.githubusercontent.com/PokeAPI/sprites/master/sprites/pokemon/other/official-artwork/778.png,https://raw.githubusercontent.com/PokeAPI/sprites/master/sprites/pokemon/other/home/778.png,https://raw.githubusercontent.com/PokeAPI/sprites/master/sprites/pokemon/other/official-artwork/778.png,https://www.pokemon.com/us/pokedex/mimikyu,species-page,2026-04-13T11:45:21.940891-07:00,200,official_media_verified_link_generated,,pokemon.com page content is bot-protected; official page URL is attached for manual verification.
mimikyu-totem-busted,Mimikyu Totem Busted,778,https://assets.pokemon.com/assets/cms2/img/pokedex/full/778.png,,https://raw.githubusercontent.com/PokeAPI/sprites/master/sprites/pokemon/other/home/10145.png,https://assets.pokemon.com/assets/cms2/img/pokedex/full/778.png,https://www.pokemon.com/us/pokedex/mimikyu,species-page,2026-04-13T11:45:21.940891-07:00,200,official_media_verified_link_generated,,pokemon.com page content is bot-protected; official page URL is attached for manual verification.
mimikyu-totem-disguised,Mimikyu Totem Disguised,778,https://assets.pokemon.com/assets/cms2/img/pokedex/full/778.png,https://raw.githubusercontent.com/PokeAPI/sprites/master/sprites/pokemon/other/official-artwork/10144.png,https://raw.githubusercontent.com/PokeAPI/sprites/master/sprites/pokemon/10144.png,https://raw.githubusercontent.com/PokeAPI/sprites/master/sprites/pokemon/other/official-artwork/10144.png,https://www.pokemon.com/us/pokedex/mimikyu,species-page,2026-04-13T11:45:21.940891-07:00,200,official_media_verified_link_generated,,pokemon.com page content is bot-protected; official page URL is attached for manual verification.
bruxish,Bruxish,779,https://assets.pokemon.com/assets/cms2/img/pokedex/full/779.png,https://raw.githubusercontent.com/PokeAPI/sprites/master/sprites/pokemon/other/official-artwork/779.png,https://raw.githubusercontent.com/PokeAPI/sprites/master/sprites/pokemon/other/home/779.png,https://raw.githubusercontent.com/PokeAPI/sprites/master/sprites/pokemon/other/official-artwork/779.png,https://www.pokemon.com/us/pokedex/bruxish,species-page,2026-04-13T11:45:21.940891-07:00,200,official_media_verified_link_generated,,pokemon.com page content is bot-protected; official page URL is attached for manual verification.
drampa,Drampa,780,https://assets.pokemon.com/assets/cms2/img/pokedex/full/780.png,https://raw.githubusercontent.com/PokeAPI/sprites/master/sprites/pokemon/other/official-artwork/780.png,https://raw.githubusercontent.com/PokeAPI/sprites/master/sprites/pokemon/other/home/780.png,https://raw.githubusercontent.com/PokeAPI/sprites/master/sprites/pokemon/other/official-artwork/780.png,https://www.pokemon.com/us/pokedex/drampa,species-page,2026-04-13T11:45:21.940891-07:00,200,official_media_verified_link_generated,,pokemon.com page content is bot-protected; official page URL is attached for manual verification.
drampa-mega,Drampa maleega,780,https://assets.pokemon.com/assets/cms2/img/pokedex/full/780.png,https://raw.githubusercontent.com/PokeAPI/sprites/master/sprites/pokemon/other/official-artwork/10302.png,https://raw.githubusercontent.com/PokeAPI/sprites/master/sprites/pokemon/other/official-artwork/10302.png,https://raw.githubusercontent.com/PokeAPI/sprites/master/sprites/pokemon/other/official-artwork/10302.png,https://www.pokemon.com/us/pokedex/drampa,species-page,2026-04-13T11:45:21.940891-07:00,200,official_media_verified_link_generated,,pokemon.com page content is bot-protected; official page URL is attached for manual verification.
dhelmise,Dhelmise,781,https://assets.pokemon.com/assets/cms2/img/pokedex/full/781.png,https://raw.githubusercontent.com/PokeAPI/sprites/master/sprites/pokemon/other/official-artwork/781.png,https://raw.githubusercontent.com/PokeAPI/sprites/master/sprites/pokemon/other/home/781.png,https://raw.githubusercontent.com/PokeAPI/sprites/master/sprites/pokemon/other/official-artwork/781.png,https://www.pokemon.com/us/pokedex/dhelmise,species-page,2026-04-13T11:45:21.940891-07:00,200,official_media_verified_link_generated,,pokemon.com page content is bot-protected; official page URL is attached for manual verification.
jangmo-o,Jangmo O,782,https://assets.pokemon.com/assets/cms2/img/pokedex/full/782.png,https://raw.githubusercontent.com/PokeAPI/sprites/master/sprites/pokemon/other/official-artwork/782.png,https://raw.githubusercontent.com/PokeAPI/sprites/master/sprites/pokemon/other/home/782.png,https://raw.githubusercontent.com/PokeAPI/sprites/master/sprites/pokemon/other/official-artwork/782.png,https://www.pokemon.com/us/pokedex/jangmo-o,species-page,2026-04-13T11:45:21.940891-07:00,200,official_media_verified_link_generated,,pokemon.com page content is bot-protected; official page URL is attached for manual verification.
hakamo-o,Hakamo O,783,https://assets.pokemon.com/assets/cms2/img/pokedex/full/783.png,https://raw.githubusercontent.com/PokeAPI/sprites/master/sprites/pokemon/other/official-artwork/783.png,https://raw.githubusercontent.com/PokeAPI/sprites/master/sprites/pokemon/other/home/783.png,https://raw.githubusercontent.com/PokeAPI/sprites/master/sprites/pokemon/other/official-artwork/783.png,https://www.pokemon.com/us/pokedex/hakamo-o,species-page,2026-04-13T11:45:21.940891-07:00,200,official_media_verified_link_generated,,pokemon.com page content is bot-protected; official page URL is attached for manual verification.
kommo-o,Kommo O,784,https://assets.pokemon.com/assets/cms2/img/pokedex/full/784.png,https://raw.githubusercontent.com/PokeAPI/sprites/master/sprites/pokemon/other/official-artwork/784.png,https://raw.githubusercontent.com/PokeAPI/sprites/master/sprites/pokemon/other/home/784.png,https://raw.githubusercontent.com/PokeAPI/sprites/master/sprites/pokemon/other/official-artwork/784.png,https://www.pokemon.com/us/pokedex/kommo-o,species-page,2026-04-13T11:45:21.940891-07:00,200,official_media_verified_link_generated,,pokemon.com page content is bot-protected; official page URL is attached for manual verification.
kommo-o-totem,Kommo O Totem,784,https://assets.pokemon.com/assets/cms2/img/pokedex/full/784.png,https://raw.githubusercontent.com/PokeAPI/sprites/master/sprites/pokemon/other/official-artwork/10146.png,https://raw.githubusercontent.com/PokeAPI/sprites/master/sprites/pokemon/other/home/10146.png,https://raw.githubusercontent.com/PokeAPI/sprites/master/sprites/pokemon/other/official-artwork/10146.png,https://www.pokemon.com/us/pokedex/kommo-o,species-page,2026-04-13T11:45:21.940891-07:00,200,official_media_verified_link_generated,,pokemon.com page content is bot-protected; official page URL is attached for manual verification.
tapu-koko,Tapu Koko,785,https://assets.pokemon.com/assets/cms2/img/pokedex/full/785.png,https://raw.githubusercontent.com/PokeAPI/sprites/master/sprites/pokemon/other/official-artwork/785.png,https://raw.githubusercontent.com/PokeAPI/sprites/master/sprites/pokemon/other/home/785.png,https://raw.githubusercontent.com/PokeAPI/sprites/master/sprites/pokemon/other/official-artwork/785.png,https://www.pokemon.com/us/pokedex/tapu-koko,species-page,2026-04-13T11:45:21.940891-07:00,200,official_media_verified_link_generated,,pokemon.com page content is bot-protected; official page URL is attached for manual verification.
tapu-lele,Tapu Lele,786,https://assets.pokemon.com/assets/cms2/img/pokedex/full/786.png,https://raw.githubusercontent.com/PokeAPI/sprites/master/sprites/pokemon/other/official-artwork/786.png,https://raw.githubusercontent.com/PokeAPI/sprites/master/sprites/pokemon/other/home/786.png,https://raw.githubusercontent.com/PokeAPI/sprites/master/sprites/pokemon/other/official-artwork/786.png,https://www.pokemon.com/us/pokedex/tapu-lele,species-page,2026-04-13T11:45:21.940891-07:00,200,official_media_verified_link_generated,,pokemon.com page content is bot-protected; official page URL is attached for manual verification.
tapu-bulu,Tapu Bulu,787,https://assets.pokemon.com/assets/cms2/img/pokedex/full/787.png,https://raw.githubusercontent.com/PokeAPI/sprites/master/sprites/pokemon/other/official-artwork/787.png,https://raw.githubusercontent.com/PokeAPI/sprites/master/sprites/pokemon/other/home/787.png,https://raw.githubusercontent.com/PokeAPI/sprites/master/sprites/pokemon/other/official-artwork/787.png,https://www.pokemon.com/us/pokedex/tapu-bulu,species-page,2026-04-13T11:45:21.940891-07:00,200,official_media_verified_link_generated,,pokemon.com page content is bot-protected; official page URL is attached for manual verification.
tapu-fini,Tapu femaleini,788,https://assets.pokemon.com/assets/cms2/img/pokedex/full/788.png,https://raw.githubusercontent.com/PokeAPI/sprites/master/sprites/pokemon/other/official-artwork/788.png,https://raw.githubusercontent.com/PokeAPI/sprites/master/sprites/pokemon/other/home/788.png,https://raw.githubusercontent.com/PokeAPI/sprites/master/sprites/pokemon/other/official-artwork/788.png,https://www.pokemon.com/us/pokedex/tapu-fini,species-page,2026-04-13T11:45:21.940891-07:00,200,official_media_verified_link_generated,,pokemon.com page content is bot-protected; official page URL is attached for manual verification.
cosmog,Cosmog,789,https://assets.pokemon.com/assets/cms2/img/pokedex/full/789.png,https://raw.githubusercontent.com/PokeAPI/sprites/master/sprites/pokemon/other/official-artwork/789.png,https://raw.githubusercontent.com/PokeAPI/sprites/master/sprites/pokemon/other/home/789.png,https://raw.githubusercontent.com/PokeAPI/sprites/master/sprites/pokemon/other/official-artwork/789.png,https://www.pokemon.com/us/pokedex/cosmog,species-page,2026-04-13T11:45:21.940891-07:00,200,official_media_verified_link_generated,,pokemon.com page content is bot-protected; official page URL is attached for manual verification.
cosmoem,Cosmoem,790,https://assets.pokemon.com/assets/cms2/img/pokedex/full/790.png,https://raw.githubusercontent.com/PokeAPI/sprites/master/sprites/pokemon/other/official-artwork/790.png,https://raw.githubusercontent.com/PokeAPI/sprites/master/sprites/pokemon/other/home/790.png,https://raw.githubusercontent.com/PokeAPI/sprites/master/sprites/pokemon/other/official-artwork/790.png,https://www.pokemon.com/us/pokedex/cosmoem,species-page,2026-04-13T11:45:21.940891-07:00,200,official_media_verified_link_generated,,pokemon.com page content is bot-protected; official page URL is attached for manual verification.
solgaleo,Solgaleo,791,https://assets.pokemon.com/assets/cms2/img/pokedex/full/791.png,https://raw.githubusercontent.com/PokeAPI/sprites/master/sprites/pokemon/other/official-artwork/791.png,https://raw.githubusercontent.com/PokeAPI/sprites/master/sprites/pokemon/other/home/791.png,https://raw.githubusercontent.com/PokeAPI/sprites/master/sprites/pokemon/other/official-artwork/791.png,https://www.pokemon.com/us/pokedex/solgaleo,species-page,2026-04-13T11:45:21.940891-07:00,200,official_media_verified_link_generated,,pokemon.com page content is bot-protected; official page URL is attached for manual verification.
lunala,Lunala,792,https://assets.pokemon.com/assets/cms2/img/pokedex/full/792.png,https://raw.githubusercontent.com/PokeAPI/sprites/master/sprites/pokemon/other/official-artwork/792.png,https://raw.githubusercontent.com/PokeAPI/sprites/master/sprites/pokemon/other/home/792.png,https://raw.githubusercontent.com/PokeAPI/sprites/master/sprites/pokemon/other/official-artwork/792.png,https://www.pokemon.com/us/pokedex/lunala,species-page,2026-04-13T11:45:21.940891-07:00,200,official_media_verified_link_generated,,pokemon.com page content is bot-protected; official page URL is attached for manual verification.
nihilego,Nihilego,793,https://assets.pokemon.com/assets/cms2/img/pokedex/full/793.png,https://raw.githubusercontent.com/PokeAPI/sprites/master/sprites/pokemon/other/official-artwork/793.png,https://raw.githubusercontent.com/PokeAPI/sprites/master/sprites/pokemon/other/home/793.png,https://raw.githubusercontent.com/PokeAPI/sprites/master/sprites/pokemon/other/official-artwork/793.png,https://www.pokemon.com/us/pokedex/nihilego,species-page,2026-04-13T11:45:21.940891-07:00,200,official_media_verified_link_generated,,pokemon.com page content is bot-protected; official page URL is attached for manual verification.
buzzwole,Buzzwole,794,https://assets.pokemon.com/assets/cms2/img/pokedex/full/794.png,https://raw.githubusercontent.com/PokeAPI/sprites/master/sprites/pokemon/other/official-artwork/794.png,https://raw.githubusercontent.com/PokeAPI/sprites/master/sprites/pokemon/other/home/794.png,https://raw.githubusercontent.com/PokeAPI/sprites/master/sprites/pokemon/other/official-artwork/794.png,https://www.pokemon.com/us/pokedex/buzzwole,species-page,2026-04-13T11:45:21.940891-07:00,200,official_media_verified_link_generated,,pokemon.com page content is bot-protected; official page URL is attached for manual verification.
pheromosa,Pheromosa,795,https://assets.pokemon.com/assets/cms2/img/pokedex/full/795.png,https://raw.githubusercontent.com/PokeAPI/sprites/master/sprites/pokemon/other/official-artwork/795.png,https://raw.githubusercontent.com/PokeAPI/sprites/master/sprites/pokemon/other/home/795.png,https://raw.githubusercontent.com/PokeAPI/sprites/master/sprites/pokemon/other/official-artwork/795.png,https://www.pokemon.com/us/pokedex/pheromosa,species-page,2026-04-13T11:45:21.940891-07:00,200,official_media_verified_link_generated,,pokemon.com page content is bot-protected; official page URL is attached for manual verification.
xurkitree,Xurkitree,796,https://assets.pokemon.com/assets/cms2/img/pokedex/full/796.png,https://raw.githubusercontent.com/PokeAPI/sprites/master/sprites/pokemon/other/official-artwork/796.png,https://raw.githubusercontent.com/PokeAPI/sprites/master/sprites/pokemon/other/home/796.png,https://raw.githubusercontent.com/PokeAPI/sprites/master/sprites/pokemon/other/official-artwork/796.png,https://www.pokemon.com/us/pokedex/xurkitree,species-page,2026-04-13T11:45:21.940891-07:00,200,official_media_verified_link_generated,,pokemon.com page content is bot-protected; official page URL is attached for manual verification.
celesteela,Celesteela,797,https://assets.pokemon.com/assets/cms2/img/pokedex/full/797.png,https://raw.githubusercontent.com/PokeAPI/sprites/master/sprites/pokemon/other/official-artwork/797.png,https://raw.githubusercontent.com/PokeAPI/sprites/master/sprites/pokemon/other/home/797.png,https://raw.githubusercontent.com/PokeAPI/sprites/master/sprites/pokemon/other/official-artwork/797.png,https://www.pokemon.com/us/pokedex/celesteela,species-page,2026-04-13T11:45:21.940891-07:00,200,official_media_verified_link_generated,,pokemon.com page content is bot-protected; official page URL is attached for manual verification.
kartana,Kartana,798,https://assets.pokemon.com/assets/cms2/img/pokedex/full/798.png,https://raw.githubusercontent.com/PokeAPI/sprites/master/sprites/pokemon/other/official-artwork/798.png,https://raw.githubusercontent.com/PokeAPI/sprites/master/sprites/pokemon/other/home/798.png,https://raw.githubusercontent.com/PokeAPI/sprites/master/sprites/pokemon/other/official-artwork/798.png,https://www.pokemon.com/us/pokedex/kartana,species-page,2026-04-13T11:45:21.940891-07:00,200,official_media_verified_link_generated,,pokemon.com page content is bot-protected; official page URL is attached for manual verification.
guzzlord,Guzzlord,799,https://assets.pokemon.com/assets/cms2/img/pokedex/full/799.png,https://raw.githubusercontent.com/PokeAPI/sprites/master/sprites/pokemon/other/official-artwork/799.png,https://raw.githubusercontent.com/PokeAPI/sprites/master/sprites/pokemon/other/home/799.png,https://raw.githubusercontent.com/PokeAPI/sprites/master/sprites/pokemon/other/official-artwork/799.png,https://www.pokemon.com/us/pokedex/guzzlord,species-page,2026-04-13T11:45:21.940891-07:00,200,official_media_verified_link_generated,,pokemon.com page content is bot-protected; official page URL is attached for manual verification.
necrozma,Necrozma,800,https://assets.pokemon.com/assets/cms2/img/pokedex/full/800.png,https://raw.githubusercontent.com/PokeAPI/sprites/master/sprites/pokemon/other/official-artwork/800.png,https://raw.githubusercontent.com/PokeAPI/sprites/master/sprites/pokemon/other/home/800.png,https://raw.githubusercontent.com/PokeAPI/sprites/master/sprites/pokemon/other/official-artwork/800.png,https://www.pokemon.com/us/pokedex/necrozma,species-page,2026-04-13T11:45:21.940891-07:00,200,official_media_verified_link_generated,,pokemon.com page content is bot-protected; official page URL is attached for manual verification.
necrozma-dawn,Necrozma Dawn,800,https://assets.pokemon.com/assets/cms2/img/pokedex/full/800.png,https://raw.githubusercontent.com/PokeAPI/sprites/master/sprites/pokemon/other/official-artwork/10156.png,https://raw.githubusercontent.com/PokeAPI/sprites/master/sprites/pokemon/other/home/10156.png,https://raw.githubusercontent.com/PokeAPI/sprites/master/sprites/pokemon/other/official-artwork/10156.png,https://www.pokemon.com/us/pokedex/necrozma,species-page,2026-04-13T11:45:21.940891-07:00,200,official_media_verified_link_generated,,pokemon.com page content is bot-protected; official page URL is attached for manual verification.
necrozma-dusk,Necrozma Dusk,800,https://assets.pokemon.com/assets/cms2/img/pokedex/full/800.png,https://raw.githubusercontent.com/PokeAPI/sprites/master/sprites/pokemon/other/official-artwork/10155.png,https://raw.githubusercontent.com/PokeAPI/sprites/master/sprites/pokemon/other/home/10155.png,https://raw.githubusercontent.com/PokeAPI/sprites/master/sprites/pokemon/other/official-artwork/10155.png,https://www.pokemon.com/us/pokedex/necrozma,species-page,2026-04-13T11:45:21.940891-07:00,200,official_media_verified_link_generated,,pokemon.com page content is bot-protected; official page URL is attached for manual verification.
necrozma-ultra,Necrozma Ultra,800,https://assets.pokemon.com/assets/cms2/img/pokedex/full/800.png,https://raw.githubusercontent.com/PokeAPI/sprites/master/sprites/pokemon/other/official-artwork/10157.png,https://raw.githubusercontent.com/PokeAPI/sprites/master/sprites/pokemon/other/home/10157.png,https://raw.githubusercontent.com/PokeAPI/sprites/master/sprites/pokemon/other/official-artwork/10157.png,https://www.pokemon.com/us/pokedex/necrozma,species-page,2026-04-13T11:45:21.940891-07:00,200,official_media_verified_link_generated,,pokemon.com page content is bot-protected; official page URL is attached for manual verification.
magearna,Magearna,801,https://assets.pokemon.com/assets/cms2/img/pokedex/full/801.png,https://raw.githubusercontent.com/PokeAPI/sprites/master/sprites/pokemon/other/official-artwork/801.png,https://raw.githubusercontent.com/PokeAPI/sprites/master/sprites/pokemon/other/home/801.png,https://raw.githubusercontent.com/PokeAPI/sprites/master/sprites/pokemon/other/official-artwork/801.png,https://www.pokemon.com/us/pokedex/magearna,species-page,2026-04-13T11:45:21.940891-07:00,200,official_media_verified_link_generated,,pokemon.com page content is bot-protected; official page URL is attached for manual verification.
magearna-mega,Magearna maleega,801,https://assets.pokemon.com/assets/cms2/img/pokedex/full/801.png,https://raw.githubusercontent.com/PokeAPI/sprites/master/sprites/pokemon/other/official-artwork/10317.png,https://raw.githubusercontent.com/PokeAPI/sprites/master/sprites/pokemon/other/official-artwork/10317.png,https://raw.githubusercontent.com/PokeAPI/sprites/master/sprites/pokemon/other/official-artwork/10317.png,https://www.pokemon.com/us/pokedex/magearna,species-page,2026-04-13T11:45:21.940891-07:00,200,official_media_verified_link_generated,,pokemon.com page content is bot-protected; official page URL is attached for manual verification.
magearna-original,Magearna Original,801,https://assets.pokemon.com/assets/cms2/img/pokedex/full/801.png,https://raw.githubusercontent.com/PokeAPI/sprites/master/sprites/pokemon/other/official-artwork/10147.png,https://raw.githubusercontent.com/PokeAPI/sprites/master/sprites/pokemon/other/home/10147.png,https://raw.githubusercontent.com/PokeAPI/sprites/master/sprites/pokemon/other/official-artwork/10147.png,https://www.pokemon.com/us/pokedex/magearna,species-page,2026-04-13T11:45:21.940891-07:00,200,official_media_verified_link_generated,,pokemon.com page content is bot-protected; official page URL is attached for manual verification.
magearna-original-mega,Magearna Original maleega,801,https://assets.pokemon.com/assets/cms2/img/pokedex/full/801.png,,https://assets.pokemon.com/assets/cms2/img/pokedex/full/801.png,https://assets.pokemon.com/assets/cms2/img/pokedex/full/801.png,https://www.pokemon.com/us/pokedex/magearna,species-page,2026-04-13T11:45:21.940891-07:00,200,official_media_verified_link_generated,,pokemon.com page content is bot-protected; official page URL is attached for manual verification.
marshadow,Marshadow,802,https://assets.pokemon.com/assets/cms2/img/pokedex/full/802.png,https://raw.githubusercontent.com/PokeAPI/sprites/master/sprites/pokemon/other/official-artwork/802.png,https://raw.githubusercontent.com/PokeAPI/sprites/master/sprites/pokemon/other/home/802.png,https://raw.githubusercontent.com/PokeAPI/sprites/master/sprites/pokemon/other/official-artwork/802.png,https://www.pokemon.com/us/pokedex/marshadow,species-page,2026-04-13T11:45:21.940891-07:00,200,official_media_verified_link_generated,,pokemon.com page content is bot-protected; official page URL is attached for manual verification.
poipole,Poipole,803,https://assets.pokemon.com/assets/cms2/img/pokedex/full/803.png,https://raw.githubusercontent.com/PokeAPI/sprites/master/sprites/pokemon/other/official-artwork/803.png,https://raw.githubusercontent.com/PokeAPI/sprites/master/sprites/pokemon/other/home/803.png,https://raw.githubusercontent.com/PokeAPI/sprites/master/sprites/pokemon/other/official-artwork/803.png,https://www.pokemon.com/us/pokedex/poipole,species-page,2026-04-13T11:45:21.940891-07:00,200,official_media_verified_link_generated,,pokemon.com page content is bot-protected; official page URL is attached for manual verification.
naganadel,Naganadel,804,https://assets.pokemon.com/assets/cms2/img/pokedex/full/804.png,https://raw.githubusercontent.com/PokeAPI/sprites/master/sprites/pokemon/other/official-artwork/804.png,https://raw.githubusercontent.com/PokeAPI/sprites/master/sprites/pokemon/other/home/804.png,https://raw.githubusercontent.com/PokeAPI/sprites/master/sprites/pokemon/other/official-artwork/804.png,https://www.pokemon.com/us/pokedex/naganadel,species-page,2026-04-13T11:45:21.940891-07:00,200,official_media_verified_link_generated,,pokemon.com page content is bot-protected; official page URL is attached for manual verification.
stakataka,Stakataka,805,https://assets.pokemon.com/assets/cms2/img/pokedex/full/805.png,https://raw.githubusercontent.com/PokeAPI/sprites/master/sprites/pokemon/other/official-artwork/805.png,https://raw.githubusercontent.com/PokeAPI/sprites/master/sprites/pokemon/other/home/805.png,https://raw.githubusercontent.com/PokeAPI/sprites/master/sprites/pokemon/other/official-artwork/805.png,https://www.pokemon.com/us/pokedex/stakataka,species-page,2026-04-13T11:45:21.940891-07:00,200,official_media_verified_link_generated,,pokemon.com page content is bot-protected; official page URL is attached for manual verification.
blacephalon,Blacephalon,806,https://assets.pokemon.com/assets/cms2/img/pokedex/full/806.png,https://raw.githubusercontent.com/PokeAPI/sprites/master/sprites/pokemon/other/official-artwork/806.png,https://raw.githubusercontent.com/PokeAPI/sprites/master/sprites/pokemon/other/home/806.png,https://raw.githubusercontent.com/PokeAPI/sprites/master/sprites/pokemon/other/official-artwork/806.png,https://www.pokemon.com/us/pokedex/blacephalon,species-page,2026-04-13T11:45:21.940891-07:00,200,official_media_verified_link_generated,,pokemon.com page content is bot-protected; official page URL is attached for manual verification.
zeraora,Zeraora,807,https://assets.pokemon.com/assets/cms2/img/pokedex/full/807.png,https://raw.githubusercontent.com/PokeAPI/sprites/master/sprites/pokemon/other/official-artwork/807.png,https://raw.githubusercontent.com/PokeAPI/sprites/master/sprites/pokemon/other/home/807.png,https://raw.githubusercontent.com/PokeAPI/sprites/master/sprites/pokemon/other/official-artwork/807.png,https://www.pokemon.com/us/pokedex/zeraora,species-page,2026-04-13T11:45:21.940891-07:00,200,official_media_verified_link_generated,,pokemon.com page content is bot-protected; official page URL is attached for manual verification.
zeraora-mega,Zeraora maleega,807,https://assets.pokemon.com/assets/cms2/img/pokedex/full/807.png,https://raw.githubusercontent.com/PokeAPI/sprites/master/sprites/pokemon/other/official-artwork/10319.png,https://raw.githubusercontent.com/PokeAPI/sprites/master/sprites/pokemon/other/official-artwork/10319.png,https://raw.githubusercontent.com/PokeAPI/sprites/master/sprites/pokemon/other/official-artwork/10319.png,https://www.pokemon.com/us/pokedex/zeraora,species-page,2026-04-13T11:45:21.940891-07:00,200,official_media_verified_link_generated,,pokemon.com page content is bot-protected; official page URL is attached for manual verification.
meltan,Meltan,808,https://assets.pokemon.com/assets/cms2/img/pokedex/full/808.png,https://raw.githubusercontent.com/PokeAPI/sprites/master/sprites/pokemon/other/official-artwork/808.png,https://raw.githubusercontent.com/PokeAPI/sprites/master/sprites/pokemon/other/home/808.png,https://raw.githubusercontent.com/PokeAPI/sprites/master/sprites/pokemon/other/official-artwork/808.png,https://www.pokemon.com/us/pokedex/meltan,species-page,2026-04-13T11:45:21.940891-07:00,200,official_media_verified_link_generated,,pokemon.com page content is bot-protected; official page URL is attached for manual verification.
melmetal,Melmetal,809,https://assets.pokemon.com/assets/cms2/img/pokedex/full/809.png,https://raw.githubusercontent.com/PokeAPI/sprites/master/sprites/pokemon/other/official-artwork/809.png,https://raw.githubusercontent.com/PokeAPI/sprites/master/sprites/pokemon/other/home/809.png,https://raw.githubusercontent.com/PokeAPI/sprites/master/sprites/pokemon/other/official-artwork/809.png,https://www.pokemon.com/us/pokedex/melmetal,species-page,2026-04-13T11:45:21.940891-07:00,200,official_media_verified_link_generated,,pokemon.com page content is bot-protected; official page URL is attached for manual verification.
melmetal-gmax,Melmetal Gmax,809,https://assets.pokemon.com/assets/cms2/img/pokedex/full/809.png,https://raw.githubusercontent.com/PokeAPI/sprites/master/sprites/pokemon/other/official-artwork/10208.png,https://raw.githubusercontent.com/PokeAPI/sprites/master/sprites/pokemon/other/home/10208.png,https://raw.githubusercontent.com/PokeAPI/sprites/master/sprites/pokemon/other/official-artwork/10208.png,https://www.pokemon.com/us/pokedex/melmetal,species-page,2026-04-13T11:45:21.940891-07:00,200,official_media_verified_link_generated,,pokemon.com page content is bot-protected; official page URL is attached for manual verification.
grookey,Grookey,810,https://assets.pokemon.com/assets/cms2/img/pokedex/full/810.png,https://raw.githubusercontent.com/PokeAPI/sprites/master/sprites/pokemon/other/official-artwork/810.png,https://raw.githubusercontent.com/PokeAPI/sprites/master/sprites/pokemon/other/home/810.png,https://raw.githubusercontent.com/PokeAPI/sprites/master/sprites/pokemon/other/official-artwork/810.png,https://www.pokemon.com/us/pokedex/grookey,species-page,2026-04-13T11:45:21.940891-07:00,200,official_media_verified_link_generated,,pokemon.com page content is bot-protected; official page URL is attached for manual verification.
thwackey,Thwackey,811,https://assets.pokemon.com/assets/cms2/img/pokedex/full/811.png,https://raw.githubusercontent.com/PokeAPI/sprites/master/sprites/pokemon/other/official-artwork/811.png,https://raw.githubusercontent.com/PokeAPI/sprites/master/sprites/pokemon/other/home/811.png,https://raw.githubusercontent.com/PokeAPI/sprites/master/sprites/pokemon/other/official-artwork/811.png,https://www.pokemon.com/us/pokedex/thwackey,species-page,2026-04-13T11:45:21.940891-07:00,200,official_media_verified_link_generated,,pokemon.com page content is bot-protected; official page URL is attached for manual verification.
rillaboom,Rillaboom,812,https://assets.pokemon.com/assets/cms2/img/pokedex/full/812.png,https://raw.githubusercontent.com/PokeAPI/sprites/master/sprites/pokemon/other/official-artwork/812.png,https://raw.githubusercontent.com/PokeAPI/sprites/master/sprites/pokemon/other/home/812.png,https://raw.githubusercontent.com/PokeAPI/sprites/master/sprites/pokemon/other/official-artwork/812.png,https://www.pokemon.com/us/pokedex/rillaboom,species-page,2026-04-13T11:45:21.940891-07:00,200,official_media_verified_link_generated,,pokemon.com page content is bot-protected; official page URL is attached for manual verification.
rillaboom-gmax,Rillaboom Gmax,812,https://assets.pokemon.com/assets/cms2/img/pokedex/full/812.png,https://raw.githubusercontent.com/PokeAPI/sprites/master/sprites/pokemon/other/official-artwork/10209.png,https://raw.githubusercontent.com/PokeAPI/sprites/master/sprites/pokemon/other/home/10209.png,https://raw.githubusercontent.com/PokeAPI/sprites/master/sprites/pokemon/other/official-artwork/10209.png,https://www.pokemon.com/us/pokedex/rillaboom,species-page,2026-04-13T11:45:21.940891-07:00,200,official_media_verified_link_generated,,pokemon.com page content is bot-protected; official page URL is attached for manual verification.
scorbunny,Scorbunny,813,https://assets.pokemon.com/assets/cms2/img/pokedex/full/813.png,https://raw.githubusercontent.com/PokeAPI/sprites/master/sprites/pokemon/other/official-artwork/813.png,https://raw.githubusercontent.com/PokeAPI/sprites/master/sprites/pokemon/other/home/813.png,https://raw.githubusercontent.com/PokeAPI/sprites/master/sprites/pokemon/other/official-artwork/813.png,https://www.pokemon.com/us/pokedex/scorbunny,species-page,2026-04-13T11:45:21.940891-07:00,200,official_media_verified_link_generated,,pokemon.com page content is bot-protected; official page URL is attached for manual verification.
raboot,Raboot,814,https://assets.pokemon.com/assets/cms2/img/pokedex/full/814.png,https://raw.githubusercontent.com/PokeAPI/sprites/master/sprites/pokemon/other/official-artwork/814.png,https://raw.githubusercontent.com/PokeAPI/sprites/master/sprites/pokemon/other/home/814.png,https://raw.githubusercontent.com/PokeAPI/sprites/master/sprites/pokemon/other/official-artwork/814.png,https://www.pokemon.com/us/pokedex/raboot,species-page,2026-04-13T11:45:21.940891-07:00,200,official_media_verified_link_generated,,pokemon.com page content is bot-protected; official page URL is attached for manual verification.
cinderace,Cinderace,815,https://assets.pokemon.com/assets/cms2/img/pokedex/full/815.png,https://raw.githubusercontent.com/PokeAPI/sprites/master/sprites/pokemon/other/official-artwork/815.png,https://raw.githubusercontent.com/PokeAPI/sprites/master/sprites/pokemon/other/home/815.png,https://raw.githubusercontent.com/PokeAPI/sprites/master/sprites/pokemon/other/official-artwork/815.png,https://www.pokemon.com/us/pokedex/cinderace,species-page,2026-04-13T11:45:21.940891-07:00,200,official_media_verified_link_generated,,pokemon.com page content is bot-protected; official page URL is attached for manual verification.
cinderace-gmax,Cinderace Gmax,815,https://assets.pokemon.com/assets/cms2/img/pokedex/full/815.png,https://raw.githubusercontent.com/PokeAPI/sprites/master/sprites/pokemon/other/official-artwork/10210.png,https://raw.githubusercontent.com/PokeAPI/sprites/master/sprites/pokemon/other/home/10210.png,https://raw.githubusercontent.com/PokeAPI/sprites/master/sprites/pokemon/other/official-artwork/10210.png,https://www.pokemon.com/us/pokedex/cinderace,species-page,2026-04-13T11:45:21.940891-07:00,200,official_media_verified_link_generated,,pokemon.com page content is bot-protected; official page URL is attached for manual verification.
sobble,Sobble,816,https://assets.pokemon.com/assets/cms2/img/pokedex/full/816.png,https://raw.githubusercontent.com/PokeAPI/sprites/master/sprites/pokemon/other/official-artwork/816.png,https://raw.githubusercontent.com/PokeAPI/sprites/master/sprites/pokemon/other/home/816.png,https://raw.githubusercontent.com/PokeAPI/sprites/master/sprites/pokemon/other/official-artwork/816.png,https://www.pokemon.com/us/pokedex/sobble,species-page,2026-04-13T11:45:21.940891-07:00,200,official_media_verified_link_generated,,pokemon.com page content is bot-protected; official page URL is attached for manual verification.
drizzile,Drizzile,817,https://assets.pokemon.com/assets/cms2/img/pokedex/full/817.png,https://raw.githubusercontent.com/PokeAPI/sprites/master/sprites/pokemon/other/official-artwork/817.png,https://raw.githubusercontent.com/PokeAPI/sprites/master/sprites/pokemon/other/home/817.png,https://raw.githubusercontent.com/PokeAPI/sprites/master/sprites/pokemon/other/official-artwork/817.png,https://www.pokemon.com/us/pokedex/drizzile,species-page,2026-04-13T11:45:21.940891-07:00,200,official_media_verified_link_generated,,pokemon.com page content is bot-protected; official page URL is attached for manual verification.
inteleon,Inteleon,818,https://assets.pokemon.com/assets/cms2/img/pokedex/full/818.png,https://raw.githubusercontent.com/PokeAPI/sprites/master/sprites/pokemon/other/official-artwork/818.png,https://raw.githubusercontent.com/PokeAPI/sprites/master/sprites/pokemon/other/home/818.png,https://raw.githubusercontent.com/PokeAPI/sprites/master/sprites/pokemon/other/official-artwork/818.png,https://www.pokemon.com/us/pokedex/inteleon,species-page,2026-04-13T11:45:21.940891-07:00,200,official_media_verified_link_generated,,pokemon.com page content is bot-protected; official page URL is attached for manual verification.
inteleon-gmax,Inteleon Gmax,818,https://assets.pokemon.com/assets/cms2/img/pokedex/full/818.png,https://raw.githubusercontent.com/PokeAPI/sprites/master/sprites/pokemon/other/official-artwork/10211.png,https://raw.githubusercontent.com/PokeAPI/sprites/master/sprites/pokemon/other/home/10211.png,https://raw.githubusercontent.com/PokeAPI/sprites/master/sprites/pokemon/other/official-artwork/10211.png,https://www.pokemon.com/us/pokedex/inteleon,species-page,2026-04-13T11:45:21.940891-07:00,200,official_media_verified_link_generated,,pokemon.com page content is bot-protected; official page URL is attached for manual verification.
skwovet,Skwovet,819,https://assets.pokemon.com/assets/cms2/img/pokedex/full/819.png,https://raw.githubusercontent.com/PokeAPI/sprites/master/sprites/pokemon/other/official-artwork/819.png,https://raw.githubusercontent.com/PokeAPI/sprites/master/sprites/pokemon/other/home/819.png,https://raw.githubusercontent.com/PokeAPI/sprites/master/sprites/pokemon/other/official-artwork/819.png,https://www.pokemon.com/us/pokedex/skwovet,species-page,2026-04-13T11:45:21.940891-07:00,200,official_media_verified_link_generated,,pokemon.com page content is bot-protected; official page URL is attached for manual verification.
greedent,Greedent,820,https://assets.pokemon.com/assets/cms2/img/pokedex/full/820.png,https://raw.githubusercontent.com/PokeAPI/sprites/master/sprites/pokemon/other/official-artwork/820.png,https://raw.githubusercontent.com/PokeAPI/sprites/master/sprites/pokemon/other/home/820.png,https://raw.githubusercontent.com/PokeAPI/sprites/master/sprites/pokemon/other/official-artwork/820.png,https://www.pokemon.com/us/pokedex/greedent,species-page,2026-04-13T11:45:21.940891-07:00,200,official_media_verified_link_generated,,pokemon.com page content is bot-protected; official page URL is attached for manual verification.
rookidee,Rookidee,821,https://assets.pokemon.com/assets/cms2/img/pokedex/full/821.png,https://raw.githubusercontent.com/PokeAPI/sprites/master/sprites/pokemon/other/official-artwork/821.png,https://raw.githubusercontent.com/PokeAPI/sprites/master/sprites/pokemon/other/home/821.png,https://raw.githubusercontent.com/PokeAPI/sprites/master/sprites/pokemon/other/official-artwork/821.png,https://www.pokemon.com/us/pokedex/rookidee,species-page,2026-04-13T11:45:21.940891-07:00,200,official_media_verified_link_generated,,pokemon.com page content is bot-protected; official page URL is attached for manual verification.
corvisquire,Corvisquire,822,https://assets.pokemon.com/assets/cms2/img/pokedex/full/822.png,https://raw.githubusercontent.com/PokeAPI/sprites/master/sprites/pokemon/other/official-artwork/822.png,https://raw.githubusercontent.com/PokeAPI/sprites/master/sprites/pokemon/other/home/822.png,https://raw.githubusercontent.com/PokeAPI/sprites/master/sprites/pokemon/other/official-artwork/822.png,https://www.pokemon.com/us/pokedex/corvisquire,species-page,2026-04-13T11:45:21.940891-07:00,200,official_media_verified_link_generated,,pokemon.com page content is bot-protected; official page URL is attached for manual verification.
corviknight,Corviknight,823,https://assets.pokemon.com/assets/cms2/img/pokedex/full/823.png,https://raw.githubusercontent.com/PokeAPI/sprites/master/sprites/pokemon/other/official-artwork/823.png,https://raw.githubusercontent.com/PokeAPI/sprites/master/sprites/pokemon/other/home/823.png,https://raw.githubusercontent.com/PokeAPI/sprites/master/sprites/pokemon/other/official-artwork/823.png,https://www.pokemon.com/us/pokedex/corviknight,species-page,2026-04-13T11:45:21.940891-07:00,200,official_media_verified_link_generated,,pokemon.com page content is bot-protected; official page URL is attached for manual verification.
corviknight-gmax,Corviknight Gmax,823,https://assets.pokemon.com/assets/cms2/img/pokedex/full/823.png,https://raw.githubusercontent.com/PokeAPI/sprites/master/sprites/pokemon/other/official-artwork/10212.png,https://raw.githubusercontent.com/PokeAPI/sprites/master/sprites/pokemon/other/home/10212.png,https://raw.githubusercontent.com/PokeAPI/sprites/master/sprites/pokemon/other/official-artwork/10212.png,https://www.pokemon.com/us/pokedex/corviknight,species-page,2026-04-13T11:45:21.940891-07:00,200,official_media_verified_link_generated,,pokemon.com page content is bot-protected; official page URL is attached for manual verification.
blipbug,Blipbug,824,https://assets.pokemon.com/assets/cms2/img/pokedex/full/824.png,https://raw.githubusercontent.com/PokeAPI/sprites/master/sprites/pokemon/other/official-artwork/824.png,https://raw.githubusercontent.com/PokeAPI/sprites/master/sprites/pokemon/other/home/824.png,https://raw.githubusercontent.com/PokeAPI/sprites/master/sprites/pokemon/other/official-artwork/824.png,https://www.pokemon.com/us/pokedex/blipbug,species-page,2026-04-13T11:45:21.940891-07:00,200,official_media_verified_link_generated,,pokemon.com page content is bot-protected; official page URL is attached for manual verification.
dottler,Dottler,825,https://assets.pokemon.com/assets/cms2/img/pokedex/full/825.png,https://raw.githubusercontent.com/PokeAPI/sprites/master/sprites/pokemon/other/official-artwork/825.png,https://raw.githubusercontent.com/PokeAPI/sprites/master/sprites/pokemon/other/home/825.png,https://raw.githubusercontent.com/PokeAPI/sprites/master/sprites/pokemon/other/official-artwork/825.png,https://www.pokemon.com/us/pokedex/dottler,species-page,2026-04-13T11:45:21.940891-07:00,200,official_media_verified_link_generated,,pokemon.com page content is bot-protected; official page URL is attached for manual verification.
orbeetle,Orbeetle,826,https://assets.pokemon.com/assets/cms2/img/pokedex/full/826.png,https://raw.githubusercontent.com/PokeAPI/sprites/master/sprites/pokemon/other/official-artwork/826.png,https://raw.githubusercontent.com/PokeAPI/sprites/master/sprites/pokemon/other/home/826.png,https://raw.githubusercontent.com/PokeAPI/sprites/master/sprites/pokemon/other/official-artwork/826.png,https://www.pokemon.com/us/pokedex/orbeetle,species-page,2026-04-13T11:45:21.940891-07:00,200,official_media_verified_link_generated,,pokemon.com page content is bot-protected; official page URL is attached for manual verification.
orbeetle-gmax,Orbeetle Gmax,826,https://assets.pokemon.com/assets/cms2/img/pokedex/full/826.png,https://raw.githubusercontent.com/PokeAPI/sprites/master/sprites/pokemon/other/official-artwork/10213.png,https://raw.githubusercontent.com/PokeAPI/sprites/master/sprites/pokemon/other/home/10213.png,https://raw.githubusercontent.com/PokeAPI/sprites/master/sprites/pokemon/other/official-artwork/10213.png,https://www.pokemon.com/us/pokedex/orbeetle,species-page,2026-04-13T11:45:21.940891-07:00,200,official_media_verified_link_generated,,pokemon.com page content is bot-protected; official page URL is attached for manual verification.
nickit,Nickit,827,https://assets.pokemon.com/assets/cms2/img/pokedex/full/827.png,https://raw.githubusercontent.com/PokeAPI/sprites/master/sprites/pokemon/other/official-artwork/827.png,https://raw.githubusercontent.com/PokeAPI/sprites/master/sprites/pokemon/other/home/827.png,https://raw.githubusercontent.com/PokeAPI/sprites/master/sprites/pokemon/other/official-artwork/827.png,https://www.pokemon.com/us/pokedex/nickit,species-page,2026-04-13T11:45:21.940891-07:00,200,official_media_verified_link_generated,,pokemon.com page content is bot-protected; official page URL is attached for manual verification.
thievul,Thievul,828,https://assets.pokemon.com/assets/cms2/img/pokedex/full/828.png,https://raw.githubusercontent.com/PokeAPI/sprites/master/sprites/pokemon/other/official-artwork/828.png,https://raw.githubusercontent.com/PokeAPI/sprites/master/sprites/pokemon/other/home/828.png,https://raw.githubusercontent.com/PokeAPI/sprites/master/sprites/pokemon/other/official-artwork/828.png,https://www.pokemon.com/us/pokedex/thievul,species-page,2026-04-13T11:45:21.940891-07:00,200,official_media_verified_link_generated,,pokemon.com page content is bot-protected; official page URL is attached for manual verification.
gossifleur,Gossifleur,829,https://assets.pokemon.com/assets/cms2/img/pokedex/full/829.png,https://raw.githubusercontent.com/PokeAPI/sprites/master/sprites/pokemon/other/official-artwork/829.png,https://raw.githubusercontent.com/PokeAPI/sprites/master/sprites/pokemon/other/home/829.png,https://raw.githubusercontent.com/PokeAPI/sprites/master/sprites/pokemon/other/official-artwork/829.png,https://www.pokemon.com/us/pokedex/gossifleur,species-page,2026-04-13T11:45:21.940891-07:00,200,official_media_verified_link_generated,,pokemon.com page content is bot-protected; official page URL is attached for manual verification.
eldegoss,Eldegoss,830,https://assets.pokemon.com/assets/cms2/img/pokedex/full/830.png,https://raw.githubusercontent.com/PokeAPI/sprites/master/sprites/pokemon/other/official-artwork/830.png,https://raw.githubusercontent.com/PokeAPI/sprites/master/sprites/pokemon/other/home/830.png,https://raw.githubusercontent.com/PokeAPI/sprites/master/sprites/pokemon/other/official-artwork/830.png,https://www.pokemon.com/us/pokedex/eldegoss,species-page,2026-04-13T11:45:21.940891-07:00,200,official_media_verified_link_generated,,pokemon.com page content is bot-protected; official page URL is attached for manual verification.
wooloo,Wooloo,831,https://assets.pokemon.com/assets/cms2/img/pokedex/full/831.png,https://raw.githubusercontent.com/PokeAPI/sprites/master/sprites/pokemon/other/official-artwork/831.png,https://raw.githubusercontent.com/PokeAPI/sprites/master/sprites/pokemon/other/home/831.png,https://raw.githubusercontent.com/PokeAPI/sprites/master/sprites/pokemon/other/official-artwork/831.png,https://www.pokemon.com/us/pokedex/wooloo,species-page,2026-04-13T11:45:21.940891-07:00,200,official_media_verified_link_generated,,pokemon.com page content is bot-protected; official page URL is attached for manual verification.
dubwool,Dubwool,832,https://assets.pokemon.com/assets/cms2/img/pokedex/full/832.png,https://raw.githubusercontent.com/PokeAPI/sprites/master/sprites/pokemon/other/official-artwork/832.png,https://raw.githubusercontent.com/PokeAPI/sprites/master/sprites/pokemon/other/home/832.png,https://raw.githubusercontent.com/PokeAPI/sprites/master/sprites/pokemon/other/official-artwork/832.png,https://www.pokemon.com/us/pokedex/dubwool,species-page,2026-04-13T11:45:21.940891-07:00,200,official_media_verified_link_generated,,pokemon.com page content is bot-protected; official page URL is attached for manual verification.
chewtle,Chewtle,833,https://assets.pokemon.com/assets/cms2/img/pokedex/full/833.png,https://raw.githubusercontent.com/PokeAPI/sprites/master/sprites/pokemon/other/official-artwork/833.png,https://raw.githubusercontent.com/PokeAPI/sprites/master/sprites/pokemon/other/home/833.png,https://raw.githubusercontent.com/PokeAPI/sprites/master/sprites/pokemon/other/official-artwork/833.png,https://www.pokemon.com/us/pokedex/chewtle,species-page,2026-04-13T11:45:21.940891-07:00,200,official_media_verified_link_generated,,pokemon.com page content is bot-protected; official page URL is attached for manual verification.
drednaw,Drednaw,834,https://assets.pokemon.com/assets/cms2/img/pokedex/full/834.png,https://raw.githubusercontent.com/PokeAPI/sprites/master/sprites/pokemon/other/official-artwork/834.png,https://raw.githubusercontent.com/PokeAPI/sprites/master/sprites/pokemon/other/home/834.png,https://raw.githubusercontent.com/PokeAPI/sprites/master/sprites/pokemon/other/official-artwork/834.png,https://www.pokemon.com/us/pokedex/drednaw,species-page,2026-04-13T11:45:21.940891-07:00,200,official_media_verified_link_generated,,pokemon.com page content is bot-protected; official page URL is attached for manual verification.
drednaw-gmax,Drednaw Gmax,834,https://assets.pokemon.com/assets/cms2/img/pokedex/full/834.png,https://raw.githubusercontent.com/PokeAPI/sprites/master/sprites/pokemon/other/official-artwork/10214.png,https://raw.githubusercontent.com/PokeAPI/sprites/master/sprites/pokemon/other/home/10214.png,https://raw.githubusercontent.com/PokeAPI/sprites/master/sprites/pokemon/other/official-artwork/10214.png,https://www.pokemon.com/us/pokedex/drednaw,species-page,2026-04-13T11:45:21.940891-07:00,200,official_media_verified_link_generated,,pokemon.com page content is bot-protected; official page URL is attached for manual verification.
yamper,Yamper,835,https://assets.pokemon.com/assets/cms2/img/pokedex/full/835.png,https://raw.githubusercontent.com/PokeAPI/sprites/master/sprites/pokemon/other/official-artwork/835.png,https://raw.githubusercontent.com/PokeAPI/sprites/master/sprites/pokemon/other/home/835.png,https://raw.githubusercontent.com/PokeAPI/sprites/master/sprites/pokemon/other/official-artwork/835.png,https://www.pokemon.com/us/pokedex/yamper,species-page,2026-04-13T11:45:21.940891-07:00,200,official_media_verified_link_generated,,pokemon.com page content is bot-protected; official page URL is attached for manual verification.
boltund,Boltund,836,https://assets.pokemon.com/assets/cms2/img/pokedex/full/836.png,https://raw.githubusercontent.com/PokeAPI/sprites/master/sprites/pokemon/other/official-artwork/836.png,https://raw.githubusercontent.com/PokeAPI/sprites/master/sprites/pokemon/other/home/836.png,https://raw.githubusercontent.com/PokeAPI/sprites/master/sprites/pokemon/other/official-artwork/836.png,https://www.pokemon.com/us/pokedex/boltund,species-page,2026-04-13T11:45:21.940891-07:00,200,official_media_verified_link_generated,,pokemon.com page content is bot-protected; official page URL is attached for manual verification.
rolycoly,Rolycoly,837,https://assets.pokemon.com/assets/cms2/img/pokedex/full/837.png,https://raw.githubusercontent.com/PokeAPI/sprites/master/sprites/pokemon/other/official-artwork/837.png,https://raw.githubusercontent.com/PokeAPI/sprites/master/sprites/pokemon/other/home/837.png,https://raw.githubusercontent.com/PokeAPI/sprites/master/sprites/pokemon/other/official-artwork/837.png,https://www.pokemon.com/us/pokedex/rolycoly,species-page,2026-04-13T11:45:21.940891-07:00,200,official_media_verified_link_generated,,pokemon.com page content is bot-protected; official page URL is attached for manual verification.
carkol,Carkol,838,https://assets.pokemon.com/assets/cms2/img/pokedex/full/838.png,https://raw.githubusercontent.com/PokeAPI/sprites/master/sprites/pokemon/other/official-artwork/838.png,https://raw.githubusercontent.com/PokeAPI/sprites/master/sprites/pokemon/other/home/838.png,https://raw.githubusercontent.com/PokeAPI/sprites/master/sprites/pokemon/other/official-artwork/838.png,https://www.pokemon.com/us/pokedex/carkol,species-page,2026-04-13T11:45:21.940891-07:00,200,official_media_verified_link_generated,,pokemon.com page content is bot-protected; official page URL is attached for manual verification.
coalossal,Coalossal,839,https://assets.pokemon.com/assets/cms2/img/pokedex/full/839.png,https://raw.githubusercontent.com/PokeAPI/sprites/master/sprites/pokemon/other/official-artwork/839.png,https://raw.githubusercontent.com/PokeAPI/sprites/master/sprites/pokemon/other/home/839.png,https://raw.githubusercontent.com/PokeAPI/sprites/master/sprites/pokemon/other/official-artwork/839.png,https://www.pokemon.com/us/pokedex/coalossal,species-page,2026-04-13T11:45:21.940891-07:00,200,official_media_verified_link_generated,,pokemon.com page content is bot-protected; official page URL is attached for manual verification.
coalossal-gmax,Coalossal Gmax,839,https://assets.pokemon.com/assets/cms2/img/pokedex/full/839.png,https://raw.githubusercontent.com/PokeAPI/sprites/master/sprites/pokemon/other/official-artwork/10215.png,https://raw.githubusercontent.com/PokeAPI/sprites/master/sprites/pokemon/other/home/10215.png,https://raw.githubusercontent.com/PokeAPI/sprites/master/sprites/pokemon/other/official-artwork/10215.png,https://www.pokemon.com/us/pokedex/coalossal,species-page,2026-04-13T11:45:21.940891-07:00,200,official_media_verified_link_generated,,pokemon.com page content is bot-protected; official page URL is attached for manual verification.
applin,Applin,840,https://assets.pokemon.com/assets/cms2/img/pokedex/full/840.png,https://raw.githubusercontent.com/PokeAPI/sprites/master/sprites/pokemon/other/official-artwork/840.png,https://raw.githubusercontent.com/PokeAPI/sprites/master/sprites/pokemon/other/home/840.png,https://raw.githubusercontent.com/PokeAPI/sprites/master/sprites/pokemon/other/official-artwork/840.png,https://www.pokemon.com/us/pokedex/applin,species-page,2026-04-13T11:45:21.940891-07:00,200,official_media_verified_link_generated,,pokemon.com page content is bot-protected; official page URL is attached for manual verification.
flapple,Flapple,841,https://assets.pokemon.com/assets/cms2/img/pokedex/full/841.png,https://raw.githubusercontent.com/PokeAPI/sprites/master/sprites/pokemon/other/official-artwork/841.png,https://raw.githubusercontent.com/PokeAPI/sprites/master/sprites/pokemon/other/home/841.png,https://raw.githubusercontent.com/PokeAPI/sprites/master/sprites/pokemon/other/official-artwork/841.png,https://www.pokemon.com/us/pokedex/flapple,species-page,2026-04-13T11:45:21.940891-07:00,200,official_media_verified_link_generated,,pokemon.com page content is bot-protected; official page URL is attached for manual verification.
flapple-gmax,Flapple Gmax,841,https://assets.pokemon.com/assets/cms2/img/pokedex/full/841.png,https://raw.githubusercontent.com/PokeAPI/sprites/master/sprites/pokemon/other/official-artwork/10216.png,https://raw.githubusercontent.com/PokeAPI/sprites/master/sprites/pokemon/other/home/10216.png,https://raw.githubusercontent.com/PokeAPI/sprites/master/sprites/pokemon/other/official-artwork/10216.png,https://www.pokemon.com/us/pokedex/flapple,species-page,2026-04-13T11:45:21.940891-07:00,200,official_media_verified_link_generated,,pokemon.com page content is bot-protected; official page URL is attached for manual verification.
appletun,Appletun,842,https://assets.pokemon.com/assets/cms2/img/pokedex/full/842.png,https://raw.githubusercontent.com/PokeAPI/sprites/master/sprites/pokemon/other/official-artwork/842.png,https://raw.githubusercontent.com/PokeAPI/sprites/master/sprites/pokemon/other/home/842.png,https://raw.githubusercontent.com/PokeAPI/sprites/master/sprites/pokemon/other/official-artwork/842.png,https://www.pokemon.com/us/pokedex/appletun,species-page,2026-04-13T11:45:21.940891-07:00,200,official_media_verified_link_generated,,pokemon.com page content is bot-protected; official page URL is attached for manual verification.
appletun-gmax,Appletun Gmax,842,https://assets.pokemon.com/assets/cms2/img/pokedex/full/842.png,https://raw.githubusercontent.com/PokeAPI/sprites/master/sprites/pokemon/other/official-artwork/10217.png,https://raw.githubusercontent.com/PokeAPI/sprites/master/sprites/pokemon/other/home/10217.png,https://raw.githubusercontent.com/PokeAPI/sprites/master/sprites/pokemon/other/official-artwork/10217.png,https://www.pokemon.com/us/pokedex/appletun,species-page,2026-04-13T11:45:21.940891-07:00,200,official_media_verified_link_generated,,pokemon.com page content is bot-protected; official page URL is attached for manual verification.
silicobra,Silicobra,843,https://assets.pokemon.com/assets/cms2/img/pokedex/full/843.png,https://raw.githubusercontent.com/PokeAPI/sprites/master/sprites/pokemon/other/official-artwork/843.png,https://raw.githubusercontent.com/PokeAPI/sprites/master/sprites/pokemon/other/home/843.png,https://raw.githubusercontent.com/PokeAPI/sprites/master/sprites/pokemon/other/official-artwork/843.png,https://www.pokemon.com/us/pokedex/silicobra,species-page,2026-04-13T11:45:21.940891-07:00,200,official_media_verified_link_generated,,pokemon.com page content is bot-protected; official page URL is attached for manual verification.
sandaconda,Sandaconda,844,https://assets.pokemon.com/assets/cms2/img/pokedex/full/844.png,https://raw.githubusercontent.com/PokeAPI/sprites/master/sprites/pokemon/other/official-artwork/844.png,https://raw.githubusercontent.com/PokeAPI/sprites/master/sprites/pokemon/other/home/844.png,https://raw.githubusercontent.com/PokeAPI/sprites/master/sprites/pokemon/other/official-artwork/844.png,https://www.pokemon.com/us/pokedex/sandaconda,species-page,2026-04-13T11:45:21.940891-07:00,200,official_media_verified_link_generated,,pokemon.com page content is bot-protected; official page URL is attached for manual verification.
sandaconda-gmax,Sandaconda Gmax,844,https://assets.pokemon.com/assets/cms2/img/pokedex/full/844.png,https://raw.githubusercontent.com/PokeAPI/sprites/master/sprites/pokemon/other/official-artwork/10218.png,https://raw.githubusercontent.com/PokeAPI/sprites/master/sprites/pokemon/other/home/10218.png,https://raw.githubusercontent.com/PokeAPI/sprites/master/sprites/pokemon/other/official-artwork/10218.png,https://www.pokemon.com/us/pokedex/sandaconda,species-page,2026-04-13T11:45:21.940891-07:00,200,official_media_verified_link_generated,,pokemon.com page content is bot-protected; official page URL is attached for manual verification.
cramorant,Cramorant,845,https://assets.pokemon.com/assets/cms2/img/pokedex/full/845.png,https://raw.githubusercontent.com/PokeAPI/sprites/master/sprites/pokemon/other/official-artwork/845.png,https://raw.githubusercontent.com/PokeAPI/sprites/master/sprites/pokemon/other/home/845.png,https://raw.githubusercontent.com/PokeAPI/sprites/master/sprites/pokemon/other/official-artwork/845.png,https://www.pokemon.com/us/pokedex/cramorant,species-page,2026-04-13T11:45:21.940891-07:00,200,official_media_verified_link_generated,,pokemon.com page content is bot-protected; official page URL is attached for manual verification.
cramorant-gorging,Cramorant Gorging,845,https://assets.pokemon.com/assets/cms2/img/pokedex/full/845.png,https://raw.githubusercontent.com/PokeAPI/sprites/master/sprites/pokemon/other/official-artwork/10183.png,https://raw.githubusercontent.com/PokeAPI/sprites/master/sprites/pokemon/other/home/10183.png,https://raw.githubusercontent.com/PokeAPI/sprites/master/sprites/pokemon/other/official-artwork/10183.png,https://www.pokemon.com/us/pokedex/cramorant,species-page,2026-04-13T11:45:21.940891-07:00,200,official_media_verified_link_generated,,pokemon.com page content is bot-protected; official page URL is attached for manual verification.
cramorant-gulping,Cramorant Gulping,845,https://assets.pokemon.com/assets/cms2/img/pokedex/full/845.png,https://raw.githubusercontent.com/PokeAPI/sprites/master/sprites/pokemon/other/official-artwork/10182.png,https://raw.githubusercontent.com/PokeAPI/sprites/master/sprites/pokemon/other/home/10182.png,https://raw.githubusercontent.com/PokeAPI/sprites/master/sprites/pokemon/other/official-artwork/10182.png,https://www.pokemon.com/us/pokedex/cramorant,species-page,2026-04-13T11:45:21.940891-07:00,200,official_media_verified_link_generated,,pokemon.com page content is bot-protected; official page URL is attached for manual verification.
arrokuda,Arrokuda,846,https://assets.pokemon.com/assets/cms2/img/pokedex/full/846.png,https://raw.githubusercontent.com/PokeAPI/sprites/master/sprites/pokemon/other/official-artwork/846.png,https://raw.githubusercontent.com/PokeAPI/sprites/master/sprites/pokemon/other/home/846.png,https://raw.githubusercontent.com/PokeAPI/sprites/master/sprites/pokemon/other/official-artwork/846.png,https://www.pokemon.com/us/pokedex/arrokuda,species-page,2026-04-13T11:45:21.940891-07:00,200,official_media_verified_link_generated,,pokemon.com page content is bot-protected; official page URL is attached for manual verification.
barraskewda,Barraskewda,847,https://assets.pokemon.com/assets/cms2/img/pokedex/full/847.png,https://raw.githubusercontent.com/PokeAPI/sprites/master/sprites/pokemon/other/official-artwork/847.png,https://raw.githubusercontent.com/PokeAPI/sprites/master/sprites/pokemon/other/home/847.png,https://raw.githubusercontent.com/PokeAPI/sprites/master/sprites/pokemon/other/official-artwork/847.png,https://www.pokemon.com/us/pokedex/barraskewda,species-page,2026-04-13T11:45:21.940891-07:00,200,official_media_verified_link_generated,,pokemon.com page content is bot-protected; official page URL is attached for manual verification.
toxel,Toxel,848,https://assets.pokemon.com/assets/cms2/img/pokedex/full/848.png,https://raw.githubusercontent.com/PokeAPI/sprites/master/sprites/pokemon/other/official-artwork/848.png,https://raw.githubusercontent.com/PokeAPI/sprites/master/sprites/pokemon/other/home/848.png,https://raw.githubusercontent.com/PokeAPI/sprites/master/sprites/pokemon/other/official-artwork/848.png,https://www.pokemon.com/us/pokedex/toxel,species-page,2026-04-13T11:45:21.940891-07:00,200,official_media_verified_link_generated,,pokemon.com page content is bot-protected; official page URL is attached for manual verification.
toxtricity-amped,Toxtricity Amped,849,https://assets.pokemon.com/assets/cms2/img/pokedex/full/849.png,https://raw.githubusercontent.com/PokeAPI/sprites/master/sprites/pokemon/other/official-artwork/849.png,https://raw.githubusercontent.com/PokeAPI/sprites/master/sprites/pokemon/other/home/849.png,https://raw.githubusercontent.com/PokeAPI/sprites/master/sprites/pokemon/other/official-artwork/849.png,https://www.pokemon.com/us/pokedex/toxtricity,species-page,2026-04-13T11:45:21.940891-07:00,200,official_media_verified_link_generated,,pokemon.com page content is bot-protected; official page URL is attached for manual verification.
toxtricity-amped-gmax,Toxtricity Amped Gmax,849,https://assets.pokemon.com/assets/cms2/img/pokedex/full/849.png,https://raw.githubusercontent.com/PokeAPI/sprites/master/sprites/pokemon/other/official-artwork/10219.png,https://raw.githubusercontent.com/PokeAPI/sprites/master/sprites/pokemon/other/home/10219.png,https://raw.githubusercontent.com/PokeAPI/sprites/master/sprites/pokemon/other/official-artwork/10219.png,https://www.pokemon.com/us/pokedex/toxtricity,species-page,2026-04-13T11:45:21.940891-07:00,200,official_media_verified_link_generated,,pokemon.com page content is bot-protected; official page URL is attached for manual verification.
toxtricity-low-key,Toxtricity Low Key,849,https://assets.pokemon.com/assets/cms2/img/pokedex/full/849.png,https://raw.githubusercontent.com/PokeAPI/sprites/master/sprites/pokemon/other/official-artwork/10184.png,https://raw.githubusercontent.com/PokeAPI/sprites/master/sprites/pokemon/other/home/10184.png,https://raw.githubusercontent.com/PokeAPI/sprites/master/sprites/pokemon/other/official-artwork/10184.png,https://www.pokemon.com/us/pokedex/toxtricity,species-page,2026-04-13T11:45:21.940891-07:00,200,official_media_verified_link_generated,,pokemon.com page content is bot-protected; official page URL is attached for manual verification.
toxtricity-low-key-gmax,Toxtricity Low Key Gmax,849,https://assets.pokemon.com/assets/cms2/img/pokedex/full/849.png,https://raw.githubusercontent.com/PokeAPI/sprites/master/sprites/pokemon/other/official-artwork/10228.png,https://raw.githubusercontent.com/PokeAPI/sprites/master/sprites/pokemon/other/home/10228.png,https://raw.githubusercontent.com/PokeAPI/sprites/master/sprites/pokemon/other/official-artwork/10228.png,https://www.pokemon.com/us/pokedex/toxtricity,species-page,2026-04-13T11:45:21.940891-07:00,200,official_media_verified_link_generated,,pokemon.com page content is bot-protected; official page URL is attached for manual verification.
sizzlipede,Sizzlipede,850,https://assets.pokemon.com/assets/cms2/img/pokedex/full/850.png,https://raw.githubusercontent.com/PokeAPI/sprites/master/sprites/pokemon/other/official-artwork/850.png,https://raw.githubusercontent.com/PokeAPI/sprites/master/sprites/pokemon/other/home/850.png,https://raw.githubusercontent.com/PokeAPI/sprites/master/sprites/pokemon/other/official-artwork/850.png,https://www.pokemon.com/us/pokedex/sizzlipede,species-page,2026-04-13T11:45:21.940891-07:00,200,official_media_verified_link_generated,,pokemon.com page content is bot-protected; official page URL is attached for manual verification.
centiskorch,Centiskorch,851,https://assets.pokemon.com/assets/cms2/img/pokedex/full/851.png,https://raw.githubusercontent.com/PokeAPI/sprites/master/sprites/pokemon/other/official-artwork/851.png,https://raw.githubusercontent.com/PokeAPI/sprites/master/sprites/pokemon/other/home/851.png,https://raw.githubusercontent.com/PokeAPI/sprites/master/sprites/pokemon/other/official-artwork/851.png,https://www.pokemon.com/us/pokedex/centiskorch,species-page,2026-04-13T11:45:21.940891-07:00,200,official_media_verified_link_generated,,pokemon.com page content is bot-protected; official page URL is attached for manual verification.
centiskorch-gmax,Centiskorch Gmax,851,https://assets.pokemon.com/assets/cms2/img/pokedex/full/851.png,https://raw.githubusercontent.com/PokeAPI/sprites/master/sprites/pokemon/other/official-artwork/10220.png,https://raw.githubusercontent.com/PokeAPI/sprites/master/sprites/pokemon/other/home/10220.png,https://raw.githubusercontent.com/PokeAPI/sprites/master/sprites/pokemon/other/official-artwork/10220.png,https://www.pokemon.com/us/pokedex/centiskorch,species-page,2026-04-13T11:45:21.940891-07:00,200,official_media_verified_link_generated,,pokemon.com page content is bot-protected; official page URL is attached for manual verification.
clobbopus,Clobbopus,852,https://assets.pokemon.com/assets/cms2/img/pokedex/full/852.png,https://raw.githubusercontent.com/PokeAPI/sprites/master/sprites/pokemon/other/official-artwork/852.png,https://raw.githubusercontent.com/PokeAPI/sprites/master/sprites/pokemon/other/home/852.png,https://raw.githubusercontent.com/PokeAPI/sprites/master/sprites/pokemon/other/official-artwork/852.png,https://www.pokemon.com/us/pokedex/clobbopus,species-page,2026-04-13T11:45:21.940891-07:00,200,official_media_verified_link_generated,,pokemon.com page content is bot-protected; official page URL is attached for manual verification.
grapploct,Grapploct,853,https://assets.pokemon.com/assets/cms2/img/pokedex/full/853.png,https://raw.githubusercontent.com/PokeAPI/sprites/master/sprites/pokemon/other/official-artwork/853.png,https://raw.githubusercontent.com/PokeAPI/sprites/master/sprites/pokemon/other/home/853.png,https://raw.githubusercontent.com/PokeAPI/sprites/master/sprites/pokemon/other/official-artwork/853.png,https://www.pokemon.com/us/pokedex/grapploct,species-page,2026-04-13T11:45:21.940891-07:00,200,official_media_verified_link_generated,,pokemon.com page content is bot-protected; official page URL is attached for manual verification.
sinistea,Sinistea,854,https://assets.pokemon.com/assets/cms2/img/pokedex/full/854.png,https://raw.githubusercontent.com/PokeAPI/sprites/master/sprites/pokemon/other/official-artwork/854.png,https://raw.githubusercontent.com/PokeAPI/sprites/master/sprites/pokemon/other/home/854.png,https://raw.githubusercontent.com/PokeAPI/sprites/master/sprites/pokemon/other/official-artwork/854.png,https://www.pokemon.com/us/pokedex/sinistea,species-page,2026-04-13T11:45:21.940891-07:00,200,official_media_verified_link_generated,,pokemon.com page content is bot-protected; official page URL is attached for manual verification.
polteageist,Polteageist,855,https://assets.pokemon.com/assets/cms2/img/pokedex/full/855.png,https://raw.githubusercontent.com/PokeAPI/sprites/master/sprites/pokemon/other/official-artwork/855.png,https://raw.githubusercontent.com/PokeAPI/sprites/master/sprites/pokemon/other/home/855.png,https://raw.githubusercontent.com/PokeAPI/sprites/master/sprites/pokemon/other/official-artwork/855.png,https://www.pokemon.com/us/pokedex/polteageist,species-page,2026-04-13T11:45:21.940891-07:00,200,official_media_verified_link_generated,,pokemon.com page content is bot-protected; official page URL is attached for manual verification.
hatenna,Hatenna,856,https://assets.pokemon.com/assets/cms2/img/pokedex/full/856.png,https://raw.githubusercontent.com/PokeAPI/sprites/master/sprites/pokemon/other/official-artwork/856.png,https://raw.githubusercontent.com/PokeAPI/sprites/master/sprites/pokemon/other/home/856.png,https://raw.githubusercontent.com/PokeAPI/sprites/master/sprites/pokemon/other/official-artwork/856.png,https://www.pokemon.com/us/pokedex/hatenna,species-page,2026-04-13T11:45:21.940891-07:00,200,official_media_verified_link_generated,,pokemon.com page content is bot-protected; official page URL is attached for manual verification.
hattrem,Hattrem,857,https://assets.pokemon.com/assets/cms2/img/pokedex/full/857.png,https://raw.githubusercontent.com/PokeAPI/sprites/master/sprites/pokemon/other/official-artwork/857.png,https://raw.githubusercontent.com/PokeAPI/sprites/master/sprites/pokemon/other/home/857.png,https://raw.githubusercontent.com/PokeAPI/sprites/master/sprites/pokemon/other/official-artwork/857.png,https://www.pokemon.com/us/pokedex/hattrem,species-page,2026-04-13T11:45:21.940891-07:00,200,official_media_verified_link_generated,,pokemon.com page content is bot-protected; official page URL is attached for manual verification.
hatterene,Hatterene,858,https://assets.pokemon.com/assets/cms2/img/pokedex/full/858.png,https://raw.githubusercontent.com/PokeAPI/sprites/master/sprites/pokemon/other/official-artwork/858.png,https://raw.githubusercontent.com/PokeAPI/sprites/master/sprites/pokemon/other/home/858.png,https://raw.githubusercontent.com/PokeAPI/sprites/master/sprites/pokemon/other/official-artwork/858.png,https://www.pokemon.com/us/pokedex/hatterene,species-page,2026-04-13T11:45:21.940891-07:00,200,official_media_verified_link_generated,,pokemon.com page content is bot-protected; official page URL is attached for manual verification.
hatterene-gmax,Hatterene Gmax,858,https://assets.pokemon.com/assets/cms2/img/pokedex/full/858.png,https://raw.githubusercontent.com/PokeAPI/sprites/master/sprites/pokemon/other/official-artwork/10221.png,https://raw.githubusercontent.com/PokeAPI/sprites/master/sprites/pokemon/other/home/10221.png,https://raw.githubusercontent.com/PokeAPI/sprites/master/sprites/pokemon/other/official-artwork/10221.png,https://www.pokemon.com/us/pokedex/hatterene,species-page,2026-04-13T11:45:21.940891-07:00,200,official_media_verified_link_generated,,pokemon.com page content is bot-protected; official page URL is attached for manual verification.
impidimp,Impidimp,859,https://assets.pokemon.com/assets/cms2/img/pokedex/full/859.png,https://raw.githubusercontent.com/PokeAPI/sprites/master/sprites/pokemon/other/official-artwork/859.png,https://raw.githubusercontent.com/PokeAPI/sprites/master/sprites/pokemon/other/home/859.png,https://raw.githubusercontent.com/PokeAPI/sprites/master/sprites/pokemon/other/official-artwork/859.png,https://www.pokemon.com/us/pokedex/impidimp,species-page,2026-04-13T11:45:21.940891-07:00,200,official_media_verified_link_generated,,pokemon.com page content is bot-protected; official page URL is attached for manual verification.
morgrem,Morgrem,860,https://assets.pokemon.com/assets/cms2/img/pokedex/full/860.png,https://raw.githubusercontent.com/PokeAPI/sprites/master/sprites/pokemon/other/official-artwork/860.png,https://raw.githubusercontent.com/PokeAPI/sprites/master/sprites/pokemon/other/home/860.png,https://raw.githubusercontent.com/PokeAPI/sprites/master/sprites/pokemon/other/official-artwork/860.png,https://www.pokemon.com/us/pokedex/morgrem,species-page,2026-04-13T11:45:21.940891-07:00,200,official_media_verified_link_generated,,pokemon.com page content is bot-protected; official page URL is attached for manual verification.
grimmsnarl,Grimmsnarl,861,https://assets.pokemon.com/assets/cms2/img/pokedex/full/861.png,https://raw.githubusercontent.com/PokeAPI/sprites/master/sprites/pokemon/other/official-artwork/861.png,https://raw.githubusercontent.com/PokeAPI/sprites/master/sprites/pokemon/other/home/861.png,https://raw.githubusercontent.com/PokeAPI/sprites/master/sprites/pokemon/other/official-artwork/861.png,https://www.pokemon.com/us/pokedex/grimmsnarl,species-page,2026-04-13T11:45:21.940891-07:00,200,official_media_verified_link_generated,,pokemon.com page content is bot-protected; official page URL is attached for manual verification.
grimmsnarl-gmax,Grimmsnarl Gmax,861,https://assets.pokemon.com/assets/cms2/img/pokedex/full/861.png,https://raw.githubusercontent.com/PokeAPI/sprites/master/sprites/pokemon/other/official-artwork/10222.png,https://raw.githubusercontent.com/PokeAPI/sprites/master/sprites/pokemon/other/home/10222.png,https://raw.githubusercontent.com/PokeAPI/sprites/master/sprites/pokemon/other/official-artwork/10222.png,https://www.pokemon.com/us/pokedex/grimmsnarl,species-page,2026-04-13T11:45:21.940891-07:00,200,official_media_verified_link_generated,,pokemon.com page content is bot-protected; official page URL is attached for manual verification.
obstagoon,Obstagoon,862,https://assets.pokemon.com/assets/cms2/img/pokedex/full/862.png,https://raw.githubusercontent.com/PokeAPI/sprites/master/sprites/pokemon/other/official-artwork/862.png,https://raw.githubusercontent.com/PokeAPI/sprites/master/sprites/pokemon/other/home/862.png,https://raw.githubusercontent.com/PokeAPI/sprites/master/sprites/pokemon/other/official-artwork/862.png,https://www.pokemon.com/us/pokedex/obstagoon,species-page,2026-04-13T11:45:21.940891-07:00,200,official_media_verified_link_generated,,pokemon.com page content is bot-protected; official page URL is attached for manual verification.
perrserker,Perrserker,863,https://assets.pokemon.com/assets/cms2/img/pokedex/full/863.png,https://raw.githubusercontent.com/PokeAPI/sprites/master/sprites/pokemon/other/official-artwork/863.png,https://raw.githubusercontent.com/PokeAPI/sprites/master/sprites/pokemon/other/home/863.png,https://raw.githubusercontent.com/PokeAPI/sprites/master/sprites/pokemon/other/official-artwork/863.png,https://www.pokemon.com/us/pokedex/perrserker,species-page,2026-04-13T11:45:21.940891-07:00,200,official_media_verified_link_generated,,pokemon.com page content is bot-protected; official page URL is attached for manual verification.
cursola,Cursola,864,https://assets.pokemon.com/assets/cms2/img/pokedex/full/864.png,https://raw.githubusercontent.com/PokeAPI/sprites/master/sprites/pokemon/other/official-artwork/864.png,https://raw.githubusercontent.com/PokeAPI/sprites/master/sprites/pokemon/other/home/864.png,https://raw.githubusercontent.com/PokeAPI/sprites/master/sprites/pokemon/other/official-artwork/864.png,https://www.pokemon.com/us/pokedex/cursola,species-page,2026-04-13T11:45:21.940891-07:00,200,official_media_verified_link_generated,,pokemon.com page content is bot-protected; official page URL is attached for manual verification.
sirfetchd,Sirfetchd,865,https://assets.pokemon.com/assets/cms2/img/pokedex/full/865.png,https://raw.githubusercontent.com/PokeAPI/sprites/master/sprites/pokemon/other/official-artwork/865.png,https://raw.githubusercontent.com/PokeAPI/sprites/master/sprites/pokemon/other/home/865.png,https://raw.githubusercontent.com/PokeAPI/sprites/master/sprites/pokemon/other/official-artwork/865.png,https://www.pokemon.com/us/pokedex/sirfetchd,species-page,2026-04-13T11:45:21.940891-07:00,200,official_media_verified_link_generated,,pokemon.com page content is bot-protected; official page URL is attached for manual verification.
mr-rime,Mr Rime,866,https://assets.pokemon.com/assets/cms2/img/pokedex/full/866.png,https://raw.githubusercontent.com/PokeAPI/sprites/master/sprites/pokemon/other/official-artwork/866.png,https://raw.githubusercontent.com/PokeAPI/sprites/master/sprites/pokemon/other/home/866.png,https://raw.githubusercontent.com/PokeAPI/sprites/master/sprites/pokemon/other/official-artwork/866.png,https://www.pokemon.com/us/pokedex/mr-rime,species-page,2026-04-13T11:45:21.940891-07:00,200,official_media_verified_link_generated,,pokemon.com page content is bot-protected; official page URL is attached for manual verification.
runerigus,Runerigus,867,https://assets.pokemon.com/assets/cms2/img/pokedex/full/867.png,https://raw.githubusercontent.com/PokeAPI/sprites/master/sprites/pokemon/other/official-artwork/867.png,https://raw.githubusercontent.com/PokeAPI/sprites/master/sprites/pokemon/other/home/867.png,https://raw.githubusercontent.com/PokeAPI/sprites/master/sprites/pokemon/other/official-artwork/867.png,https://www.pokemon.com/us/pokedex/runerigus,species-page,2026-04-13T11:45:21.940891-07:00,200,official_media_verified_link_generated,,pokemon.com page content is bot-protected; official page URL is attached for manual verification.
milcery,Milcery,868,https://assets.pokemon.com/assets/cms2/img/pokedex/full/868.png,https://raw.githubusercontent.com/PokeAPI/sprites/master/sprites/pokemon/other/official-artwork/868.png,https://raw.githubusercontent.com/PokeAPI/sprites/master/sprites/pokemon/other/home/868.png,https://raw.githubusercontent.com/PokeAPI/sprites/master/sprites/pokemon/other/official-artwork/868.png,https://www.pokemon.com/us/pokedex/milcery,species-page,2026-04-13T11:45:21.940891-07:00,200,official_media_verified_link_generated,,pokemon.com page content is bot-protected; official page URL is attached for manual verification.
alcremie,Alcremie,869,https://assets.pokemon.com/assets/cms2/img/pokedex/full/869.png,https://raw.githubusercontent.com/PokeAPI/sprites/master/sprites/pokemon/other/official-artwork/869.png,https://raw.githubusercontent.com/PokeAPI/sprites/master/sprites/pokemon/other/home/869.png,https://raw.githubusercontent.com/PokeAPI/sprites/master/sprites/pokemon/other/official-artwork/869.png,https://www.pokemon.com/us/pokedex/alcremie,species-page,2026-04-13T11:45:21.940891-07:00,200,official_media_verified_link_generated,,pokemon.com page content is bot-protected; official page URL is attached for manual verification.
alcremie-gmax,Alcremie Gmax,869,https://assets.pokemon.com/assets/cms2/img/pokedex/full/869.png,https://raw.githubusercontent.com/PokeAPI/sprites/master/sprites/pokemon/other/official-artwork/10223.png,https://raw.githubusercontent.com/PokeAPI/sprites/master/sprites/pokemon/other/home/10223.png,https://raw.githubusercontent.com/PokeAPI/sprites/master/sprites/pokemon/other/official-artwork/10223.png,https://www.pokemon.com/us/pokedex/alcremie,species-page,2026-04-13T11:45:21.940891-07:00,200,official_media_verified_link_generated,,pokemon.com page content is bot-protected; official page URL is attached for manual verification.
falinks,Falinks,870,https://assets.pokemon.com/assets/cms2/img/pokedex/full/870.png,https://raw.githubusercontent.com/PokeAPI/sprites/master/sprites/pokemon/other/official-artwork/870.png,https://raw.githubusercontent.com/PokeAPI/sprites/master/sprites/pokemon/other/home/870.png,https://raw.githubusercontent.com/PokeAPI/sprites/master/sprites/pokemon/other/official-artwork/870.png,https://www.pokemon.com/us/pokedex/falinks,species-page,2026-04-13T11:45:21.940891-07:00,200,official_media_verified_link_generated,,pokemon.com page content is bot-protected; official page URL is attached for manual verification.
falinks-mega,Falinks maleega,870,https://assets.pokemon.com/assets/cms2/img/pokedex/full/870.png,https://raw.githubusercontent.com/PokeAPI/sprites/master/sprites/pokemon/other/official-artwork/10303.png,https://raw.githubusercontent.com/PokeAPI/sprites/master/sprites/pokemon/other/official-artwork/10303.png,https://raw.githubusercontent.com/PokeAPI/sprites/master/sprites/pokemon/other/official-artwork/10303.png,https://www.pokemon.com/us/pokedex/falinks,species-page,2026-04-13T11:45:21.940891-07:00,200,official_media_verified_link_generated,,pokemon.com page content is bot-protected; official page URL is attached for manual verification.
pincurchin,Pincurchin,871,https://assets.pokemon.com/assets/cms2/img/pokedex/full/871.png,https://raw.githubusercontent.com/PokeAPI/sprites/master/sprites/pokemon/other/official-artwork/871.png,https://raw.githubusercontent.com/PokeAPI/sprites/master/sprites/pokemon/other/home/871.png,https://raw.githubusercontent.com/PokeAPI/sprites/master/sprites/pokemon/other/official-artwork/871.png,https://www.pokemon.com/us/pokedex/pincurchin,species-page,2026-04-13T11:45:21.940891-07:00,200,official_media_verified_link_generated,,pokemon.com page content is bot-protected; official page URL is attached for manual verification.
snom,Snom,872,https://assets.pokemon.com/assets/cms2/img/pokedex/full/872.png,https://raw.githubusercontent.com/PokeAPI/sprites/master/sprites/pokemon/other/official-artwork/872.png,https://raw.githubusercontent.com/PokeAPI/sprites/master/sprites/pokemon/other/home/872.png,https://raw.githubusercontent.com/PokeAPI/sprites/master/sprites/pokemon/other/official-artwork/872.png,https://www.pokemon.com/us/pokedex/snom,species-page,2026-04-13T11:45:21.940891-07:00,200,official_media_verified_link_generated,,pokemon.com page content is bot-protected; official page URL is attached for manual verification.
frosmoth,Frosmoth,873,https://assets.pokemon.com/assets/cms2/img/pokedex/full/873.png,https://raw.githubusercontent.com/PokeAPI/sprites/master/sprites/pokemon/other/official-artwork/873.png,https://raw.githubusercontent.com/PokeAPI/sprites/master/sprites/pokemon/other/home/873.png,https://raw.githubusercontent.com/PokeAPI/sprites/master/sprites/pokemon/other/official-artwork/873.png,https://www.pokemon.com/us/pokedex/frosmoth,species-page,2026-04-13T11:45:21.940891-07:00,200,official_media_verified_link_generated,,pokemon.com page content is bot-protected; official page URL is attached for manual verification.
stonjourner,Stonjourner,874,https://assets.pokemon.com/assets/cms2/img/pokedex/full/874.png,https://raw.githubusercontent.com/PokeAPI/sprites/master/sprites/pokemon/other/official-artwork/874.png,https://raw.githubusercontent.com/PokeAPI/sprites/master/sprites/pokemon/other/home/874.png,https://raw.githubusercontent.com/PokeAPI/sprites/master/sprites/pokemon/other/official-artwork/874.png,https://www.pokemon.com/us/pokedex/stonjourner,species-page,2026-04-13T11:45:21.940891-07:00,200,official_media_verified_link_generated,,pokemon.com page content is bot-protected; official page URL is attached for manual verification.
eiscue-ice,Eiscue Ice,875,https://assets.pokemon.com/assets/cms2/img/pokedex/full/875.png,https://raw.githubusercontent.com/PokeAPI/sprites/master/sprites/pokemon/other/official-artwork/875.png,https://raw.githubusercontent.com/PokeAPI/sprites/master/sprites/pokemon/other/home/875.png,https://raw.githubusercontent.com/PokeAPI/sprites/master/sprites/pokemon/other/official-artwork/875.png,https://www.pokemon.com/us/pokedex/eiscue,species-page,2026-04-13T11:45:21.940891-07:00,200,official_media_verified_link_generated,,pokemon.com page content is bot-protected; official page URL is attached for manual verification.
eiscue-noice,Eiscue Noice,875,https://assets.pokemon.com/assets/cms2/img/pokedex/full/875.png,https://raw.githubusercontent.com/PokeAPI/sprites/master/sprites/pokemon/other/official-artwork/10185.png,https://raw.githubusercontent.com/PokeAPI/sprites/master/sprites/pokemon/other/home/10185.png,https://raw.githubusercontent.com/PokeAPI/sprites/master/sprites/pokemon/other/official-artwork/10185.png,https://www.pokemon.com/us/pokedex/eiscue,species-page,2026-04-13T11:45:21.940891-07:00,200,official_media_verified_link_generated,,pokemon.com page content is bot-protected; official page URL is attached for manual verification.
indeedee-female,Indeedee femaleemale,876,https://assets.pokemon.com/assets/cms2/img/pokedex/full/876.png,https://raw.githubusercontent.com/PokeAPI/sprites/master/sprites/pokemon/other/official-artwork/10186.png,https://raw.githubusercontent.com/PokeAPI/sprites/master/sprites/pokemon/other/home/10186.png,https://raw.githubusercontent.com/PokeAPI/sprites/master/sprites/pokemon/other/official-artwork/10186.png,https://www.pokemon.com/us/pokedex/indeedee,species-page,2026-04-13T11:45:21.940891-07:00,200,official_media_verified_link_generated,,pokemon.com page content is bot-protected; official page URL is attached for manual verification.
indeedee-male,Indeedee maleale,876,https://assets.pokemon.com/assets/cms2/img/pokedex/full/876.png,https://raw.githubusercontent.com/PokeAPI/sprites/master/sprites/pokemon/other/official-artwork/876.png,https://raw.githubusercontent.com/PokeAPI/sprites/master/sprites/pokemon/other/home/876.png,https://raw.githubusercontent.com/PokeAPI/sprites/master/sprites/pokemon/other/official-artwork/876.png,https://www.pokemon.com/us/pokedex/indeedee,species-page,2026-04-13T11:45:21.940891-07:00,200,official_media_verified_link_generated,,pokemon.com page content is bot-protected; official page URL is attached for manual verification.
morpeko-full-belly,Morpeko femaleull Belly,877,https://assets.pokemon.com/assets/cms2/img/pokedex/full/877.png,https://raw.githubusercontent.com/PokeAPI/sprites/master/sprites/pokemon/other/official-artwork/877.png,https://raw.githubusercontent.com/PokeAPI/sprites/master/sprites/pokemon/other/home/877.png,https://raw.githubusercontent.com/PokeAPI/sprites/master/sprites/pokemon/other/official-artwork/877.png,https://www.pokemon.com/us/pokedex/morpeko,species-page,2026-04-13T11:45:21.940891-07:00,200,official_media_verified_link_generated,,pokemon.com page content is bot-protected; official page URL is attached for manual verification.
morpeko-hangry,Morpeko Hangry,877,https://assets.pokemon.com/assets/cms2/img/pokedex/full/877.png,https://raw.githubusercontent.com/PokeAPI/sprites/master/sprites/pokemon/other/official-artwork/10187.png,https://raw.githubusercontent.com/PokeAPI/sprites/master/sprites/pokemon/other/home/10187.png,https://raw.githubusercontent.com/PokeAPI/sprites/master/sprites/pokemon/other/official-artwork/10187.png,https://www.pokemon.com/us/pokedex/morpeko,species-page,2026-04-13T11:45:21.940891-07:00,200,official_media_verified_link_generated,,pokemon.com page content is bot-protected; official page URL is attached for manual verification.
cufant,Cufant,878,https://assets.pokemon.com/assets/cms2/img/pokedex/full/878.png,https://raw.githubusercontent.com/PokeAPI/sprites/master/sprites/pokemon/other/official-artwork/878.png,https://raw.githubusercontent.com/PokeAPI/sprites/master/sprites/pokemon/other/home/878.png,https://raw.githubusercontent.com/PokeAPI/sprites/master/sprites/pokemon/other/official-artwork/878.png,https://www.pokemon.com/us/pokedex/cufant,species-page,2026-04-13T11:45:21.940891-07:00,200,official_media_verified_link_generated,,pokemon.com page content is bot-protected; official page URL is attached for manual verification.
copperajah,Copperajah,879,https://assets.pokemon.com/assets/cms2/img/pokedex/full/879.png,https://raw.githubusercontent.com/PokeAPI/sprites/master/sprites/pokemon/other/official-artwork/879.png,https://raw.githubusercontent.com/PokeAPI/sprites/master/sprites/pokemon/other/home/879.png,https://raw.githubusercontent.com/PokeAPI/sprites/master/sprites/pokemon/other/official-artwork/879.png,https://www.pokemon.com/us/pokedex/copperajah,species-page,2026-04-13T11:45:21.940891-07:00,200,official_media_verified_link_generated,,pokemon.com page content is bot-protected; official page URL is attached for manual verification.
copperajah-gmax,Copperajah Gmax,879,https://assets.pokemon.com/assets/cms2/img/pokedex/full/879.png,https://raw.githubusercontent.com/PokeAPI/sprites/master/sprites/pokemon/other/official-artwork/10224.png,https://raw.githubusercontent.com/PokeAPI/sprites/master/sprites/pokemon/other/home/10224.png,https://raw.githubusercontent.com/PokeAPI/sprites/master/sprites/pokemon/other/official-artwork/10224.png,https://www.pokemon.com/us/pokedex/copperajah,species-page,2026-04-13T11:45:21.940891-07:00,200,official_media_verified_link_generated,,pokemon.com page content is bot-protected; official page URL is attached for manual verification.
dracozolt,Dracozolt,880,https://assets.pokemon.com/assets/cms2/img/pokedex/full/880.png,https://raw.githubusercontent.com/PokeAPI/sprites/master/sprites/pokemon/other/official-artwork/880.png,https://raw.githubusercontent.com/PokeAPI/sprites/master/sprites/pokemon/other/home/880.png,https://raw.githubusercontent.com/PokeAPI/sprites/master/sprites/pokemon/other/official-artwork/880.png,https://www.pokemon.com/us/pokedex/dracozolt,species-page,2026-04-13T11:45:21.940891-07:00,200,official_media_verified_link_generated,,pokemon.com page content is bot-protected; official page URL is attached for manual verification.
arctozolt,Arctozolt,881,https://assets.pokemon.com/assets/cms2/img/pokedex/full/881.png,https://raw.githubusercontent.com/PokeAPI/sprites/master/sprites/pokemon/other/official-artwork/881.png,https://raw.githubusercontent.com/PokeAPI/sprites/master/sprites/pokemon/other/home/881.png,https://raw.githubusercontent.com/PokeAPI/sprites/master/sprites/pokemon/other/official-artwork/881.png,https://www.pokemon.com/us/pokedex/arctozolt,species-page,2026-04-13T11:45:21.940891-07:00,200,official_media_verified_link_generated,,pokemon.com page content is bot-protected; official page URL is attached for manual verification.
dracovish,Dracovish,882,https://assets.pokemon.com/assets/cms2/img/pokedex/full/882.png,https://raw.githubusercontent.com/PokeAPI/sprites/master/sprites/pokemon/other/official-artwork/882.png,https://raw.githubusercontent.com/PokeAPI/sprites/master/sprites/pokemon/other/home/882.png,https://raw.githubusercontent.com/PokeAPI/sprites/master/sprites/pokemon/other/official-artwork/882.png,https://www.pokemon.com/us/pokedex/dracovish,species-page,2026-04-13T11:45:21.940891-07:00,200,official_media_verified_link_generated,,pokemon.com page content is bot-protected; official page URL is attached for manual verification.
arctovish,Arctovish,883,https://assets.pokemon.com/assets/cms2/img/pokedex/full/883.png,https://raw.githubusercontent.com/PokeAPI/sprites/master/sprites/pokemon/other/official-artwork/883.png,https://raw.githubusercontent.com/PokeAPI/sprites/master/sprites/pokemon/other/home/883.png,https://raw.githubusercontent.com/PokeAPI/sprites/master/sprites/pokemon/other/official-artwork/883.png,https://www.pokemon.com/us/pokedex/arctovish,species-page,2026-04-13T11:45:21.940891-07:00,200,official_media_verified_link_generated,,pokemon.com page content is bot-protected; official page URL is attached for manual verification.
duraludon,Duraludon,884,https://assets.pokemon.com/assets/cms2/img/pokedex/full/884.png,https://raw.githubusercontent.com/PokeAPI/sprites/master/sprites/pokemon/other/official-artwork/884.png,https://raw.githubusercontent.com/PokeAPI/sprites/master/sprites/pokemon/other/home/884.png,https://raw.githubusercontent.com/PokeAPI/sprites/master/sprites/pokemon/other/official-artwork/884.png,https://www.pokemon.com/us/pokedex/duraludon,species-page,2026-04-13T11:45:21.940891-07:00,200,official_media_verified_link_generated,,pokemon.com page content is bot-protected; official page URL is attached for manual verification.
duraludon-gmax,Duraludon Gmax,884,https://assets.pokemon.com/assets/cms2/img/pokedex/full/884.png,https://raw.githubusercontent.com/PokeAPI/sprites/master/sprites/pokemon/other/official-artwork/10225.png,https://raw.githubusercontent.com/PokeAPI/sprites/master/sprites/pokemon/other/home/10225.png,https://raw.githubusercontent.com/PokeAPI/sprites/master/sprites/pokemon/other/official-artwork/10225.png,https://www.pokemon.com/us/pokedex/duraludon,species-page,2026-04-13T11:45:21.940891-07:00,200,official_media_verified_link_generated,,pokemon.com page content is bot-protected; official page URL is attached for manual verification.
dreepy,Dreepy,885,https://assets.pokemon.com/assets/cms2/img/pokedex/full/885.png,https://raw.githubusercontent.com/PokeAPI/sprites/master/sprites/pokemon/other/official-artwork/885.png,https://raw.githubusercontent.com/PokeAPI/sprites/master/sprites/pokemon/other/home/885.png,https://raw.githubusercontent.com/PokeAPI/sprites/master/sprites/pokemon/other/official-artwork/885.png,https://www.pokemon.com/us/pokedex/dreepy,species-page,2026-04-13T11:45:21.940891-07:00,200,official_media_verified_link_generated,,pokemon.com page content is bot-protected; official page URL is attached for manual verification.
drakloak,Drakloak,886,https://assets.pokemon.com/assets/cms2/img/pokedex/full/886.png,https://raw.githubusercontent.com/PokeAPI/sprites/master/sprites/pokemon/other/official-artwork/886.png,https://raw.githubusercontent.com/PokeAPI/sprites/master/sprites/pokemon/other/home/886.png,https://raw.githubusercontent.com/PokeAPI/sprites/master/sprites/pokemon/other/official-artwork/886.png,https://www.pokemon.com/us/pokedex/drakloak,species-page,2026-04-13T11:45:21.940891-07:00,200,official_media_verified_link_generated,,pokemon.com page content is bot-protected; official page URL is attached for manual verification.
dragapult,Dragapult,887,https://assets.pokemon.com/assets/cms2/img/pokedex/full/887.png,https://raw.githubusercontent.com/PokeAPI/sprites/master/sprites/pokemon/other/official-artwork/887.png,https://raw.githubusercontent.com/PokeAPI/sprites/master/sprites/pokemon/other/home/887.png,https://raw.githubusercontent.com/PokeAPI/sprites/master/sprites/pokemon/other/official-artwork/887.png,https://www.pokemon.com/us/pokedex/dragapult,species-page,2026-04-13T11:45:21.940891-07:00,200,official_media_verified_link_generated,,pokemon.com page content is bot-protected; official page URL is attached for manual verification.
zacian,Zacian,888,https://assets.pokemon.com/assets/cms2/img/pokedex/full/888.png,https://raw.githubusercontent.com/PokeAPI/sprites/master/sprites/pokemon/other/official-artwork/888.png,https://raw.githubusercontent.com/PokeAPI/sprites/master/sprites/pokemon/other/home/888.png,https://raw.githubusercontent.com/PokeAPI/sprites/master/sprites/pokemon/other/official-artwork/888.png,https://www.pokemon.com/us/pokedex/zacian,species-page,2026-04-13T11:45:21.940891-07:00,200,official_media_verified_link_generated,,pokemon.com page content is bot-protected; official page URL is attached for manual verification.
zacian-crowned,Zacian Crowned,888,https://assets.pokemon.com/assets/cms2/img/pokedex/full/888.png,https://raw.githubusercontent.com/PokeAPI/sprites/master/sprites/pokemon/other/official-artwork/10188.png,https://raw.githubusercontent.com/PokeAPI/sprites/master/sprites/pokemon/other/home/10188.png,https://raw.githubusercontent.com/PokeAPI/sprites/master/sprites/pokemon/other/official-artwork/10188.png,https://www.pokemon.com/us/pokedex/zacian,species-page,2026-04-13T11:45:21.940891-07:00,200,official_media_verified_link_generated,,pokemon.com page content is bot-protected; official page URL is attached for manual verification.
zamazenta,Zamazenta,889,https://assets.pokemon.com/assets/cms2/img/pokedex/full/889.png,https://raw.githubusercontent.com/PokeAPI/sprites/master/sprites/pokemon/other/official-artwork/889.png,https://raw.githubusercontent.com/PokeAPI/sprites/master/sprites/pokemon/other/home/889.png,https://raw.githubusercontent.com/PokeAPI/sprites/master/sprites/pokemon/other/official-artwork/889.png,https://www.pokemon.com/us/pokedex/zamazenta,species-page,2026-04-13T11:45:21.940891-07:00,200,official_media_verified_link_generated,,pokemon.com page content is bot-protected; official page URL is attached for manual verification.
zamazenta-crowned,Zamazenta Crowned,889,https://assets.pokemon.com/assets/cms2/img/pokedex/full/889.png,https://raw.githubusercontent.com/PokeAPI/sprites/master/sprites/pokemon/other/official-artwork/10189.png,https://raw.githubusercontent.com/PokeAPI/sprites/master/sprites/pokemon/other/home/10189.png,https://raw.githubusercontent.com/PokeAPI/sprites/master/sprites/pokemon/other/official-artwork/10189.png,https://www.pokemon.com/us/pokedex/zamazenta,species-page,2026-04-13T11:45:21.940891-07:00,200,official_media_verified_link_generated,,pokemon.com page content is bot-protected; official page URL is attached for manual verification.
eternatus,Eternatus,890,https://assets.pokemon.com/assets/cms2/img/pokedex/full/890.png,https://raw.githubusercontent.com/PokeAPI/sprites/master/sprites/pokemon/other/official-artwork/890.png,https://raw.githubusercontent.com/PokeAPI/sprites/master/sprites/pokemon/other/home/890.png,https://raw.githubusercontent.com/PokeAPI/sprites/master/sprites/pokemon/other/official-artwork/890.png,https://www.pokemon.com/us/pokedex/eternatus,species-page,2026-04-13T11:45:21.940891-07:00,200,official_media_verified_link_generated,,pokemon.com page content is bot-protected; official page URL is attached for manual verification.
eternatus-eternamax,Eternatus Eternamax,890,https://assets.pokemon.com/assets/cms2/img/pokedex/full/890.png,https://raw.githubusercontent.com/PokeAPI/sprites/master/sprites/pokemon/other/official-artwork/10190.png,https://raw.githubusercontent.com/PokeAPI/sprites/master/sprites/pokemon/other/home/10190.png,https://raw.githubusercontent.com/PokeAPI/sprites/master/sprites/pokemon/other/official-artwork/10190.png,https://www.pokemon.com/us/pokedex/eternatus,species-page,2026-04-13T11:45:21.940891-07:00,200,official_media_verified_link_generated,,pokemon.com page content is bot-protected; official page URL is attached for manual verification.
kubfu,Kubfu,891,https://assets.pokemon.com/assets/cms2/img/pokedex/full/891.png,https://raw.githubusercontent.com/PokeAPI/sprites/master/sprites/pokemon/other/official-artwork/891.png,https://raw.githubusercontent.com/PokeAPI/sprites/master/sprites/pokemon/other/home/891.png,https://raw.githubusercontent.com/PokeAPI/sprites/master/sprites/pokemon/other/official-artwork/891.png,https://www.pokemon.com/us/pokedex/kubfu,species-page,2026-04-13T11:45:21.940891-07:00,200,official_media_verified_link_generated,,pokemon.com page content is bot-protected; official page URL is attached for manual verification.
urshifu-rapid-strike,Urshifu Rapid Strike,892,https://assets.pokemon.com/assets/cms2/img/pokedex/full/892.png,https://raw.githubusercontent.com/PokeAPI/sprites/master/sprites/pokemon/other/official-artwork/10191.png,https://raw.githubusercontent.com/PokeAPI/sprites/master/sprites/pokemon/other/home/10191.png,https://raw.githubusercontent.com/PokeAPI/sprites/master/sprites/pokemon/other/official-artwork/10191.png,https://www.pokemon.com/us/pokedex/urshifu,species-page,2026-04-13T11:45:21.940891-07:00,200,official_media_verified_link_generated,,pokemon.com page content is bot-protected; official page URL is attached for manual verification.
urshifu-rapid-strike-gmax,Urshifu Rapid Strike Gmax,892,https://assets.pokemon.com/assets/cms2/img/pokedex/full/892.png,https://raw.githubusercontent.com/PokeAPI/sprites/master/sprites/pokemon/other/official-artwork/10227.png,https://raw.githubusercontent.com/PokeAPI/sprites/master/sprites/pokemon/other/home/10227.png,https://raw.githubusercontent.com/PokeAPI/sprites/master/sprites/pokemon/other/official-artwork/10227.png,https://www.pokemon.com/us/pokedex/urshifu,species-page,2026-04-13T11:45:21.940891-07:00,200,official_media_verified_link_generated,,pokemon.com page content is bot-protected; official page URL is attached for manual verification.
urshifu-single-strike,Urshifu Single Strike,892,https://assets.pokemon.com/assets/cms2/img/pokedex/full/892.png,https://raw.githubusercontent.com/PokeAPI/sprites/master/sprites/pokemon/other/official-artwork/892.png,https://raw.githubusercontent.com/PokeAPI/sprites/master/sprites/pokemon/other/home/892.png,https://raw.githubusercontent.com/PokeAPI/sprites/master/sprites/pokemon/other/official-artwork/892.png,https://www.pokemon.com/us/pokedex/urshifu,species-page,2026-04-13T11:45:21.940891-07:00,200,official_media_verified_link_generated,,pokemon.com page content is bot-protected; official page URL is attached for manual verification.
urshifu-single-strike-gmax,Urshifu Single Strike Gmax,892,https://assets.pokemon.com/assets/cms2/img/pokedex/full/892.png,https://raw.githubusercontent.com/PokeAPI/sprites/master/sprites/pokemon/other/official-artwork/10226.png,https://raw.githubusercontent.com/PokeAPI/sprites/master/sprites/pokemon/other/home/10226.png,https://raw.githubusercontent.com/PokeAPI/sprites/master/sprites/pokemon/other/official-artwork/10226.png,https://www.pokemon.com/us/pokedex/urshifu,species-page,2026-04-13T11:45:21.940891-07:00,200,official_media_verified_link_generated,,pokemon.com page content is bot-protected; official page URL is attached for manual verification.
zarude,Zarude,893,https://assets.pokemon.com/assets/cms2/img/pokedex/full/893.png,https://raw.githubusercontent.com/PokeAPI/sprites/master/sprites/pokemon/other/official-artwork/893.png,https://raw.githubusercontent.com/PokeAPI/sprites/master/sprites/pokemon/other/home/893.png,https://raw.githubusercontent.com/PokeAPI/sprites/master/sprites/pokemon/other/official-artwork/893.png,https://www.pokemon.com/us/pokedex/zarude,species-page,2026-04-13T11:45:21.940891-07:00,200,official_media_verified_link_generated,,pokemon.com page content is bot-protected; official page URL is attached for manual verification.
zarude-dada,Zarude Dada,893,https://assets.pokemon.com/assets/cms2/img/pokedex/full/893.png,https://raw.githubusercontent.com/PokeAPI/sprites/master/sprites/pokemon/other/official-artwork/10192.png,https://raw.githubusercontent.com/PokeAPI/sprites/master/sprites/pokemon/other/home/10192.png,https://raw.githubusercontent.com/PokeAPI/sprites/master/sprites/pokemon/other/official-artwork/10192.png,https://www.pokemon.com/us/pokedex/zarude,species-page,2026-04-13T11:45:21.940891-07:00,200,official_media_verified_link_generated,,pokemon.com page content is bot-protected; official page URL is attached for manual verification.
regieleki,Regieleki,894,https://assets.pokemon.com/assets/cms2/img/pokedex/full/894.png,https://raw.githubusercontent.com/PokeAPI/sprites/master/sprites/pokemon/other/official-artwork/894.png,https://raw.githubusercontent.com/PokeAPI/sprites/master/sprites/pokemon/other/home/894.png,https://raw.githubusercontent.com/PokeAPI/sprites/master/sprites/pokemon/other/official-artwork/894.png,https://www.pokemon.com/us/pokedex/regieleki,species-page,2026-04-13T11:45:21.940891-07:00,200,official_media_verified_link_generated,,pokemon.com page content is bot-protected; official page URL is attached for manual verification.
regidrago,Regidrago,895,https://assets.pokemon.com/assets/cms2/img/pokedex/full/895.png,https://raw.githubusercontent.com/PokeAPI/sprites/master/sprites/pokemon/other/official-artwork/895.png,https://raw.githubusercontent.com/PokeAPI/sprites/master/sprites/pokemon/other/home/895.png,https://raw.githubusercontent.com/PokeAPI/sprites/master/sprites/pokemon/other/official-artwork/895.png,https://www.pokemon.com/us/pokedex/regidrago,species-page,2026-04-13T11:45:21.940891-07:00,200,official_media_verified_link_generated,,pokemon.com page content is bot-protected; official page URL is attached for manual verification.
glastrier,Glastrier,896,https://assets.pokemon.com/assets/cms2/img/pokedex/full/896.png,https://raw.githubusercontent.com/PokeAPI/sprites/master/sprites/pokemon/other/official-artwork/896.png,https://raw.githubusercontent.com/PokeAPI/sprites/master/sprites/pokemon/other/home/896.png,https://raw.githubusercontent.com/PokeAPI/sprites/master/sprites/pokemon/other/official-artwork/896.png,https://www.pokemon.com/us/pokedex/glastrier,species-page,2026-04-13T11:45:21.940891-07:00,200,official_media_verified_link_generated,,pokemon.com page content is bot-protected; official page URL is attached for manual verification.
spectrier,Spectrier,897,https://assets.pokemon.com/assets/cms2/img/pokedex/full/897.png,https://raw.githubusercontent.com/PokeAPI/sprites/master/sprites/pokemon/other/official-artwork/897.png,https://raw.githubusercontent.com/PokeAPI/sprites/master/sprites/pokemon/other/home/897.png,https://raw.githubusercontent.com/PokeAPI/sprites/master/sprites/pokemon/other/official-artwork/897.png,https://www.pokemon.com/us/pokedex/spectrier,species-page,2026-04-13T11:45:21.940891-07:00,200,official_media_verified_link_generated,,pokemon.com page content is bot-protected; official page URL is attached for manual verification.
calyrex,Calyrex,898,https://assets.pokemon.com/assets/cms2/img/pokedex/full/898.png,https://raw.githubusercontent.com/PokeAPI/sprites/master/sprites/pokemon/other/official-artwork/898.png,https://raw.githubusercontent.com/PokeAPI/sprites/master/sprites/pokemon/other/home/898.png,https://raw.githubusercontent.com/PokeAPI/sprites/master/sprites/pokemon/other/official-artwork/898.png,https://www.pokemon.com/us/pokedex/calyrex,species-page,2026-04-13T11:45:21.940891-07:00,200,official_media_verified_link_generated,,pokemon.com page content is bot-protected; official page URL is attached for manual verification.
calyrex-ice,Calyrex Ice,898,https://assets.pokemon.com/assets/cms2/img/pokedex/full/898.png,https://raw.githubusercontent.com/PokeAPI/sprites/master/sprites/pokemon/other/official-artwork/10193.png,https://raw.githubusercontent.com/PokeAPI/sprites/master/sprites/pokemon/other/home/10193.png,https://raw.githubusercontent.com/PokeAPI/sprites/master/sprites/pokemon/other/official-artwork/10193.png,https://www.pokemon.com/us/pokedex/calyrex,species-page,2026-04-13T11:45:21.940891-07:00,200,official_media_verified_link_generated,,pokemon.com page content is bot-protected; official page URL is attached for manual verification.
calyrex-shadow,Calyrex Shadow,898,https://assets.pokemon.com/assets/cms2/img/pokedex/full/898.png,https://raw.githubusercontent.com/PokeAPI/sprites/master/sprites/pokemon/other/official-artwork/10194.png,https://raw.githubusercontent.com/PokeAPI/sprites/master/sprites/pokemon/other/home/10194.png,https://raw.githubusercontent.com/PokeAPI/sprites/master/sprites/pokemon/other/official-artwork/10194.png,https://www.pokemon.com/us/pokedex/calyrex,species-page,2026-04-13T11:45:21.940891-07:00,200,official_media_verified_link_generated,,pokemon.com page content is bot-protected; official page URL is attached for manual verification.
wyrdeer,Wyrdeer,899,https://assets.pokemon.com/assets/cms2/img/pokedex/full/899.png,https://raw.githubusercontent.com/PokeAPI/sprites/master/sprites/pokemon/other/official-artwork/899.png,https://raw.githubusercontent.com/PokeAPI/sprites/master/sprites/pokemon/other/home/899.png,https://raw.githubusercontent.com/PokeAPI/sprites/master/sprites/pokemon/other/official-artwork/899.png,https://www.pokemon.com/us/pokedex/wyrdeer,species-page,2026-04-13T11:45:21.940891-07:00,200,official_media_verified_link_generated,,pokemon.com page content is bot-protected; official page URL is attached for manual verification.
kleavor,Kleavor,900,https://assets.pokemon.com/assets/cms2/img/pokedex/full/900.png,https://raw.githubusercontent.com/PokeAPI/sprites/master/sprites/pokemon/other/official-artwork/900.png,https://raw.githubusercontent.com/PokeAPI/sprites/master/sprites/pokemon/other/home/900.png,https://raw.githubusercontent.com/PokeAPI/sprites/master/sprites/pokemon/other/official-artwork/900.png,https://www.pokemon.com/us/pokedex/kleavor,species-page,2026-04-13T11:45:21.940891-07:00,200,official_media_verified_link_generated,,pokemon.com page content is bot-protected; official page URL is attached for manual verification.
ursaluna,Ursaluna,901,https://assets.pokemon.com/assets/cms2/img/pokedex/full/901.png,https://raw.githubusercontent.com/PokeAPI/sprites/master/sprites/pokemon/other/official-artwork/901.png,https://raw.githubusercontent.com/PokeAPI/sprites/master/sprites/pokemon/other/home/901.png,https://raw.githubusercontent.com/PokeAPI/sprites/master/sprites/pokemon/other/official-artwork/901.png,https://www.pokemon.com/us/pokedex/ursaluna,species-page,2026-04-13T11:45:21.940891-07:00,200,official_media_verified_link_generated,,pokemon.com page content is bot-protected; official page URL is attached for manual verification.
ursaluna-bloodmoon,Ursaluna Bloodmoon,901,https://assets.pokemon.com/assets/cms2/img/pokedex/full/901.png,https://raw.githubusercontent.com/PokeAPI/sprites/master/sprites/pokemon/other/official-artwork/10272.png,https://raw.githubusercontent.com/PokeAPI/sprites/master/sprites/pokemon/other/home/10272.png,https://raw.githubusercontent.com/PokeAPI/sprites/master/sprites/pokemon/other/official-artwork/10272.png,https://www.pokemon.com/us/pokedex/ursaluna,species-page,2026-04-13T11:45:21.940891-07:00,200,official_media_verified_link_generated,,pokemon.com page content is bot-protected; official page URL is attached for manual verification.
basculegion-female,Basculegion femaleemale,902,https://assets.pokemon.com/assets/cms2/img/pokedex/full/902.png,https://raw.githubusercontent.com/PokeAPI/sprites/master/sprites/pokemon/other/official-artwork/10248.png,https://raw.githubusercontent.com/PokeAPI/sprites/master/sprites/pokemon/other/home/10248.png,https://raw.githubusercontent.com/PokeAPI/sprites/master/sprites/pokemon/other/official-artwork/10248.png,https://www.pokemon.com/us/pokedex/basculegion,species-page,2026-04-13T11:45:21.940891-07:00,200,official_media_verified_link_generated,,pokemon.com page content is bot-protected; official page URL is attached for manual verification.
basculegion-male,Basculegion maleale,902,https://assets.pokemon.com/assets/cms2/img/pokedex/full/902.png,https://raw.githubusercontent.com/PokeAPI/sprites/master/sprites/pokemon/other/official-artwork/902.png,https://raw.githubusercontent.com/PokeAPI/sprites/master/sprites/pokemon/other/home/902.png,https://raw.githubusercontent.com/PokeAPI/sprites/master/sprites/pokemon/other/official-artwork/902.png,https://www.pokemon.com/us/pokedex/basculegion,species-page,2026-04-13T11:45:21.940891-07:00,200,official_media_verified_link_generated,,pokemon.com page content is bot-protected; official page URL is attached for manual verification.
sneasler,Sneasler,903,https://assets.pokemon.com/assets/cms2/img/pokedex/full/903.png,https://raw.githubusercontent.com/PokeAPI/sprites/master/sprites/pokemon/other/official-artwork/903.png,https://raw.githubusercontent.com/PokeAPI/sprites/master/sprites/pokemon/other/home/903.png,https://raw.githubusercontent.com/PokeAPI/sprites/master/sprites/pokemon/other/official-artwork/903.png,https://www.pokemon.com/us/pokedex/sneasler,species-page,2026-04-13T11:45:21.940891-07:00,200,official_media_verified_link_generated,,pokemon.com page content is bot-protected; official page URL is attached for manual verification.
overqwil,Overqwil,904,https://assets.pokemon.com/assets/cms2/img/pokedex/full/904.png,https://raw.githubusercontent.com/PokeAPI/sprites/master/sprites/pokemon/other/official-artwork/904.png,https://raw.githubusercontent.com/PokeAPI/sprites/master/sprites/pokemon/other/home/904.png,https://raw.githubusercontent.com/PokeAPI/sprites/master/sprites/pokemon/other/official-artwork/904.png,https://www.pokemon.com/us/pokedex/overqwil,species-page,2026-04-13T11:45:21.940891-07:00,200,official_media_verified_link_generated,,pokemon.com page content is bot-protected; official page URL is attached for manual verification.
enamorus-incarnate,Enamorus Incarnate,905,https://assets.pokemon.com/assets/cms2/img/pokedex/full/905.png,https://raw.githubusercontent.com/PokeAPI/sprites/master/sprites/pokemon/other/official-artwork/905.png,https://raw.githubusercontent.com/PokeAPI/sprites/master/sprites/pokemon/other/home/905.png,https://raw.githubusercontent.com/PokeAPI/sprites/master/sprites/pokemon/other/official-artwork/905.png,https://www.pokemon.com/us/pokedex/enamorus,species-page,2026-04-13T11:45:21.940891-07:00,200,official_media_verified_link_generated,,pokemon.com page content is bot-protected; official page URL is attached for manual verification.
enamorus-therian,Enamorus Therian,905,https://assets.pokemon.com/assets/cms2/img/pokedex/full/905.png,https://raw.githubusercontent.com/PokeAPI/sprites/master/sprites/pokemon/other/official-artwork/10249.png,https://raw.githubusercontent.com/PokeAPI/sprites/master/sprites/pokemon/other/home/10249.png,https://raw.githubusercontent.com/PokeAPI/sprites/master/sprites/pokemon/other/official-artwork/10249.png,https://www.pokemon.com/us/pokedex/enamorus,species-page,2026-04-13T11:45:21.940891-07:00,200,official_media_verified_link_generated,,pokemon.com page content is bot-protected; official page URL is attached for manual verification.
sprigatito,Sprigatito,906,https://assets.pokemon.com/assets/cms2/img/pokedex/full/906.png,https://raw.githubusercontent.com/PokeAPI/sprites/master/sprites/pokemon/other/official-artwork/906.png,https://raw.githubusercontent.com/PokeAPI/sprites/master/sprites/pokemon/other/home/906.png,https://raw.githubusercontent.com/PokeAPI/sprites/master/sprites/pokemon/other/official-artwork/906.png,https://www.pokemon.com/us/pokedex/sprigatito,species-page,2026-04-13T11:45:21.940891-07:00,200,official_media_verified_link_generated,,pokemon.com page content is bot-protected; official page URL is attached for manual verification.
floragato,Floragato,907,https://assets.pokemon.com/assets/cms2/img/pokedex/full/907.png,https://raw.githubusercontent.com/PokeAPI/sprites/master/sprites/pokemon/other/official-artwork/907.png,https://raw.githubusercontent.com/PokeAPI/sprites/master/sprites/pokemon/other/home/907.png,https://raw.githubusercontent.com/PokeAPI/sprites/master/sprites/pokemon/other/official-artwork/907.png,https://www.pokemon.com/us/pokedex/floragato,species-page,2026-04-13T11:45:21.940891-07:00,200,official_media_verified_link_generated,,pokemon.com page content is bot-protected; official page URL is attached for manual verification.
meowscarada,Meowscarada,908,https://assets.pokemon.com/assets/cms2/img/pokedex/full/908.png,https://raw.githubusercontent.com/PokeAPI/sprites/master/sprites/pokemon/other/official-artwork/908.png,https://raw.githubusercontent.com/PokeAPI/sprites/master/sprites/pokemon/other/home/908.png,https://raw.githubusercontent.com/PokeAPI/sprites/master/sprites/pokemon/other/official-artwork/908.png,https://www.pokemon.com/us/pokedex/meowscarada,species-page,2026-04-13T11:45:21.940891-07:00,200,official_media_verified_link_generated,,pokemon.com page content is bot-protected; official page URL is attached for manual verification.
fuecoco,Fuecoco,909,https://assets.pokemon.com/assets/cms2/img/pokedex/full/909.png,https://raw.githubusercontent.com/PokeAPI/sprites/master/sprites/pokemon/other/official-artwork/909.png,https://raw.githubusercontent.com/PokeAPI/sprites/master/sprites/pokemon/other/home/909.png,https://raw.githubusercontent.com/PokeAPI/sprites/master/sprites/pokemon/other/official-artwork/909.png,https://www.pokemon.com/us/pokedex/fuecoco,species-page,2026-04-13T11:45:21.940891-07:00,200,official_media_verified_link_generated,,pokemon.com page content is bot-protected; official page URL is attached for manual verification.
crocalor,Crocalor,910,https://assets.pokemon.com/assets/cms2/img/pokedex/full/910.png,https://raw.githubusercontent.com/PokeAPI/sprites/master/sprites/pokemon/other/official-artwork/910.png,https://raw.githubusercontent.com/PokeAPI/sprites/master/sprites/pokemon/other/home/910.png,https://raw.githubusercontent.com/PokeAPI/sprites/master/sprites/pokemon/other/official-artwork/910.png,https://www.pokemon.com/us/pokedex/crocalor,species-page,2026-04-13T11:45:21.940891-07:00,200,official_media_verified_link_generated,,pokemon.com page content is bot-protected; official page URL is attached for manual verification.
skeledirge,Skeledirge,911,https://assets.pokemon.com/assets/cms2/img/pokedex/full/911.png,https://raw.githubusercontent.com/PokeAPI/sprites/master/sprites/pokemon/other/official-artwork/911.png,https://raw.githubusercontent.com/PokeAPI/sprites/master/sprites/pokemon/other/home/911.png,https://raw.githubusercontent.com/PokeAPI/sprites/master/sprites/pokemon/other/official-artwork/911.png,https://www.pokemon.com/us/pokedex/skeledirge,species-page,2026-04-13T11:45:21.940891-07:00,200,official_media_verified_link_generated,,pokemon.com page content is bot-protected; official page URL is attached for manual verification.
quaxly,Quaxly,912,https://assets.pokemon.com/assets/cms2/img/pokedex/full/912.png,https://raw.githubusercontent.com/PokeAPI/sprites/master/sprites/pokemon/other/official-artwork/912.png,https://raw.githubusercontent.com/PokeAPI/sprites/master/sprites/pokemon/other/home/912.png,https://raw.githubusercontent.com/PokeAPI/sprites/master/sprites/pokemon/other/official-artwork/912.png,https://www.pokemon.com/us/pokedex/quaxly,species-page,2026-04-13T11:45:21.940891-07:00,200,official_media_verified_link_generated,,pokemon.com page content is bot-protected; official page URL is attached for manual verification.
quaxwell,Quaxwell,913,https://assets.pokemon.com/assets/cms2/img/pokedex/full/913.png,https://raw.githubusercontent.com/PokeAPI/sprites/master/sprites/pokemon/other/official-artwork/913.png,https://raw.githubusercontent.com/PokeAPI/sprites/master/sprites/pokemon/other/home/913.png,https://raw.githubusercontent.com/PokeAPI/sprites/master/sprites/pokemon/other/official-artwork/913.png,https://www.pokemon.com/us/pokedex/quaxwell,species-page,2026-04-13T11:45:21.940891-07:00,200,official_media_verified_link_generated,,pokemon.com page content is bot-protected; official page URL is attached for manual verification.
quaquaval,Quaquaval,914,https://assets.pokemon.com/assets/cms2/img/pokedex/full/914.png,https://raw.githubusercontent.com/PokeAPI/sprites/master/sprites/pokemon/other/official-artwork/914.png,https://raw.githubusercontent.com/PokeAPI/sprites/master/sprites/pokemon/other/home/914.png,https://raw.githubusercontent.com/PokeAPI/sprites/master/sprites/pokemon/other/official-artwork/914.png,https://www.pokemon.com/us/pokedex/quaquaval,species-page,2026-04-13T11:45:21.940891-07:00,200,official_media_verified_link_generated,,pokemon.com page content is bot-protected; official page URL is attached for manual verification.
lechonk,Lechonk,915,https://assets.pokemon.com/assets/cms2/img/pokedex/full/915.png,https://raw.githubusercontent.com/PokeAPI/sprites/master/sprites/pokemon/other/official-artwork/915.png,https://raw.githubusercontent.com/PokeAPI/sprites/master/sprites/pokemon/other/home/915.png,https://raw.githubusercontent.com/PokeAPI/sprites/master/sprites/pokemon/other/official-artwork/915.png,https://www.pokemon.com/us/pokedex/lechonk,species-page,2026-04-13T11:45:21.940891-07:00,200,official_media_verified_link_generated,,pokemon.com page content is bot-protected; official page URL is attached for manual verification.
oinkologne-female,Oinkologne femaleemale,916,https://assets.pokemon.com/assets/cms2/img/pokedex/full/916.png,https://raw.githubusercontent.com/PokeAPI/sprites/master/sprites/pokemon/other/official-artwork/10254.png,https://raw.githubusercontent.com/PokeAPI/sprites/master/sprites/pokemon/other/home/10254.png,https://raw.githubusercontent.com/PokeAPI/sprites/master/sprites/pokemon/other/official-artwork/10254.png,https://www.pokemon.com/us/pokedex/oinkologne,species-page,2026-04-13T11:45:21.940891-07:00,200,official_media_verified_link_generated,,pokemon.com page content is bot-protected; official page URL is attached for manual verification.
oinkologne-male,Oinkologne maleale,916,https://assets.pokemon.com/assets/cms2/img/pokedex/full/916.png,https://raw.githubusercontent.com/PokeAPI/sprites/master/sprites/pokemon/other/official-artwork/916.png,https://raw.githubusercontent.com/PokeAPI/sprites/master/sprites/pokemon/other/home/916.png,https://raw.githubusercontent.com/PokeAPI/sprites/master/sprites/pokemon/other/official-artwork/916.png,https://www.pokemon.com/us/pokedex/oinkologne,species-page,2026-04-13T11:45:21.940891-07:00,200,official_media_verified_link_generated,,pokemon.com page content is bot-protected; official page URL is attached for manual verification.
tarountula,Tarountula,917,https://assets.pokemon.com/assets/cms2/img/pokedex/full/917.png,https://raw.githubusercontent.com/PokeAPI/sprites/master/sprites/pokemon/other/official-artwork/917.png,https://raw.githubusercontent.com/PokeAPI/sprites/master/sprites/pokemon/other/home/917.png,https://raw.githubusercontent.com/PokeAPI/sprites/master/sprites/pokemon/other/official-artwork/917.png,https://www.pokemon.com/us/pokedex/tarountula,species-page,2026-04-13T11:45:21.940891-07:00,200,official_media_verified_link_generated,,pokemon.com page content is bot-protected; official page URL is attached for manual verification.
spidops,Spidops,918,https://assets.pokemon.com/assets/cms2/img/pokedex/full/918.png,https://raw.githubusercontent.com/PokeAPI/sprites/master/sprites/pokemon/other/official-artwork/918.png,https://raw.githubusercontent.com/PokeAPI/sprites/master/sprites/pokemon/other/home/918.png,https://raw.githubusercontent.com/PokeAPI/sprites/master/sprites/pokemon/other/official-artwork/918.png,https://www.pokemon.com/us/pokedex/spidops,species-page,2026-04-13T11:45:21.940891-07:00,200,official_media_verified_link_generated,,pokemon.com page content is bot-protected; official page URL is attached for manual verification.
nymble,Nymble,919,https://assets.pokemon.com/assets/cms2/img/pokedex/full/919.png,https://raw.githubusercontent.com/PokeAPI/sprites/master/sprites/pokemon/other/official-artwork/919.png,https://raw.githubusercontent.com/PokeAPI/sprites/master/sprites/pokemon/other/home/919.png,https://raw.githubusercontent.com/PokeAPI/sprites/master/sprites/pokemon/other/official-artwork/919.png,https://www.pokemon.com/us/pokedex/nymble,species-page,2026-04-13T11:45:21.940891-07:00,200,official_media_verified_link_generated,,pokemon.com page content is bot-protected; official page URL is attached for manual verification.
lokix,Lokix,920,https://assets.pokemon.com/assets/cms2/img/pokedex/full/920.png,https://raw.githubusercontent.com/PokeAPI/sprites/master/sprites/pokemon/other/official-artwork/920.png,https://raw.githubusercontent.com/PokeAPI/sprites/master/sprites/pokemon/other/home/920.png,https://raw.githubusercontent.com/PokeAPI/sprites/master/sprites/pokemon/other/official-artwork/920.png,https://www.pokemon.com/us/pokedex/lokix,species-page,2026-04-13T11:45:21.940891-07:00,200,official_media_verified_link_generated,,pokemon.com page content is bot-protected; official page URL is attached for manual verification.
pawmi,Pawmi,921,https://assets.pokemon.com/assets/cms2/img/pokedex/full/921.png,https://raw.githubusercontent.com/PokeAPI/sprites/master/sprites/pokemon/other/official-artwork/921.png,https://raw.githubusercontent.com/PokeAPI/sprites/master/sprites/pokemon/other/home/921.png,https://raw.githubusercontent.com/PokeAPI/sprites/master/sprites/pokemon/other/official-artwork/921.png,https://www.pokemon.com/us/pokedex/pawmi,species-page,2026-04-13T11:45:21.940891-07:00,200,official_media_verified_link_generated,,pokemon.com page content is bot-protected; official page URL is attached for manual verification.
pawmo,Pawmo,922,https://assets.pokemon.com/assets/cms2/img/pokedex/full/922.png,https://raw.githubusercontent.com/PokeAPI/sprites/master/sprites/pokemon/other/official-artwork/922.png,https://raw.githubusercontent.com/PokeAPI/sprites/master/sprites/pokemon/other/home/922.png,https://raw.githubusercontent.com/PokeAPI/sprites/master/sprites/pokemon/other/official-artwork/922.png,https://www.pokemon.com/us/pokedex/pawmo,species-page,2026-04-13T11:45:21.940891-07:00,200,official_media_verified_link_generated,,pokemon.com page content is bot-protected; official page URL is attached for manual verification.
pawmot,Pawmot,923,https://assets.pokemon.com/assets/cms2/img/pokedex/full/923.png,https://raw.githubusercontent.com/PokeAPI/sprites/master/sprites/pokemon/other/official-artwork/923.png,https://raw.githubusercontent.com/PokeAPI/sprites/master/sprites/pokemon/other/home/923.png,https://raw.githubusercontent.com/PokeAPI/sprites/master/sprites/pokemon/other/official-artwork/923.png,https://www.pokemon.com/us/pokedex/pawmot,species-page,2026-04-13T11:45:21.940891-07:00,200,official_media_verified_link_generated,,pokemon.com page content is bot-protected; official page URL is attached for manual verification.
tandemaus,Tandemaus,924,https://assets.pokemon.com/assets/cms2/img/pokedex/full/924.png,https://raw.githubusercontent.com/PokeAPI/sprites/master/sprites/pokemon/other/official-artwork/924.png,https://raw.githubusercontent.com/PokeAPI/sprites/master/sprites/pokemon/other/home/924.png,https://raw.githubusercontent.com/PokeAPI/sprites/master/sprites/pokemon/other/official-artwork/924.png,https://www.pokemon.com/us/pokedex/tandemaus,species-page,2026-04-13T11:45:21.940891-07:00,200,official_media_verified_link_generated,,pokemon.com page content is bot-protected; official page URL is attached for manual verification.
maushold-family-of-four,Maushold femaleamily Of femaleour,925,https://assets.pokemon.com/assets/cms2/img/pokedex/full/925.png,https://raw.githubusercontent.com/PokeAPI/sprites/master/sprites/pokemon/other/official-artwork/925.png,https://raw.githubusercontent.com/PokeAPI/sprites/master/sprites/pokemon/other/home/925.png,https://raw.githubusercontent.com/PokeAPI/sprites/master/sprites/pokemon/other/official-artwork/925.png,https://www.pokemon.com/us/pokedex/maushold,species-page,2026-04-13T11:45:21.940891-07:00,200,official_media_verified_link_generated,,pokemon.com page content is bot-protected; official page URL is attached for manual verification.
maushold-family-of-three,Maushold femaleamily Of Three,925,https://assets.pokemon.com/assets/cms2/img/pokedex/full/925.png,https://raw.githubusercontent.com/PokeAPI/sprites/master/sprites/pokemon/other/official-artwork/10257.png,https://raw.githubusercontent.com/PokeAPI/sprites/master/sprites/pokemon/other/home/10257.png,https://raw.githubusercontent.com/PokeAPI/sprites/master/sprites/pokemon/other/official-artwork/10257.png,https://www.pokemon.com/us/pokedex/maushold,species-page,2026-04-13T11:45:21.940891-07:00,200,official_media_verified_link_generated,,pokemon.com page content is bot-protected; official page URL is attached for manual verification.
fidough,Fidough,926,https://assets.pokemon.com/assets/cms2/img/pokedex/full/926.png,https://raw.githubusercontent.com/PokeAPI/sprites/master/sprites/pokemon/other/official-artwork/926.png,https://raw.githubusercontent.com/PokeAPI/sprites/master/sprites/pokemon/other/home/926.png,https://raw.githubusercontent.com/PokeAPI/sprites/master/sprites/pokemon/other/official-artwork/926.png,https://www.pokemon.com/us/pokedex/fidough,species-page,2026-04-13T11:45:21.940891-07:00,200,official_media_verified_link_generated,,pokemon.com page content is bot-protected; official page URL is attached for manual verification.
dachsbun,Dachsbun,927,https://assets.pokemon.com/assets/cms2/img/pokedex/full/927.png,https://raw.githubusercontent.com/PokeAPI/sprites/master/sprites/pokemon/other/official-artwork/927.png,https://raw.githubusercontent.com/PokeAPI/sprites/master/sprites/pokemon/other/home/927.png,https://raw.githubusercontent.com/PokeAPI/sprites/master/sprites/pokemon/other/official-artwork/927.png,https://www.pokemon.com/us/pokedex/dachsbun,species-page,2026-04-13T11:45:21.940891-07:00,200,official_media_verified_link_generated,,pokemon.com page content is bot-protected; official page URL is attached for manual verification.
smoliv,Smoliv,928,https://assets.pokemon.com/assets/cms2/img/pokedex/full/928.png,https://raw.githubusercontent.com/PokeAPI/sprites/master/sprites/pokemon/other/official-artwork/928.png,https://raw.githubusercontent.com/PokeAPI/sprites/master/sprites/pokemon/other/home/928.png,https://raw.githubusercontent.com/PokeAPI/sprites/master/sprites/pokemon/other/official-artwork/928.png,https://www.pokemon.com/us/pokedex/smoliv,species-page,2026-04-13T11:45:21.940891-07:00,200,official_media_verified_link_generated,,pokemon.com page content is bot-protected; official page URL is attached for manual verification.
dolliv,Dolliv,929,https://assets.pokemon.com/assets/cms2/img/pokedex/full/929.png,https://raw.githubusercontent.com/PokeAPI/sprites/master/sprites/pokemon/other/official-artwork/929.png,https://raw.githubusercontent.com/PokeAPI/sprites/master/sprites/pokemon/other/home/929.png,https://raw.githubusercontent.com/PokeAPI/sprites/master/sprites/pokemon/other/official-artwork/929.png,https://www.pokemon.com/us/pokedex/dolliv,species-page,2026-04-13T11:45:21.940891-07:00,200,official_media_verified_link_generated,,pokemon.com page content is bot-protected; official page URL is attached for manual verification.
arboliva,Arboliva,930,https://assets.pokemon.com/assets/cms2/img/pokedex/full/930.png,https://raw.githubusercontent.com/PokeAPI/sprites/master/sprites/pokemon/other/official-artwork/930.png,https://raw.githubusercontent.com/PokeAPI/sprites/master/sprites/pokemon/other/home/930.png,https://raw.githubusercontent.com/PokeAPI/sprites/master/sprites/pokemon/other/official-artwork/930.png,https://www.pokemon.com/us/pokedex/arboliva,species-page,2026-04-13T11:45:21.940891-07:00,200,official_media_verified_link_generated,,pokemon.com page content is bot-protected; official page URL is attached for manual verification.
squawkabilly-blue-plumage,Squawkabilly Blue Plumage,931,https://assets.pokemon.com/assets/cms2/img/pokedex/full/931.png,https://raw.githubusercontent.com/PokeAPI/sprites/master/sprites/pokemon/other/official-artwork/10260.png,https://raw.githubusercontent.com/PokeAPI/sprites/master/sprites/pokemon/other/home/10260.png,https://raw.githubusercontent.com/PokeAPI/sprites/master/sprites/pokemon/other/official-artwork/10260.png,https://www.pokemon.com/us/pokedex/squawkabilly,species-page,2026-04-13T11:45:21.940891-07:00,200,official_media_verified_link_generated,,pokemon.com page content is bot-protected; official page URL is attached for manual verification.
squawkabilly-green-plumage,Squawkabilly Green Plumage,931,https://assets.pokemon.com/assets/cms2/img/pokedex/full/931.png,https://raw.githubusercontent.com/PokeAPI/sprites/master/sprites/pokemon/other/official-artwork/931.png,https://raw.githubusercontent.com/PokeAPI/sprites/master/sprites/pokemon/other/home/931.png,https://raw.githubusercontent.com/PokeAPI/sprites/master/sprites/pokemon/other/official-artwork/931.png,https://www.pokemon.com/us/pokedex/squawkabilly,species-page,2026-04-13T11:45:21.940891-07:00,200,official_media_verified_link_generated,,pokemon.com page content is bot-protected; official page URL is attached for manual verification.
squawkabilly-white-plumage,Squawkabilly White Plumage,931,https://assets.pokemon.com/assets/cms2/img/pokedex/full/931.png,https://raw.githubusercontent.com/PokeAPI/sprites/master/sprites/pokemon/other/official-artwork/10262.png,https://raw.githubusercontent.com/PokeAPI/sprites/master/sprites/pokemon/other/home/10262.png,https://raw.githubusercontent.com/PokeAPI/sprites/master/sprites/pokemon/other/official-artwork/10262.png,https://www.pokemon.com/us/pokedex/squawkabilly,species-page,2026-04-13T11:45:21.940891-07:00,200,official_media_verified_link_generated,,pokemon.com page content is bot-protected; official page URL is attached for manual verification.
squawkabilly-yellow-plumage,Squawkabilly Yellow Plumage,931,https://assets.pokemon.com/assets/cms2/img/pokedex/full/931.png,https://raw.githubusercontent.com/PokeAPI/sprites/master/sprites/pokemon/other/official-artwork/10261.png,https://raw.githubusercontent.com/PokeAPI/sprites/master/sprites/pokemon/other/home/10261.png,https://raw.githubusercontent.com/PokeAPI/sprites/master/sprites/pokemon/other/official-artwork/10261.png,https://www.pokemon.com/us/pokedex/squawkabilly,species-page,2026-04-13T11:45:21.940891-07:00,200,official_media_verified_link_generated,,pokemon.com page content is bot-protected; official page URL is attached for manual verification.
nacli,Nacli,932,https://assets.pokemon.com/assets/cms2/img/pokedex/full/932.png,https://raw.githubusercontent.com/PokeAPI/sprites/master/sprites/pokemon/other/official-artwork/932.png,https://raw.githubusercontent.com/PokeAPI/sprites/master/sprites/pokemon/other/home/932.png,https://raw.githubusercontent.com/PokeAPI/sprites/master/sprites/pokemon/other/official-artwork/932.png,https://www.pokemon.com/us/pokedex/nacli,species-page,2026-04-13T11:45:21.940891-07:00,200,official_media_verified_link_generated,,pokemon.com page content is bot-protected; official page URL is attached for manual verification.
naclstack,Naclstack,933,https://assets.pokemon.com/assets/cms2/img/pokedex/full/933.png,https://raw.githubusercontent.com/PokeAPI/sprites/master/sprites/pokemon/other/official-artwork/933.png,https://raw.githubusercontent.com/PokeAPI/sprites/master/sprites/pokemon/other/home/933.png,https://raw.githubusercontent.com/PokeAPI/sprites/master/sprites/pokemon/other/official-artwork/933.png,https://www.pokemon.com/us/pokedex/naclstack,species-page,2026-04-13T11:45:21.940891-07:00,200,official_media_verified_link_generated,,pokemon.com page content is bot-protected; official page URL is attached for manual verification.
garganacl,Garganacl,934,https://assets.pokemon.com/assets/cms2/img/pokedex/full/934.png,https://raw.githubusercontent.com/PokeAPI/sprites/master/sprites/pokemon/other/official-artwork/934.png,https://raw.githubusercontent.com/PokeAPI/sprites/master/sprites/pokemon/other/home/934.png,https://raw.githubusercontent.com/PokeAPI/sprites/master/sprites/pokemon/other/official-artwork/934.png,https://www.pokemon.com/us/pokedex/garganacl,species-page,2026-04-13T11:45:21.940891-07:00,200,official_media_verified_link_generated,,pokemon.com page content is bot-protected; official page URL is attached for manual verification.
charcadet,Charcadet,935,https://assets.pokemon.com/assets/cms2/img/pokedex/full/935.png,https://raw.githubusercontent.com/PokeAPI/sprites/master/sprites/pokemon/other/official-artwork/935.png,https://raw.githubusercontent.com/PokeAPI/sprites/master/sprites/pokemon/other/home/935.png,https://raw.githubusercontent.com/PokeAPI/sprites/master/sprites/pokemon/other/official-artwork/935.png,https://www.pokemon.com/us/pokedex/charcadet,species-page,2026-04-13T11:45:21.940891-07:00,200,official_media_verified_link_generated,,pokemon.com page content is bot-protected; official page URL is attached for manual verification.
armarouge,Armarouge,936,https://assets.pokemon.com/assets/cms2/img/pokedex/full/936.png,https://raw.githubusercontent.com/PokeAPI/sprites/master/sprites/pokemon/other/official-artwork/936.png,https://raw.githubusercontent.com/PokeAPI/sprites/master/sprites/pokemon/other/home/936.png,https://raw.githubusercontent.com/PokeAPI/sprites/master/sprites/pokemon/other/official-artwork/936.png,https://www.pokemon.com/us/pokedex/armarouge,species-page,2026-04-13T11:45:21.940891-07:00,200,official_media_verified_link_generated,,pokemon.com page content is bot-protected; official page URL is attached for manual verification.
ceruledge,Ceruledge,937,https://assets.pokemon.com/assets/cms2/img/pokedex/full/937.png,https://raw.githubusercontent.com/PokeAPI/sprites/master/sprites/pokemon/other/official-artwork/937.png,https://raw.githubusercontent.com/PokeAPI/sprites/master/sprites/pokemon/other/home/937.png,https://raw.githubusercontent.com/PokeAPI/sprites/master/sprites/pokemon/other/official-artwork/937.png,https://www.pokemon.com/us/pokedex/ceruledge,species-page,2026-04-13T11:45:21.940891-07:00,200,official_media_verified_link_generated,,pokemon.com page content is bot-protected; official page URL is attached for manual verification.
tadbulb,Tadbulb,938,https://assets.pokemon.com/assets/cms2/img/pokedex/full/938.png,https://raw.githubusercontent.com/PokeAPI/sprites/master/sprites/pokemon/other/official-artwork/938.png,https://raw.githubusercontent.com/PokeAPI/sprites/master/sprites/pokemon/other/home/938.png,https://raw.githubusercontent.com/PokeAPI/sprites/master/sprites/pokemon/other/official-artwork/938.png,https://www.pokemon.com/us/pokedex/tadbulb,species-page,2026-04-13T11:45:21.940891-07:00,200,official_media_verified_link_generated,,pokemon.com page content is bot-protected; official page URL is attached for manual verification.
bellibolt,Bellibolt,939,https://assets.pokemon.com/assets/cms2/img/pokedex/full/939.png,https://raw.githubusercontent.com/PokeAPI/sprites/master/sprites/pokemon/other/official-artwork/939.png,https://raw.githubusercontent.com/PokeAPI/sprites/master/sprites/pokemon/other/home/939.png,https://raw.githubusercontent.com/PokeAPI/sprites/master/sprites/pokemon/other/official-artwork/939.png,https://www.pokemon.com/us/pokedex/bellibolt,species-page,2026-04-13T11:45:21.940891-07:00,200,official_media_verified_link_generated,,pokemon.com page content is bot-protected; official page URL is attached for manual verification.
wattrel,Wattrel,940,https://assets.pokemon.com/assets/cms2/img/pokedex/full/940.png,https://raw.githubusercontent.com/PokeAPI/sprites/master/sprites/pokemon/other/official-artwork/940.png,https://raw.githubusercontent.com/PokeAPI/sprites/master/sprites/pokemon/other/home/940.png,https://raw.githubusercontent.com/PokeAPI/sprites/master/sprites/pokemon/other/official-artwork/940.png,https://www.pokemon.com/us/pokedex/wattrel,species-page,2026-04-13T11:45:21.940891-07:00,200,official_media_verified_link_generated,,pokemon.com page content is bot-protected; official page URL is attached for manual verification.
kilowattrel,Kilowattrel,941,https://assets.pokemon.com/assets/cms2/img/pokedex/full/941.png,https://raw.githubusercontent.com/PokeAPI/sprites/master/sprites/pokemon/other/official-artwork/941.png,https://raw.githubusercontent.com/PokeAPI/sprites/master/sprites/pokemon/other/home/941.png,https://raw.githubusercontent.com/PokeAPI/sprites/master/sprites/pokemon/other/official-artwork/941.png,https://www.pokemon.com/us/pokedex/kilowattrel,species-page,2026-04-13T11:45:21.940891-07:00,200,official_media_verified_link_generated,,pokemon.com page content is bot-protected; official page URL is attached for manual verification.
maschiff,Maschiff,942,https://assets.pokemon.com/assets/cms2/img/pokedex/full/942.png,https://raw.githubusercontent.com/PokeAPI/sprites/master/sprites/pokemon/other/official-artwork/942.png,https://raw.githubusercontent.com/PokeAPI/sprites/master/sprites/pokemon/other/home/942.png,https://raw.githubusercontent.com/PokeAPI/sprites/master/sprites/pokemon/other/official-artwork/942.png,https://www.pokemon.com/us/pokedex/maschiff,species-page,2026-04-13T11:45:21.940891-07:00,200,official_media_verified_link_generated,,pokemon.com page content is bot-protected; official page URL is attached for manual verification.
mabosstiff,Mabosstiff,943,https://assets.pokemon.com/assets/cms2/img/pokedex/full/943.png,https://raw.githubusercontent.com/PokeAPI/sprites/master/sprites/pokemon/other/official-artwork/943.png,https://raw.githubusercontent.com/PokeAPI/sprites/master/sprites/pokemon/other/home/943.png,https://raw.githubusercontent.com/PokeAPI/sprites/master/sprites/pokemon/other/official-artwork/943.png,https://www.pokemon.com/us/pokedex/mabosstiff,species-page,2026-04-13T11:45:21.940891-07:00,200,official_media_verified_link_generated,,pokemon.com page content is bot-protected; official page URL is attached for manual verification.
shroodle,Shroodle,944,https://assets.pokemon.com/assets/cms2/img/pokedex/full/944.png,https://raw.githubusercontent.com/PokeAPI/sprites/master/sprites/pokemon/other/official-artwork/944.png,https://raw.githubusercontent.com/PokeAPI/sprites/master/sprites/pokemon/other/home/944.png,https://raw.githubusercontent.com/PokeAPI/sprites/master/sprites/pokemon/other/official-artwork/944.png,https://www.pokemon.com/us/pokedex/shroodle,species-page,2026-04-13T11:45:21.940891-07:00,200,official_media_verified_link_generated,,pokemon.com page content is bot-protected; official page URL is attached for manual verification.
grafaiai,Grafaiai,945,https://assets.pokemon.com/assets/cms2/img/pokedex/full/945.png,https://raw.githubusercontent.com/PokeAPI/sprites/master/sprites/pokemon/other/official-artwork/945.png,https://raw.githubusercontent.com/PokeAPI/sprites/master/sprites/pokemon/other/home/945.png,https://raw.githubusercontent.com/PokeAPI/sprites/master/sprites/pokemon/other/official-artwork/945.png,https://www.pokemon.com/us/pokedex/grafaiai,species-page,2026-04-13T11:45:21.940891-07:00,200,official_media_verified_link_generated,,pokemon.com page content is bot-protected; official page URL is attached for manual verification.
bramblin,Bramblin,946,https://assets.pokemon.com/assets/cms2/img/pokedex/full/946.png,https://raw.githubusercontent.com/PokeAPI/sprites/master/sprites/pokemon/other/official-artwork/946.png,https://raw.githubusercontent.com/PokeAPI/sprites/master/sprites/pokemon/other/home/946.png,https://raw.githubusercontent.com/PokeAPI/sprites/master/sprites/pokemon/other/official-artwork/946.png,https://www.pokemon.com/us/pokedex/bramblin,species-page,2026-04-13T11:45:21.940891-07:00,200,official_media_verified_link_generated,,pokemon.com page content is bot-protected; official page URL is attached for manual verification.
brambleghast,Brambleghast,947,https://assets.pokemon.com/assets/cms2/img/pokedex/full/947.png,https://raw.githubusercontent.com/PokeAPI/sprites/master/sprites/pokemon/other/official-artwork/947.png,https://raw.githubusercontent.com/PokeAPI/sprites/master/sprites/pokemon/other/home/947.png,https://raw.githubusercontent.com/PokeAPI/sprites/master/sprites/pokemon/other/official-artwork/947.png,https://www.pokemon.com/us/pokedex/brambleghast,species-page,2026-04-13T11:45:21.940891-07:00,200,official_media_verified_link_generated,,pokemon.com page content is bot-protected; official page URL is attached for manual verification.
toedscool,Toedscool,948,https://assets.pokemon.com/assets/cms2/img/pokedex/full/948.png,https://raw.githubusercontent.com/PokeAPI/sprites/master/sprites/pokemon/other/official-artwork/948.png,https://raw.githubusercontent.com/PokeAPI/sprites/master/sprites/pokemon/other/home/948.png,https://raw.githubusercontent.com/PokeAPI/sprites/master/sprites/pokemon/other/official-artwork/948.png,https://www.pokemon.com/us/pokedex/toedscool,species-page,2026-04-13T11:45:21.940891-07:00,200,official_media_verified_link_generated,,pokemon.com page content is bot-protected; official page URL is attached for manual verification.
toedscruel,Toedscruel,949,https://assets.pokemon.com/assets/cms2/img/pokedex/full/949.png,https://raw.githubusercontent.com/PokeAPI/sprites/master/sprites/pokemon/other/official-artwork/949.png,https://raw.githubusercontent.com/PokeAPI/sprites/master/sprites/pokemon/other/home/949.png,https://raw.githubusercontent.com/PokeAPI/sprites/master/sprites/pokemon/other/official-artwork/949.png,https://www.pokemon.com/us/pokedex/toedscruel,species-page,2026-04-13T11:45:21.940891-07:00,200,official_media_verified_link_generated,,pokemon.com page content is bot-protected; official page URL is attached for manual verification.
klawf,Klawf,950,https://assets.pokemon.com/assets/cms2/img/pokedex/full/950.png,https://raw.githubusercontent.com/PokeAPI/sprites/master/sprites/pokemon/other/official-artwork/950.png,https://raw.githubusercontent.com/PokeAPI/sprites/master/sprites/pokemon/other/home/950.png,https://raw.githubusercontent.com/PokeAPI/sprites/master/sprites/pokemon/other/official-artwork/950.png,https://www.pokemon.com/us/pokedex/klawf,species-page,2026-04-13T11:45:21.940891-07:00,200,official_media_verified_link_generated,,pokemon.com page content is bot-protected; official page URL is attached for manual verification.
capsakid,Capsakid,951,https://assets.pokemon.com/assets/cms2/img/pokedex/full/951.png,https://raw.githubusercontent.com/PokeAPI/sprites/master/sprites/pokemon/other/official-artwork/951.png,https://raw.githubusercontent.com/PokeAPI/sprites/master/sprites/pokemon/other/home/951.png,https://raw.githubusercontent.com/PokeAPI/sprites/master/sprites/pokemon/other/official-artwork/951.png,https://www.pokemon.com/us/pokedex/capsakid,species-page,2026-04-13T11:45:21.940891-07:00,200,official_media_verified_link_generated,,pokemon.com page content is bot-protected; official page URL is attached for manual verification.
scovillain,Scovillain,952,https://assets.pokemon.com/assets/cms2/img/pokedex/full/952.png,https://raw.githubusercontent.com/PokeAPI/sprites/master/sprites/pokemon/other/official-artwork/952.png,https://raw.githubusercontent.com/PokeAPI/sprites/master/sprites/pokemon/other/home/952.png,https://raw.githubusercontent.com/PokeAPI/sprites/master/sprites/pokemon/other/official-artwork/952.png,https://www.pokemon.com/us/pokedex/scovillain,species-page,2026-04-13T11:45:21.940891-07:00,200,official_media_verified_link_generated,,pokemon.com page content is bot-protected; official page URL is attached for manual verification.
scovillain-mega,Scovillain maleega,952,https://assets.pokemon.com/assets/cms2/img/pokedex/full/952.png,https://raw.githubusercontent.com/PokeAPI/sprites/master/sprites/pokemon/other/official-artwork/10320.png,https://raw.githubusercontent.com/PokeAPI/sprites/master/sprites/pokemon/other/official-artwork/10320.png,https://raw.githubusercontent.com/PokeAPI/sprites/master/sprites/pokemon/other/official-artwork/10320.png,https://www.pokemon.com/us/pokedex/scovillain,species-page,2026-04-13T11:45:21.940891-07:00,200,official_media_verified_link_generated,,pokemon.com page content is bot-protected; official page URL is attached for manual verification.
rellor,Rellor,953,https://assets.pokemon.com/assets/cms2/img/pokedex/full/953.png,https://raw.githubusercontent.com/PokeAPI/sprites/master/sprites/pokemon/other/official-artwork/953.png,https://raw.githubusercontent.com/PokeAPI/sprites/master/sprites/pokemon/other/home/953.png,https://raw.githubusercontent.com/PokeAPI/sprites/master/sprites/pokemon/other/official-artwork/953.png,https://www.pokemon.com/us/pokedex/rellor,species-page,2026-04-13T11:45:21.940891-07:00,200,official_media_verified_link_generated,,pokemon.com page content is bot-protected; official page URL is attached for manual verification.
rabsca,Rabsca,954,https://assets.pokemon.com/assets/cms2/img/pokedex/full/954.png,https://raw.githubusercontent.com/PokeAPI/sprites/master/sprites/pokemon/other/official-artwork/954.png,https://raw.githubusercontent.com/PokeAPI/sprites/master/sprites/pokemon/other/home/954.png,https://raw.githubusercontent.com/PokeAPI/sprites/master/sprites/pokemon/other/official-artwork/954.png,https://www.pokemon.com/us/pokedex/rabsca,species-page,2026-04-13T11:45:21.940891-07:00,200,official_media_verified_link_generated,,pokemon.com page content is bot-protected; official page URL is attached for manual verification.
flittle,Flittle,955,https://assets.pokemon.com/assets/cms2/img/pokedex/full/955.png,https://raw.githubusercontent.com/PokeAPI/sprites/master/sprites/pokemon/other/official-artwork/955.png,https://raw.githubusercontent.com/PokeAPI/sprites/master/sprites/pokemon/other/home/955.png,https://raw.githubusercontent.com/PokeAPI/sprites/master/sprites/pokemon/other/official-artwork/955.png,https://www.pokemon.com/us/pokedex/flittle,species-page,2026-04-13T11:45:21.940891-07:00,200,official_media_verified_link_generated,,pokemon.com page content is bot-protected; official page URL is attached for manual verification.
espathra,Espathra,956,https://assets.pokemon.com/assets/cms2/img/pokedex/full/956.png,https://raw.githubusercontent.com/PokeAPI/sprites/master/sprites/pokemon/other/official-artwork/956.png,https://raw.githubusercontent.com/PokeAPI/sprites/master/sprites/pokemon/other/home/956.png,https://raw.githubusercontent.com/PokeAPI/sprites/master/sprites/pokemon/other/official-artwork/956.png,https://www.pokemon.com/us/pokedex/espathra,species-page,2026-04-13T11:45:21.940891-07:00,200,official_media_verified_link_generated,,pokemon.com page content is bot-protected; official page URL is attached for manual verification.
tinkatink,Tinkatink,957,https://assets.pokemon.com/assets/cms2/img/pokedex/full/957.png,https://raw.githubusercontent.com/PokeAPI/sprites/master/sprites/pokemon/other/official-artwork/957.png,https://raw.githubusercontent.com/PokeAPI/sprites/master/sprites/pokemon/other/home/957.png,https://raw.githubusercontent.com/PokeAPI/sprites/master/sprites/pokemon/other/official-artwork/957.png,https://www.pokemon.com/us/pokedex/tinkatink,species-page,2026-04-13T11:45:21.940891-07:00,200,official_media_verified_link_generated,,pokemon.com page content is bot-protected; official page URL is attached for manual verification.
tinkatuff,Tinkatuff,958,https://assets.pokemon.com/assets/cms2/img/pokedex/full/958.png,https://raw.githubusercontent.com/PokeAPI/sprites/master/sprites/pokemon/other/official-artwork/958.png,https://raw.githubusercontent.com/PokeAPI/sprites/master/sprites/pokemon/other/home/958.png,https://raw.githubusercontent.com/PokeAPI/sprites/master/sprites/pokemon/other/official-artwork/958.png,https://www.pokemon.com/us/pokedex/tinkatuff,species-page,2026-04-13T11:45:21.940891-07:00,200,official_media_verified_link_generated,,pokemon.com page content is bot-protected; official page URL is attached for manual verification.
tinkaton,Tinkaton,959,https://assets.pokemon.com/assets/cms2/img/pokedex/full/959.png,https://raw.githubusercontent.com/PokeAPI/sprites/master/sprites/pokemon/other/official-artwork/959.png,https://raw.githubusercontent.com/PokeAPI/sprites/master/sprites/pokemon/other/home/959.png,https://raw.githubusercontent.com/PokeAPI/sprites/master/sprites/pokemon/other/official-artwork/959.png,https://www.pokemon.com/us/pokedex/tinkaton,species-page,2026-04-13T11:45:21.940891-07:00,200,official_media_verified_link_generated,,pokemon.com page content is bot-protected; official page URL is attached for manual verification.
wiglett,Wiglett,960,https://assets.pokemon.com/assets/cms2/img/pokedex/full/960.png,https://raw.githubusercontent.com/PokeAPI/sprites/master/sprites/pokemon/other/official-artwork/960.png,https://raw.githubusercontent.com/PokeAPI/sprites/master/sprites/pokemon/other/home/960.png,https://raw.githubusercontent.com/PokeAPI/sprites/master/sprites/pokemon/other/official-artwork/960.png,https://www.pokemon.com/us/pokedex/wiglett,species-page,2026-04-13T11:45:21.940891-07:00,200,official_media_verified_link_generated,,pokemon.com page content is bot-protected; official page URL is attached for manual verification.
wugtrio,Wugtrio,961,https://assets.pokemon.com/assets/cms2/img/pokedex/full/961.png,https://raw.githubusercontent.com/PokeAPI/sprites/master/sprites/pokemon/other/official-artwork/961.png,https://raw.githubusercontent.com/PokeAPI/sprites/master/sprites/pokemon/other/home/961.png,https://raw.githubusercontent.com/PokeAPI/sprites/master/sprites/pokemon/other/official-artwork/961.png,https://www.pokemon.com/us/pokedex/wugtrio,species-page,2026-04-13T11:45:21.940891-07:00,200,official_media_verified_link_generated,,pokemon.com page content is bot-protected; official page URL is attached for manual verification.
bombirdier,Bombirdier,962,https://assets.pokemon.com/assets/cms2/img/pokedex/full/962.png,https://raw.githubusercontent.com/PokeAPI/sprites/master/sprites/pokemon/other/official-artwork/962.png,https://raw.githubusercontent.com/PokeAPI/sprites/master/sprites/pokemon/other/home/962.png,https://raw.githubusercontent.com/PokeAPI/sprites/master/sprites/pokemon/other/official-artwork/962.png,https://www.pokemon.com/us/pokedex/bombirdier,species-page,2026-04-13T11:45:21.940891-07:00,200,official_media_verified_link_generated,,pokemon.com page content is bot-protected; official page URL is attached for manual verification.
finizen,Finizen,963,https://assets.pokemon.com/assets/cms2/img/pokedex/full/963.png,https://raw.githubusercontent.com/PokeAPI/sprites/master/sprites/pokemon/other/official-artwork/963.png,https://raw.githubusercontent.com/PokeAPI/sprites/master/sprites/pokemon/other/home/963.png,https://raw.githubusercontent.com/PokeAPI/sprites/master/sprites/pokemon/other/official-artwork/963.png,https://www.pokemon.com/us/pokedex/finizen,species-page,2026-04-13T11:45:21.940891-07:00,200,official_media_verified_link_generated,,pokemon.com page content is bot-protected; official page URL is attached for manual verification.
palafin-hero,Palafin Hero,964,https://assets.pokemon.com/assets/cms2/img/pokedex/full/964.png,https://raw.githubusercontent.com/PokeAPI/sprites/master/sprites/pokemon/other/official-artwork/10256.png,https://raw.githubusercontent.com/PokeAPI/sprites/master/sprites/pokemon/other/home/10256.png,https://raw.githubusercontent.com/PokeAPI/sprites/master/sprites/pokemon/other/official-artwork/10256.png,https://www.pokemon.com/us/pokedex/palafin,species-page,2026-04-13T11:45:21.940891-07:00,200,official_media_verified_link_generated,,pokemon.com page content is bot-protected; official page URL is attached for manual verification.
palafin-zero,Palafin Zero,964,https://assets.pokemon.com/assets/cms2/img/pokedex/full/964.png,https://raw.githubusercontent.com/PokeAPI/sprites/master/sprites/pokemon/other/official-artwork/964.png,https://raw.githubusercontent.com/PokeAPI/sprites/master/sprites/pokemon/other/home/964.png,https://raw.githubusercontent.com/PokeAPI/sprites/master/sprites/pokemon/other/official-artwork/964.png,https://www.pokemon.com/us/pokedex/palafin,species-page,2026-04-13T11:45:21.940891-07:00,200,official_media_verified_link_generated,,pokemon.com page content is bot-protected; official page URL is attached for manual verification.
varoom,Varoom,965,https://assets.pokemon.com/assets/cms2/img/pokedex/full/965.png,https://raw.githubusercontent.com/PokeAPI/sprites/master/sprites/pokemon/other/official-artwork/965.png,https://raw.githubusercontent.com/PokeAPI/sprites/master/sprites/pokemon/other/home/965.png,https://raw.githubusercontent.com/PokeAPI/sprites/master/sprites/pokemon/other/official-artwork/965.png,https://www.pokemon.com/us/pokedex/varoom,species-page,2026-04-13T11:45:21.940891-07:00,200,official_media_verified_link_generated,,pokemon.com page content is bot-protected; official page URL is attached for manual verification.
revavroom,Revavroom,966,https://assets.pokemon.com/assets/cms2/img/pokedex/full/966.png,https://raw.githubusercontent.com/PokeAPI/sprites/master/sprites/pokemon/other/official-artwork/966.png,https://raw.githubusercontent.com/PokeAPI/sprites/master/sprites/pokemon/other/home/966.png,https://raw.githubusercontent.com/PokeAPI/sprites/master/sprites/pokemon/other/official-artwork/966.png,https://www.pokemon.com/us/pokedex/revavroom,species-page,2026-04-13T11:45:21.940891-07:00,200,official_media_verified_link_generated,,pokemon.com page content is bot-protected; official page URL is attached for manual verification.
cyclizar,Cyclizar,967,https://assets.pokemon.com/assets/cms2/img/pokedex/full/967.png,https://raw.githubusercontent.com/PokeAPI/sprites/master/sprites/pokemon/other/official-artwork/967.png,https://raw.githubusercontent.com/PokeAPI/sprites/master/sprites/pokemon/other/home/967.png,https://raw.githubusercontent.com/PokeAPI/sprites/master/sprites/pokemon/other/official-artwork/967.png,https://www.pokemon.com/us/pokedex/cyclizar,species-page,2026-04-13T11:45:21.940891-07:00,200,official_media_verified_link_generated,,pokemon.com page content is bot-protected; official page URL is attached for manual verification.
orthworm,Orthworm,968,https://assets.pokemon.com/assets/cms2/img/pokedex/full/968.png,https://raw.githubusercontent.com/PokeAPI/sprites/master/sprites/pokemon/other/official-artwork/968.png,https://raw.githubusercontent.com/PokeAPI/sprites/master/sprites/pokemon/other/home/968.png,https://raw.githubusercontent.com/PokeAPI/sprites/master/sprites/pokemon/other/official-artwork/968.png,https://www.pokemon.com/us/pokedex/orthworm,species-page,2026-04-13T11:45:21.940891-07:00,200,official_media_verified_link_generated,,pokemon.com page content is bot-protected; official page URL is attached for manual verification.
glimmet,Glimmet,969,https://assets.pokemon.com/assets/cms2/img/pokedex/full/969.png,https://raw.githubusercontent.com/PokeAPI/sprites/master/sprites/pokemon/other/official-artwork/969.png,https://raw.githubusercontent.com/PokeAPI/sprites/master/sprites/pokemon/other/home/969.png,https://raw.githubusercontent.com/PokeAPI/sprites/master/sprites/pokemon/other/official-artwork/969.png,https://www.pokemon.com/us/pokedex/glimmet,species-page,2026-04-13T11:45:21.940891-07:00,200,official_media_verified_link_generated,,pokemon.com page content is bot-protected; official page URL is attached for manual verification.
glimmora,Glimmora,970,https://assets.pokemon.com/assets/cms2/img/pokedex/full/970.png,https://raw.githubusercontent.com/PokeAPI/sprites/master/sprites/pokemon/other/official-artwork/970.png,https://raw.githubusercontent.com/PokeAPI/sprites/master/sprites/pokemon/other/home/970.png,https://raw.githubusercontent.com/PokeAPI/sprites/master/sprites/pokemon/other/official-artwork/970.png,https://www.pokemon.com/us/pokedex/glimmora,species-page,2026-04-13T11:45:21.940891-07:00,200,official_media_verified_link_generated,,pokemon.com page content is bot-protected; official page URL is attached for manual verification.
glimmora-mega,Glimmora maleega,970,https://assets.pokemon.com/assets/cms2/img/pokedex/full/970.png,https://raw.githubusercontent.com/PokeAPI/sprites/master/sprites/pokemon/other/official-artwork/10321.png,https://raw.githubusercontent.com/PokeAPI/sprites/master/sprites/pokemon/other/official-artwork/10321.png,https://raw.githubusercontent.com/PokeAPI/sprites/master/sprites/pokemon/other/official-artwork/10321.png,https://www.pokemon.com/us/pokedex/glimmora,species-page,2026-04-13T11:45:21.940891-07:00,200,official_media_verified_link_generated,,pokemon.com page content is bot-protected; official page URL is attached for manual verification.
greavard,Greavard,971,https://assets.pokemon.com/assets/cms2/img/pokedex/full/971.png,https://raw.githubusercontent.com/PokeAPI/sprites/master/sprites/pokemon/other/official-artwork/971.png,https://raw.githubusercontent.com/PokeAPI/sprites/master/sprites/pokemon/other/home/971.png,https://raw.githubusercontent.com/PokeAPI/sprites/master/sprites/pokemon/other/official-artwork/971.png,https://www.pokemon.com/us/pokedex/greavard,species-page,2026-04-13T11:45:21.940891-07:00,200,official_media_verified_link_generated,,pokemon.com page content is bot-protected; official page URL is attached for manual verification.
houndstone,Houndstone,972,https://assets.pokemon.com/assets/cms2/img/pokedex/full/972.png,https://raw.githubusercontent.com/PokeAPI/sprites/master/sprites/pokemon/other/official-artwork/972.png,https://raw.githubusercontent.com/PokeAPI/sprites/master/sprites/pokemon/other/home/972.png,https://raw.githubusercontent.com/PokeAPI/sprites/master/sprites/pokemon/other/official-artwork/972.png,https://www.pokemon.com/us/pokedex/houndstone,species-page,2026-04-13T11:45:21.940891-07:00,200,official_media_verified_link_generated,,pokemon.com page content is bot-protected; official page URL is attached for manual verification.
flamigo,Flamigo,973,https://assets.pokemon.com/assets/cms2/img/pokedex/full/973.png,https://raw.githubusercontent.com/PokeAPI/sprites/master/sprites/pokemon/other/official-artwork/973.png,https://raw.githubusercontent.com/PokeAPI/sprites/master/sprites/pokemon/other/home/973.png,https://raw.githubusercontent.com/PokeAPI/sprites/master/sprites/pokemon/other/official-artwork/973.png,https://www.pokemon.com/us/pokedex/flamigo,species-page,2026-04-13T11:45:21.940891-07:00,200,official_media_verified_link_generated,,pokemon.com page content is bot-protected; official page URL is attached for manual verification.
cetoddle,Cetoddle,974,https://assets.pokemon.com/assets/cms2/img/pokedex/full/974.png,https://raw.githubusercontent.com/PokeAPI/sprites/master/sprites/pokemon/other/official-artwork/974.png,https://raw.githubusercontent.com/PokeAPI/sprites/master/sprites/pokemon/other/home/974.png,https://raw.githubusercontent.com/PokeAPI/sprites/master/sprites/pokemon/other/official-artwork/974.png,https://www.pokemon.com/us/pokedex/cetoddle,species-page,2026-04-13T11:45:21.940891-07:00,200,official_media_verified_link_generated,,pokemon.com page content is bot-protected; official page URL is attached for manual verification.
cetitan,Cetitan,975,https://assets.pokemon.com/assets/cms2/img/pokedex/full/975.png,https://raw.githubusercontent.com/PokeAPI/sprites/master/sprites/pokemon/other/official-artwork/975.png,https://raw.githubusercontent.com/PokeAPI/sprites/master/sprites/pokemon/other/home/975.png,https://raw.githubusercontent.com/PokeAPI/sprites/master/sprites/pokemon/other/official-artwork/975.png,https://www.pokemon.com/us/pokedex/cetitan,species-page,2026-04-13T11:45:21.940891-07:00,200,official_media_verified_link_generated,,pokemon.com page content is bot-protected; official page URL is attached for manual verification.
veluza,Veluza,976,https://assets.pokemon.com/assets/cms2/img/pokedex/full/976.png,https://raw.githubusercontent.com/PokeAPI/sprites/master/sprites/pokemon/other/official-artwork/976.png,https://raw.githubusercontent.com/PokeAPI/sprites/master/sprites/pokemon/other/home/976.png,https://raw.githubusercontent.com/PokeAPI/sprites/master/sprites/pokemon/other/official-artwork/976.png,https://www.pokemon.com/us/pokedex/veluza,species-page,2026-04-13T11:45:21.940891-07:00,200,official_media_verified_link_generated,,pokemon.com page content is bot-protected; official page URL is attached for manual verification.
dondozo,Dondozo,977,https://assets.pokemon.com/assets/cms2/img/pokedex/full/977.png,https://raw.githubusercontent.com/PokeAPI/sprites/master/sprites/pokemon/other/official-artwork/977.png,https://raw.githubusercontent.com/PokeAPI/sprites/master/sprites/pokemon/other/home/977.png,https://raw.githubusercontent.com/PokeAPI/sprites/master/sprites/pokemon/other/official-artwork/977.png,https://www.pokemon.com/us/pokedex/dondozo,species-page,2026-04-13T11:45:21.940891-07:00,200,official_media_verified_link_generated,,pokemon.com page content is bot-protected; official page URL is attached for manual verification.
tatsugiri-curly,Tatsugiri Curly,978,https://assets.pokemon.com/assets/cms2/img/pokedex/full/978.png,https://raw.githubusercontent.com/PokeAPI/sprites/master/sprites/pokemon/other/official-artwork/978.png,https://raw.githubusercontent.com/PokeAPI/sprites/master/sprites/pokemon/other/home/978.png,https://raw.githubusercontent.com/PokeAPI/sprites/master/sprites/pokemon/other/official-artwork/978.png,https://www.pokemon.com/us/pokedex/tatsugiri,species-page,2026-04-13T11:45:21.940891-07:00,200,official_media_verified_link_generated,,pokemon.com page content is bot-protected; official page URL is attached for manual verification.
tatsugiri-curly-mega,Tatsugiri Curly maleega,978,https://assets.pokemon.com/assets/cms2/img/pokedex/full/978.png,,https://assets.pokemon.com/assets/cms2/img/pokedex/full/978.png,https://assets.pokemon.com/assets/cms2/img/pokedex/full/978.png,https://www.pokemon.com/us/pokedex/tatsugiri,species-page,2026-04-13T11:45:21.940891-07:00,200,official_media_verified_link_generated,,pokemon.com page content is bot-protected; official page URL is attached for manual verification.
tatsugiri-droopy,Tatsugiri Droopy,978,https://assets.pokemon.com/assets/cms2/img/pokedex/full/978.png,https://raw.githubusercontent.com/PokeAPI/sprites/master/sprites/pokemon/other/official-artwork/10258.png,https://raw.githubusercontent.com/PokeAPI/sprites/master/sprites/pokemon/other/home/10258.png,https://raw.githubusercontent.com/PokeAPI/sprites/master/sprites/pokemon/other/official-artwork/10258.png,https://www.pokemon.com/us/pokedex/tatsugiri,species-page,2026-04-13T11:45:21.940891-07:00,200,official_media_verified_link_generated,,pokemon.com page content is bot-protected; official page URL is attached for manual verification.
tatsugiri-droopy-mega,Tatsugiri Droopy maleega,978,https://assets.pokemon.com/assets/cms2/img/pokedex/full/978.png,,https://assets.pokemon.com/assets/cms2/img/pokedex/full/978.png,https://assets.pokemon.com/assets/cms2/img/pokedex/full/978.png,https://www.pokemon.com/us/pokedex/tatsugiri,species-page,2026-04-13T11:45:21.940891-07:00,200,official_media_verified_link_generated,,pokemon.com page content is bot-protected; official page URL is attached for manual verification.
tatsugiri-stretchy,Tatsugiri Stretchy,978,https://assets.pokemon.com/assets/cms2/img/pokedex/full/978.png,https://raw.githubusercontent.com/PokeAPI/sprites/master/sprites/pokemon/other/official-artwork/10259.png,https://raw.githubusercontent.com/PokeAPI/sprites/master/sprites/pokemon/other/home/10259.png,https://raw.githubusercontent.com/PokeAPI/sprites/master/sprites/pokemon/other/official-artwork/10259.png,https://www.pokemon.com/us/pokedex/tatsugiri,species-page,2026-04-13T11:45:21.940891-07:00,200,official_media_verified_link_generated,,pokemon.com page content is bot-protected; official page URL is attached for manual verification.
tatsugiri-stretchy-mega,Tatsugiri Stretchy maleega,978,https://assets.pokemon.com/assets/cms2/img/pokedex/full/978.png,https://raw.githubusercontent.com/PokeAPI/sprites/master/sprites/pokemon/other/official-artwork/10324.png,https://raw.githubusercontent.com/PokeAPI/sprites/master/sprites/pokemon/other/official-artwork/10324.png,https://raw.githubusercontent.com/PokeAPI/sprites/master/sprites/pokemon/other/official-artwork/10324.png,https://www.pokemon.com/us/pokedex/tatsugiri,species-page,2026-04-13T11:45:21.940891-07:00,200,official_media_verified_link_generated,,pokemon.com page content is bot-protected; official page URL is attached for manual verification.
annihilape,Annihilape,979,https://assets.pokemon.com/assets/cms2/img/pokedex/full/979.png,https://raw.githubusercontent.com/PokeAPI/sprites/master/sprites/pokemon/other/official-artwork/979.png,https://raw.githubusercontent.com/PokeAPI/sprites/master/sprites/pokemon/other/home/979.png,https://raw.githubusercontent.com/PokeAPI/sprites/master/sprites/pokemon/other/official-artwork/979.png,https://www.pokemon.com/us/pokedex/annihilape,species-page,2026-04-13T11:45:21.940891-07:00,200,official_media_verified_link_generated,,pokemon.com page content is bot-protected; official page URL is attached for manual verification.
clodsire,Clodsire,980,https://assets.pokemon.com/assets/cms2/img/pokedex/full/980.png,https://raw.githubusercontent.com/PokeAPI/sprites/master/sprites/pokemon/other/official-artwork/980.png,https://raw.githubusercontent.com/PokeAPI/sprites/master/sprites/pokemon/other/home/980.png,https://raw.githubusercontent.com/PokeAPI/sprites/master/sprites/pokemon/other/official-artwork/980.png,https://www.pokemon.com/us/pokedex/clodsire,species-page,2026-04-13T11:45:21.940891-07:00,200,official_media_verified_link_generated,,pokemon.com page content is bot-protected; official page URL is attached for manual verification.
farigiraf,Farigiraf,981,https://assets.pokemon.com/assets/cms2/img/pokedex/full/981.png,https://raw.githubusercontent.com/PokeAPI/sprites/master/sprites/pokemon/other/official-artwork/981.png,https://raw.githubusercontent.com/PokeAPI/sprites/master/sprites/pokemon/other/home/981.png,https://raw.githubusercontent.com/PokeAPI/sprites/master/sprites/pokemon/other/official-artwork/981.png,https://www.pokemon.com/us/pokedex/farigiraf,species-page,2026-04-13T11:45:21.940891-07:00,200,official_media_verified_link_generated,,pokemon.com page content is bot-protected; official page URL is attached for manual verification.
dudunsparce-three-segment,Dudunsparce Three Segment,982,https://assets.pokemon.com/assets/cms2/img/pokedex/full/982.png,https://raw.githubusercontent.com/PokeAPI/sprites/master/sprites/pokemon/other/official-artwork/10255.png,https://raw.githubusercontent.com/PokeAPI/sprites/master/sprites/pokemon/other/home/10255.png,https://raw.githubusercontent.com/PokeAPI/sprites/master/sprites/pokemon/other/official-artwork/10255.png,https://www.pokemon.com/us/pokedex/dudunsparce,species-page,2026-04-13T11:45:21.940891-07:00,200,official_media_verified_link_generated,,pokemon.com page content is bot-protected; official page URL is attached for manual verification.
dudunsparce-two-segment,Dudunsparce Two Segment,982,https://assets.pokemon.com/assets/cms2/img/pokedex/full/982.png,https://raw.githubusercontent.com/PokeAPI/sprites/master/sprites/pokemon/other/official-artwork/982.png,https://raw.githubusercontent.com/PokeAPI/sprites/master/sprites/pokemon/other/home/982.png,https://raw.githubusercontent.com/PokeAPI/sprites/master/sprites/pokemon/other/official-artwork/982.png,https://www.pokemon.com/us/pokedex/dudunsparce,species-page,2026-04-13T11:45:21.940891-07:00,200,official_media_verified_link_generated,,pokemon.com page content is bot-protected; official page URL is attached for manual verification.
kingambit,Kingambit,983,https://assets.pokemon.com/assets/cms2/img/pokedex/full/983.png,https://raw.githubusercontent.com/PokeAPI/sprites/master/sprites/pokemon/other/official-artwork/983.png,https://raw.githubusercontent.com/PokeAPI/sprites/master/sprites/pokemon/other/home/983.png,https://raw.githubusercontent.com/PokeAPI/sprites/master/sprites/pokemon/other/official-artwork/983.png,https://www.pokemon.com/us/pokedex/kingambit,species-page,2026-04-13T11:45:21.940891-07:00,200,official_media_verified_link_generated,,pokemon.com page content is bot-protected; official page URL is attached for manual verification.
great-tusk,Great Tusk,984,https://assets.pokemon.com/assets/cms2/img/pokedex/full/984.png,https://raw.githubusercontent.com/PokeAPI/sprites/master/sprites/pokemon/other/official-artwork/984.png,https://raw.githubusercontent.com/PokeAPI/sprites/master/sprites/pokemon/other/home/984.png,https://raw.githubusercontent.com/PokeAPI/sprites/master/sprites/pokemon/other/official-artwork/984.png,https://www.pokemon.com/us/pokedex/great-tusk,species-page,2026-04-13T11:45:21.940891-07:00,200,official_media_verified_link_generated,,pokemon.com page content is bot-protected; official page URL is attached for manual verification.
scream-tail,Scream Tail,985,https://assets.pokemon.com/assets/cms2/img/pokedex/full/985.png,https://raw.githubusercontent.com/PokeAPI/sprites/master/sprites/pokemon/other/official-artwork/985.png,https://raw.githubusercontent.com/PokeAPI/sprites/master/sprites/pokemon/other/home/985.png,https://raw.githubusercontent.com/PokeAPI/sprites/master/sprites/pokemon/other/official-artwork/985.png,https://www.pokemon.com/us/pokedex/scream-tail,species-page,2026-04-13T11:45:21.940891-07:00,200,official_media_verified_link_generated,,pokemon.com page content is bot-protected; official page URL is attached for manual verification.
brute-bonnet,Brute Bonnet,986,https://assets.pokemon.com/assets/cms2/img/pokedex/full/986.png,https://raw.githubusercontent.com/PokeAPI/sprites/master/sprites/pokemon/other/official-artwork/986.png,https://raw.githubusercontent.com/PokeAPI/sprites/master/sprites/pokemon/other/home/986.png,https://raw.githubusercontent.com/PokeAPI/sprites/master/sprites/pokemon/other/official-artwork/986.png,https://www.pokemon.com/us/pokedex/brute-bonnet,species-page,2026-04-13T11:45:21.940891-07:00,200,official_media_verified_link_generated,,pokemon.com page content is bot-protected; official page URL is attached for manual verification.
flutter-mane,Flutter maleane,987,https://assets.pokemon.com/assets/cms2/img/pokedex/full/987.png,https://raw.githubusercontent.com/PokeAPI/sprites/master/sprites/pokemon/other/official-artwork/987.png,https://raw.githubusercontent.com/PokeAPI/sprites/master/sprites/pokemon/other/home/987.png,https://raw.githubusercontent.com/PokeAPI/sprites/master/sprites/pokemon/other/official-artwork/987.png,https://www.pokemon.com/us/pokedex/flutter-mane,species-page,2026-04-13T11:45:21.940891-07:00,200,official_media_verified_link_generated,,pokemon.com page content is bot-protected; official page URL is attached for manual verification.
slither-wing,Slither Wing,988,https://assets.pokemon.com/assets/cms2/img/pokedex/full/988.png,https://raw.githubusercontent.com/PokeAPI/sprites/master/sprites/pokemon/other/official-artwork/988.png,https://raw.githubusercontent.com/PokeAPI/sprites/master/sprites/pokemon/other/home/988.png,https://raw.githubusercontent.com/PokeAPI/sprites/master/sprites/pokemon/other/official-artwork/988.png,https://www.pokemon.com/us/pokedex/slither-wing,species-page,2026-04-13T11:45:21.940891-07:00,200,official_media_verified_link_generated,,pokemon.com page content is bot-protected; official page URL is attached for manual verification.
sandy-shocks,Sandy Shocks,989,https://assets.pokemon.com/assets/cms2/img/pokedex/full/989.png,https://raw.githubusercontent.com/PokeAPI/sprites/master/sprites/pokemon/other/official-artwork/989.png,https://raw.githubusercontent.com/PokeAPI/sprites/master/sprites/pokemon/other/home/989.png,https://raw.githubusercontent.com/PokeAPI/sprites/master/sprites/pokemon/other/official-artwork/989.png,https://www.pokemon.com/us/pokedex/sandy-shocks,species-page,2026-04-13T11:45:21.940891-07:00,200,official_media_verified_link_generated,,pokemon.com page content is bot-protected; official page URL is attached for manual verification.
iron-treads,Iron Treads,990,https://assets.pokemon.com/assets/cms2/img/pokedex/full/990.png,https://raw.githubusercontent.com/PokeAPI/sprites/master/sprites/pokemon/other/official-artwork/990.png,https://raw.githubusercontent.com/PokeAPI/sprites/master/sprites/pokemon/other/home/990.png,https://raw.githubusercontent.com/PokeAPI/sprites/master/sprites/pokemon/other/official-artwork/990.png,https://www.pokemon.com/us/pokedex/iron-treads,species-page,2026-04-13T11:45:21.940891-07:00,200,official_media_verified_link_generated,,pokemon.com page content is bot-protected; official page URL is attached for manual verification.
iron-bundle,Iron Bundle,991,https://assets.pokemon.com/assets/cms2/img/pokedex/full/991.png,https://raw.githubusercontent.com/PokeAPI/sprites/master/sprites/pokemon/other/official-artwork/991.png,https://raw.githubusercontent.com/PokeAPI/sprites/master/sprites/pokemon/other/home/991.png,https://raw.githubusercontent.com/PokeAPI/sprites/master/sprites/pokemon/other/official-artwork/991.png,https://www.pokemon.com/us/pokedex/iron-bundle,species-page,2026-04-13T11:45:21.940891-07:00,200,official_media_verified_link_generated,,pokemon.com page content is bot-protected; official page URL is attached for manual verification.
iron-hands,Iron Hands,992,https://assets.pokemon.com/assets/cms2/img/pokedex/full/992.png,https://raw.githubusercontent.com/PokeAPI/sprites/master/sprites/pokemon/other/official-artwork/992.png,https://raw.githubusercontent.com/PokeAPI/sprites/master/sprites/pokemon/other/home/992.png,https://raw.githubusercontent.com/PokeAPI/sprites/master/sprites/pokemon/other/official-artwork/992.png,https://www.pokemon.com/us/pokedex/iron-hands,species-page,2026-04-13T11:45:21.940891-07:00,200,official_media_verified_link_generated,,pokemon.com page content is bot-protected; official page URL is attached for manual verification.
iron-jugulis,Iron Jugulis,993,https://assets.pokemon.com/assets/cms2/img/pokedex/full/993.png,https://raw.githubusercontent.com/PokeAPI/sprites/master/sprites/pokemon/other/official-artwork/993.png,https://raw.githubusercontent.com/PokeAPI/sprites/master/sprites/pokemon/other/home/993.png,https://raw.githubusercontent.com/PokeAPI/sprites/master/sprites/pokemon/other/official-artwork/993.png,https://www.pokemon.com/us/pokedex/iron-jugulis,species-page,2026-04-13T11:45:21.940891-07:00,200,official_media_verified_link_generated,,pokemon.com page content is bot-protected; official page URL is attached for manual verification.
iron-moth,Iron maleoth,994,https://assets.pokemon.com/assets/cms2/img/pokedex/full/994.png,https://raw.githubusercontent.com/PokeAPI/sprites/master/sprites/pokemon/other/official-artwork/994.png,https://raw.githubusercontent.com/PokeAPI/sprites/master/sprites/pokemon/other/home/994.png,https://raw.githubusercontent.com/PokeAPI/sprites/master/sprites/pokemon/other/official-artwork/994.png,https://www.pokemon.com/us/pokedex/iron-moth,species-page,2026-04-13T11:45:21.940891-07:00,200,official_media_verified_link_generated,,pokemon.com page content is bot-protected; official page URL is attached for manual verification.
iron-thorns,Iron Thorns,995,https://assets.pokemon.com/assets/cms2/img/pokedex/full/995.png,https://raw.githubusercontent.com/PokeAPI/sprites/master/sprites/pokemon/other/official-artwork/995.png,https://raw.githubusercontent.com/PokeAPI/sprites/master/sprites/pokemon/other/home/995.png,https://raw.githubusercontent.com/PokeAPI/sprites/master/sprites/pokemon/other/official-artwork/995.png,https://www.pokemon.com/us/pokedex/iron-thorns,species-page,2026-04-13T11:45:21.940891-07:00,200,official_media_verified_link_generated,,pokemon.com page content is bot-protected; official page URL is attached for manual verification.
frigibax,Frigibax,996,https://assets.pokemon.com/assets/cms2/img/pokedex/full/996.png,https://raw.githubusercontent.com/PokeAPI/sprites/master/sprites/pokemon/other/official-artwork/996.png,https://raw.githubusercontent.com/PokeAPI/sprites/master/sprites/pokemon/other/home/996.png,https://raw.githubusercontent.com/PokeAPI/sprites/master/sprites/pokemon/other/official-artwork/996.png,https://www.pokemon.com/us/pokedex/frigibax,species-page,2026-04-13T11:45:21.940891-07:00,200,official_media_verified_link_generated,,pokemon.com page content is bot-protected; official page URL is attached for manual verification.
arctibax,Arctibax,997,https://assets.pokemon.com/assets/cms2/img/pokedex/full/997.png,https://raw.githubusercontent.com/PokeAPI/sprites/master/sprites/pokemon/other/official-artwork/997.png,https://raw.githubusercontent.com/PokeAPI/sprites/master/sprites/pokemon/other/home/997.png,https://raw.githubusercontent.com/PokeAPI/sprites/master/sprites/pokemon/other/official-artwork/997.png,https://www.pokemon.com/us/pokedex/arctibax,species-page,2026-04-13T11:45:21.940891-07:00,200,official_media_verified_link_generated,,pokemon.com page content is bot-protected; official page URL is attached for manual verification.
baxcalibur,Baxcalibur,998,https://assets.pokemon.com/assets/cms2/img/pokedex/full/998.png,https://raw.githubusercontent.com/PokeAPI/sprites/master/sprites/pokemon/other/official-artwork/998.png,https://raw.githubusercontent.com/PokeAPI/sprites/master/sprites/pokemon/other/home/998.png,https://raw.githubusercontent.com/PokeAPI/sprites/master/sprites/pokemon/other/official-artwork/998.png,https://www.pokemon.com/us/pokedex/baxcalibur,species-page,2026-04-13T11:45:21.940891-07:00,200,official_media_verified_link_generated,,pokemon.com page content is bot-protected; official page URL is attached for manual verification.
baxcalibur-mega,Baxcalibur maleega,998,https://assets.pokemon.com/assets/cms2/img/pokedex/full/998.png,https://raw.githubusercontent.com/PokeAPI/sprites/master/sprites/pokemon/other/official-artwork/10325.png,https://raw.githubusercontent.com/PokeAPI/sprites/master/sprites/pokemon/other/official-artwork/10325.png,https://raw.githubusercontent.com/PokeAPI/sprites/master/sprites/pokemon/other/official-artwork/10325.png,https://www.pokemon.com/us/pokedex/baxcalibur,species-page,2026-04-13T11:45:21.940891-07:00,200,official_media_verified_link_generated,,pokemon.com page content is bot-protected; official page URL is attached for manual verification.
gimmighoul,Gimmighoul,999,https://assets.pokemon.com/assets/cms2/img/pokedex/full/999.png,https://raw.githubusercontent.com/PokeAPI/sprites/master/sprites/pokemon/other/official-artwork/999.png,https://raw.githubusercontent.com/PokeAPI/sprites/master/sprites/pokemon/other/home/999.png,https://raw.githubusercontent.com/PokeAPI/sprites/master/sprites/pokemon/other/official-artwork/999.png,https://www.pokemon.com/us/pokedex/gimmighoul,species-page,2026-04-13T11:45:21.940891-07:00,200,official_media_verified_link_generated,,pokemon.com page content is bot-protected; official page URL is attached for manual verification.
gimmighoul-roaming,Gimmighoul Roaming,999,https://assets.pokemon.com/assets/cms2/img/pokedex/full/999.png,https://raw.githubusercontent.com/PokeAPI/sprites/master/sprites/pokemon/other/official-artwork/10263.png,https://raw.githubusercontent.com/PokeAPI/sprites/master/sprites/pokemon/other/home/10263.png,https://raw.githubusercontent.com/PokeAPI/sprites/master/sprites/pokemon/other/official-artwork/10263.png,https://www.pokemon.com/us/pokedex/gimmighoul,species-page,2026-04-13T11:45:21.940891-07:00,200,official_media_verified_link_generated,,pokemon.com page content is bot-protected; official page URL is attached for manual verification.
gholdengo,Gholdengo,1000,https://assets.pokemon.com/assets/cms2/img/pokedex/full/1000.png,https://raw.githubusercontent.com/PokeAPI/sprites/master/sprites/pokemon/other/official-artwork/1000.png,https://raw.githubusercontent.com/PokeAPI/sprites/master/sprites/pokemon/other/home/1000.png,https://raw.githubusercontent.com/PokeAPI/sprites/master/sprites/pokemon/other/official-artwork/1000.png,https://www.pokemon.com/us/pokedex/gholdengo,species-page,2026-04-13T11:45:21.940891-07:00,200,official_media_verified_link_generated,,pokemon.com page content is bot-protected; official page URL is attached for manual verification.
wo-chien,Wo Chien,1001,https://assets.pokemon.com/assets/cms2/img/pokedex/full/1001.png,https://raw.githubusercontent.com/PokeAPI/sprites/master/sprites/pokemon/other/official-artwork/1001.png,https://raw.githubusercontent.com/PokeAPI/sprites/master/sprites/pokemon/other/home/1001.png,https://raw.githubusercontent.com/PokeAPI/sprites/master/sprites/pokemon/other/official-artwork/1001.png,https://www.pokemon.com/us/pokedex/wo-chien,species-page,2026-04-13T11:45:21.940891-07:00,200,official_media_verified_link_generated,,pokemon.com page content is bot-protected; official page URL is attached for manual verification.
chien-pao,Chien Pao,1002,https://assets.pokemon.com/assets/cms2/img/pokedex/full/1002.png,https://raw.githubusercontent.com/PokeAPI/sprites/master/sprites/pokemon/other/official-artwork/1002.png,https://raw.githubusercontent.com/PokeAPI/sprites/master/sprites/pokemon/other/home/1002.png,https://raw.githubusercontent.com/PokeAPI/sprites/master/sprites/pokemon/other/official-artwork/1002.png,https://www.pokemon.com/us/pokedex/chien-pao,species-page,2026-04-13T11:45:21.940891-07:00,200,official_media_verified_link_generated,,pokemon.com page content is bot-protected; official page URL is attached for manual verification.
ting-lu,Ting Lu,1003,https://assets.pokemon.com/assets/cms2/img/pokedex/full/1003.png,https://raw.githubusercontent.com/PokeAPI/sprites/master/sprites/pokemon/other/official-artwork/1003.png,https://raw.githubusercontent.com/PokeAPI/sprites/master/sprites/pokemon/other/home/1003.png,https://raw.githubusercontent.com/PokeAPI/sprites/master/sprites/pokemon/other/official-artwork/1003.png,https://www.pokemon.com/us/pokedex/ting-lu,species-page,2026-04-13T11:45:21.940891-07:00,200,official_media_verified_link_generated,,pokemon.com page content is bot-protected; official page URL is attached for manual verification.
chi-yu,Chi Yu,1004,https://assets.pokemon.com/assets/cms2/img/pokedex/full/1004.png,https://raw.githubusercontent.com/PokeAPI/sprites/master/sprites/pokemon/other/official-artwork/1004.png,https://raw.githubusercontent.com/PokeAPI/sprites/master/sprites/pokemon/other/home/1004.png,https://raw.githubusercontent.com/PokeAPI/sprites/master/sprites/pokemon/other/official-artwork/1004.png,https://www.pokemon.com/us/pokedex/chi-yu,species-page,2026-04-13T11:45:21.940891-07:00,200,official_media_verified_link_generated,,pokemon.com page content is bot-protected; official page URL is attached for manual verification.
roaring-moon,Roaring maleoon,1005,https://assets.pokemon.com/assets/cms2/img/pokedex/full/1005.png,https://raw.githubusercontent.com/PokeAPI/sprites/master/sprites/pokemon/other/official-artwork/1005.png,https://raw.githubusercontent.com/PokeAPI/sprites/master/sprites/pokemon/other/home/1005.png,https://raw.githubusercontent.com/PokeAPI/sprites/master/sprites/pokemon/other/official-artwork/1005.png,https://www.pokemon.com/us/pokedex/roaring-moon,species-page,2026-04-13T11:45:21.940891-07:00,200,official_media_verified_link_generated,,pokemon.com page content is bot-protected; official page URL is attached for manual verification.
iron-valiant,Iron Valiant,1006,https://assets.pokemon.com/assets/cms2/img/pokedex/full/1006.png,https://raw.githubusercontent.com/PokeAPI/sprites/master/sprites/pokemon/other/official-artwork/1006.png,https://raw.githubusercontent.com/PokeAPI/sprites/master/sprites/pokemon/other/home/1006.png,https://raw.githubusercontent.com/PokeAPI/sprites/master/sprites/pokemon/other/official-artwork/1006.png,https://www.pokemon.com/us/pokedex/iron-valiant,species-page,2026-04-13T11:45:21.940891-07:00,200,official_media_verified_link_generated,,pokemon.com page content is bot-protected; official page URL is attached for manual verification.
koraidon,Koraidon,1007,https://assets.pokemon.com/assets/cms2/img/pokedex/full/1007.png,https://raw.githubusercontent.com/PokeAPI/sprites/master/sprites/pokemon/other/official-artwork/1007.png,https://raw.githubusercontent.com/PokeAPI/sprites/master/sprites/pokemon/other/home/1007.png,https://raw.githubusercontent.com/PokeAPI/sprites/master/sprites/pokemon/other/official-artwork/1007.png,https://www.pokemon.com/us/pokedex/koraidon,species-page,2026-04-13T11:45:21.940891-07:00,200,official_media_verified_link_generated,,pokemon.com page content is bot-protected; official page URL is attached for manual verification.
koraidon-gliding-build,Koraidon Gliding Build,1007,https://assets.pokemon.com/assets/cms2/img/pokedex/full/1007.png,,https://assets.pokemon.com/assets/cms2/img/pokedex/full/1007.png,https://assets.pokemon.com/assets/cms2/img/pokedex/full/1007.png,https://www.pokemon.com/us/pokedex/koraidon,species-page,2026-04-13T11:45:21.940891-07:00,200,official_media_verified_link_generated,,pokemon.com page content is bot-protected; official page URL is attached for manual verification.
koraidon-limited-build,Koraidon Limited Build,1007,https://assets.pokemon.com/assets/cms2/img/pokedex/full/1007.png,,https://assets.pokemon.com/assets/cms2/img/pokedex/full/1007.png,https://assets.pokemon.com/assets/cms2/img/pokedex/full/1007.png,https://www.pokemon.com/us/pokedex/koraidon,species-page,2026-04-13T11:45:21.940891-07:00,200,official_media_verified_link_generated,,pokemon.com page content is bot-protected; official page URL is attached for manual verification.
koraidon-sprinting-build,Koraidon Sprinting Build,1007,https://assets.pokemon.com/assets/cms2/img/pokedex/full/1007.png,,https://assets.pokemon.com/assets/cms2/img/pokedex/full/1007.png,https://assets.pokemon.com/assets/cms2/img/pokedex/full/1007.png,https://www.pokemon.com/us/pokedex/koraidon,species-page,2026-04-13T11:45:21.940891-07:00,200,official_media_verified_link_generated,,pokemon.com page content is bot-protected; official page URL is attached for manual verification.
koraidon-swimming-build,Koraidon Swimming Build,1007,https://assets.pokemon.com/assets/cms2/img/pokedex/full/1007.png,,https://assets.pokemon.com/assets/cms2/img/pokedex/full/1007.png,https://assets.pokemon.com/assets/cms2/img/pokedex/full/1007.png,https://www.pokemon.com/us/pokedex/koraidon,species-page,2026-04-13T11:45:21.940891-07:00,200,official_media_verified_link_generated,,pokemon.com page content is bot-protected; official page URL is attached for manual verification.
miraidon,Miraidon,1008,https://assets.pokemon.com/assets/cms2/img/pokedex/full/1008.png,https://raw.githubusercontent.com/PokeAPI/sprites/master/sprites/pokemon/other/official-artwork/1008.png,https://raw.githubusercontent.com/PokeAPI/sprites/master/sprites/pokemon/other/home/1008.png,https://raw.githubusercontent.com/PokeAPI/sprites/master/sprites/pokemon/other/official-artwork/1008.png,https://www.pokemon.com/us/pokedex/miraidon,species-page,2026-04-13T11:45:21.940891-07:00,200,official_media_verified_link_generated,,pokemon.com page content is bot-protected; official page URL is attached for manual verification.
miraidon-aquatic-mode,Miraidon Aquatic maleode,1008,https://assets.pokemon.com/assets/cms2/img/pokedex/full/1008.png,,https://assets.pokemon.com/assets/cms2/img/pokedex/full/1008.png,https://assets.pokemon.com/assets/cms2/img/pokedex/full/1008.png,https://www.pokemon.com/us/pokedex/miraidon,species-page,2026-04-13T11:45:21.940891-07:00,200,official_media_verified_link_generated,,pokemon.com page content is bot-protected; official page URL is attached for manual verification.
miraidon-drive-mode,Miraidon Drive maleode,1008,https://assets.pokemon.com/assets/cms2/img/pokedex/full/1008.png,,https://assets.pokemon.com/assets/cms2/img/pokedex/full/1008.png,https://assets.pokemon.com/assets/cms2/img/pokedex/full/1008.png,https://www.pokemon.com/us/pokedex/miraidon,species-page,2026-04-13T11:45:21.940891-07:00,200,official_media_verified_link_generated,,pokemon.com page content is bot-protected; official page URL is attached for manual verification.
miraidon-glide-mode,Miraidon Glide maleode,1008,https://assets.pokemon.com/assets/cms2/img/pokedex/full/1008.png,,https://assets.pokemon.com/assets/cms2/img/pokedex/full/1008.png,https://assets.pokemon.com/assets/cms2/img/pokedex/full/1008.png,https://www.pokemon.com/us/pokedex/miraidon,species-page,2026-04-13T11:45:21.940891-07:00,200,official_media_verified_link_generated,,pokemon.com page content is bot-protected; official page URL is attached for manual verification.
miraidon-low-power-mode,Miraidon Low Power maleode,1008,https://assets.pokemon.com/assets/cms2/img/pokedex/full/1008.png,,https://assets.pokemon.com/assets/cms2/img/pokedex/full/1008.png,https://assets.pokemon.com/assets/cms2/img/pokedex/full/1008.png,https://www.pokemon.com/us/pokedex/miraidon,species-page,2026-04-13T11:45:21.940891-07:00,200,official_media_verified_link_generated,,pokemon.com page content is bot-protected; official page URL is attached for manual verification.
walking-wake,Walking Wake,1009,https://assets.pokemon.com/assets/cms2/img/pokedex/full/1009.png,https://raw.githubusercontent.com/PokeAPI/sprites/master/sprites/pokemon/other/official-artwork/1009.png,https://raw.githubusercontent.com/PokeAPI/sprites/master/sprites/pokemon/other/home/1009.png,https://raw.githubusercontent.com/PokeAPI/sprites/master/sprites/pokemon/other/official-artwork/1009.png,https://www.pokemon.com/us/pokedex/walking-wake,species-page,2026-04-13T11:45:21.940891-07:00,200,official_media_verified_link_generated,,pokemon.com page content is bot-protected; official page URL is attached for manual verification.
iron-leaves,Iron Leaves,1010,https://assets.pokemon.com/assets/cms2/img/pokedex/full/1010.png,https://raw.githubusercontent.com/PokeAPI/sprites/master/sprites/pokemon/other/official-artwork/1010.png,https://raw.githubusercontent.com/PokeAPI/sprites/master/sprites/pokemon/other/home/1010.png,https://raw.githubusercontent.com/PokeAPI/sprites/master/sprites/pokemon/other/official-artwork/1010.png,https://www.pokemon.com/us/pokedex/iron-leaves,species-page,2026-04-13T11:45:21.940891-07:00,200,official_media_verified_link_generated,,pokemon.com page content is bot-protected; official page URL is attached for manual verification.
dipplin,Dipplin,1011,https://assets.pokemon.com/assets/cms2/img/pokedex/full/1011.png,https://raw.githubusercontent.com/PokeAPI/sprites/master/sprites/pokemon/other/official-artwork/1011.png,https://raw.githubusercontent.com/PokeAPI/sprites/master/sprites/pokemon/other/home/1011.png,https://raw.githubusercontent.com/PokeAPI/sprites/master/sprites/pokemon/other/official-artwork/1011.png,https://www.pokemon.com/us/pokedex/dipplin,species-page,2026-04-13T11:45:21.940891-07:00,200,official_media_verified_link_generated,,pokemon.com page content is bot-protected; official page URL is attached for manual verification.
poltchageist,Poltchageist,1012,https://assets.pokemon.com/assets/cms2/img/pokedex/full/1012.png,https://raw.githubusercontent.com/PokeAPI/sprites/master/sprites/pokemon/other/official-artwork/1012.png,https://raw.githubusercontent.com/PokeAPI/sprites/master/sprites/pokemon/other/home/1012.png,https://raw.githubusercontent.com/PokeAPI/sprites/master/sprites/pokemon/other/official-artwork/1012.png,https://www.pokemon.com/us/pokedex/poltchageist,species-page,2026-04-13T11:45:21.940891-07:00,200,official_media_verified_link_generated,,pokemon.com page content is bot-protected; official page URL is attached for manual verification.
sinistcha,Sinistcha,1013,https://assets.pokemon.com/assets/cms2/img/pokedex/full/1013.png,https://raw.githubusercontent.com/PokeAPI/sprites/master/sprites/pokemon/other/official-artwork/1013.png,https://raw.githubusercontent.com/PokeAPI/sprites/master/sprites/pokemon/other/home/1013.png,https://raw.githubusercontent.com/PokeAPI/sprites/master/sprites/pokemon/other/official-artwork/1013.png,https://www.pokemon.com/us/pokedex/sinistcha,species-page,2026-04-13T11:45:21.940891-07:00,200,official_media_verified_link_generated,,pokemon.com page content is bot-protected; official page URL is attached for manual verification.
okidogi,Okidogi,1014,https://assets.pokemon.com/assets/cms2/img/pokedex/full/1014.png,https://raw.githubusercontent.com/PokeAPI/sprites/master/sprites/pokemon/other/official-artwork/1014.png,https://raw.githubusercontent.com/PokeAPI/sprites/master/sprites/pokemon/other/home/1014.png,https://raw.githubusercontent.com/PokeAPI/sprites/master/sprites/pokemon/other/official-artwork/1014.png,https://www.pokemon.com/us/pokedex/okidogi,species-page,2026-04-13T11:45:21.940891-07:00,200,official_media_verified_link_generated,,pokemon.com page content is bot-protected; official page URL is attached for manual verification.
munkidori,Munkidori,1015,https://assets.pokemon.com/assets/cms2/img/pokedex/full/1015.png,https://raw.githubusercontent.com/PokeAPI/sprites/master/sprites/pokemon/other/official-artwork/1015.png,https://raw.githubusercontent.com/PokeAPI/sprites/master/sprites/pokemon/other/home/1015.png,https://raw.githubusercontent.com/PokeAPI/sprites/master/sprites/pokemon/other/official-artwork/1015.png,https://www.pokemon.com/us/pokedex/munkidori,species-page,2026-04-13T11:45:21.940891-07:00,200,official_media_verified_link_generated,,pokemon.com page content is bot-protected; official page URL is attached for manual verification.
fezandipiti,Fezandipiti,1016,https://assets.pokemon.com/assets/cms2/img/pokedex/full/1016.png,https://raw.githubusercontent.com/PokeAPI/sprites/master/sprites/pokemon/other/official-artwork/1016.png,https://raw.githubusercontent.com/PokeAPI/sprites/master/sprites/pokemon/other/home/1016.png,https://raw.githubusercontent.com/PokeAPI/sprites/master/sprites/pokemon/other/official-artwork/1016.png,https://www.pokemon.com/us/pokedex/fezandipiti,species-page,2026-04-13T11:45:21.940891-07:00,200,official_media_verified_link_generated,,pokemon.com page content is bot-protected; official page URL is attached for manual verification.
ogerpon,Ogerpon,1017,https://assets.pokemon.com/assets/cms2/img/pokedex/full/1017.png,https://raw.githubusercontent.com/PokeAPI/sprites/master/sprites/pokemon/other/official-artwork/1017.png,https://raw.githubusercontent.com/PokeAPI/sprites/master/sprites/pokemon/other/home/1017.png,https://raw.githubusercontent.com/PokeAPI/sprites/master/sprites/pokemon/other/official-artwork/1017.png,https://www.pokemon.com/us/pokedex/ogerpon,species-page,2026-04-13T11:45:21.940891-07:00,200,official_media_verified_link_generated,,pokemon.com page content is bot-protected; official page URL is attached for manual verification.
ogerpon-cornerstone-mask,Ogerpon Cornerstone maleask,1017,https://assets.pokemon.com/assets/cms2/img/pokedex/full/1017.png,https://raw.githubusercontent.com/PokeAPI/sprites/master/sprites/pokemon/other/official-artwork/10275.png,https://raw.githubusercontent.com/PokeAPI/sprites/master/sprites/pokemon/other/home/10275.png,https://raw.githubusercontent.com/PokeAPI/sprites/master/sprites/pokemon/other/official-artwork/10275.png,https://www.pokemon.com/us/pokedex/ogerpon,species-page,2026-04-13T11:45:21.940891-07:00,200,official_media_verified_link_generated,,pokemon.com page content is bot-protected; official page URL is attached for manual verification.
ogerpon-hearthflame-mask,Ogerpon Hearthflame maleask,1017,https://assets.pokemon.com/assets/cms2/img/pokedex/full/1017.png,https://raw.githubusercontent.com/PokeAPI/sprites/master/sprites/pokemon/other/official-artwork/10274.png,https://raw.githubusercontent.com/PokeAPI/sprites/master/sprites/pokemon/other/home/10274.png,https://raw.githubusercontent.com/PokeAPI/sprites/master/sprites/pokemon/other/official-artwork/10274.png,https://www.pokemon.com/us/pokedex/ogerpon,species-page,2026-04-13T11:45:21.940891-07:00,200,official_media_verified_link_generated,,pokemon.com page content is bot-protected; official page URL is attached for manual verification.
ogerpon-wellspring-mask,Ogerpon Wellspring maleask,1017,https://assets.pokemon.com/assets/cms2/img/pokedex/full/1017.png,https://raw.githubusercontent.com/PokeAPI/sprites/master/sprites/pokemon/other/official-artwork/10273.png,https://raw.githubusercontent.com/PokeAPI/sprites/master/sprites/pokemon/other/home/10273.png,https://raw.githubusercontent.com/PokeAPI/sprites/master/sprites/pokemon/other/official-artwork/10273.png,https://www.pokemon.com/us/pokedex/ogerpon,species-page,2026-04-13T11:45:21.940891-07:00,200,official_media_verified_link_generated,,pokemon.com page content is bot-protected; official page URL is attached for manual verification.
archaludon,Archaludon,1018,https://assets.pokemon.com/assets/cms2/img/pokedex/full/1018.png,https://raw.githubusercontent.com/PokeAPI/sprites/master/sprites/pokemon/other/official-artwork/1018.png,https://raw.githubusercontent.com/PokeAPI/sprites/master/sprites/pokemon/other/home/1018.png,https://raw.githubusercontent.com/PokeAPI/sprites/master/sprites/pokemon/other/official-artwork/1018.png,https://www.pokemon.com/us/pokedex/archaludon,species-page,2026-04-13T11:45:21.940891-07:00,200,official_media_verified_link_generated,,pokemon.com page content is bot-protected; official page URL is attached for manual verification.
hydrapple,Hydrapple,1019,https://assets.pokemon.com/assets/cms2/img/pokedex/full/1019.png,https://raw.githubusercontent.com/PokeAPI/sprites/master/sprites/pokemon/other/official-artwork/1019.png,https://raw.githubusercontent.com/PokeAPI/sprites/master/sprites/pokemon/other/home/1019.png,https://raw.githubusercontent.com/PokeAPI/sprites/master/sprites/pokemon/other/official-artwork/1019.png,https://www.pokemon.com/us/pokedex/hydrapple,species-page,2026-04-13T11:45:21.940891-07:00,200,official_media_verified_link_generated,,pokemon.com page content is bot-protected; official page URL is attached for manual verification.
gouging-fire,Gouging femaleire,1020,https://assets.pokemon.com/assets/cms2/img/pokedex/full/1020.png,https://raw.githubusercontent.com/PokeAPI/sprites/master/sprites/pokemon/other/official-artwork/1020.png,https://raw.githubusercontent.com/PokeAPI/sprites/master/sprites/pokemon/other/home/1020.png,https://raw.githubusercontent.com/PokeAPI/sprites/master/sprites/pokemon/other/official-artwork/1020.png,https://www.pokemon.com/us/pokedex/gouging-fire,species-page,2026-04-13T11:45:21.940891-07:00,200,official_media_verified_link_generated,,pokemon.com page content is bot-protected; official page URL is attached for manual verification.
raging-bolt,Raging Bolt,1021,https://assets.pokemon.com/assets/cms2/img/pokedex/full/1021.png,https://raw.githubusercontent.com/PokeAPI/sprites/master/sprites/pokemon/other/official-artwork/1021.png,https://raw.githubusercontent.com/PokeAPI/sprites/master/sprites/pokemon/other/home/1021.png,https://raw.githubusercontent.com/PokeAPI/sprites/master/sprites/pokemon/other/official-artwork/1021.png,https://www.pokemon.com/us/pokedex/raging-bolt,species-page,2026-04-13T11:45:21.940891-07:00,200,official_media_verified_link_generated,,pokemon.com page content is bot-protected; official page URL is attached for manual verification.
iron-boulder,Iron Boulder,1022,https://assets.pokemon.com/assets/cms2/img/pokedex/full/1022.png,https://raw.githubusercontent.com/PokeAPI/sprites/master/sprites/pokemon/other/official-artwork/1022.png,https://raw.githubusercontent.com/PokeAPI/sprites/master/sprites/pokemon/other/home/1022.png,https://raw.githubusercontent.com/PokeAPI/sprites/master/sprites/pokemon/other/official-artwork/1022.png,https://www.pokemon.com/us/pokedex/iron-boulder,species-page,2026-04-13T11:45:21.940891-07:00,200,official_media_verified_link_generated,,pokemon.com page content is bot-protected; official page URL is attached for manual verification.
iron-crown,Iron Crown,1023,https://assets.pokemon.com/assets/cms2/img/pokedex/full/1023.png,https://raw.githubusercontent.com/PokeAPI/sprites/master/sprites/pokemon/other/official-artwork/1023.png,https://raw.githubusercontent.com/PokeAPI/sprites/master/sprites/pokemon/other/home/1023.png,https://raw.githubusercontent.com/PokeAPI/sprites/master/sprites/pokemon/other/official-artwork/1023.png,https://www.pokemon.com/us/pokedex/iron-crown,species-page,2026-04-13T11:45:21.940891-07:00,200,official_media_verified_link_generated,,pokemon.com page content is bot-protected; official page URL is attached for manual verification.
terapagos,Terapagos,1024,https://assets.pokemon.com/assets/cms2/img/pokedex/full/1024.png,https://raw.githubusercontent.com/PokeAPI/sprites/master/sprites/pokemon/other/official-artwork/1024.png,https://raw.githubusercontent.com/PokeAPI/sprites/master/sprites/pokemon/other/home/1024.png,https://raw.githubusercontent.com/PokeAPI/sprites/master/sprites/pokemon/other/official-artwork/1024.png,https://www.pokemon.com/us/pokedex/terapagos,species-page,2026-04-13T11:45:21.940891-07:00,200,official_media_verified_link_generated,,pokemon.com page content is bot-protected; official page URL is attached for manual verification.
terapagos-stellar,Terapagos Stellar,1024,https://assets.pokemon.com/assets/cms2/img/pokedex/full/1024.png,https://raw.githubusercontent.com/PokeAPI/sprites/master/sprites/pokemon/other/official-artwork/10277.png,https://raw.githubusercontent.com/PokeAPI/sprites/master/sprites/pokemon/other/home/10277.png,https://raw.githubusercontent.com/PokeAPI/sprites/master/sprites/pokemon/other/official-artwork/10277.png,https://www.pokemon.com/us/pokedex/terapagos,species-page,2026-04-13T11:45:21.940891-07:00,200,official_media_verified_link_generated,,pokemon.com page content is bot-protected; official page URL is attached for manual verification.
terapagos-terastal,Terapagos Terastal,1024,https://assets.pokemon.com/assets/cms2/img/pokedex/full/1024.png,https://raw.githubusercontent.com/PokeAPI/sprites/master/sprites/pokemon/other/official-artwork/10276.png,https://raw.githubusercontent.com/PokeAPI/sprites/master/sprites/pokemon/other/home/10276.png,https://raw.githubusercontent.com/PokeAPI/sprites/master/sprites/pokemon/other/official-artwork/10276.png,https://www.pokemon.com/us/pokedex/terapagos,species-page,2026-04-13T11:45:21.940891-07:00,200,official_media_verified_link_generated,,pokemon.com page content is bot-protected; official page URL is attached for manual verification.
pecharunt,Pecharunt,1025,https://assets.pokemon.com/assets/cms2/img/pokedex/full/1025.png,https://raw.githubusercontent.com/PokeAPI/sprites/master/sprites/pokemon/other/official-artwork/1025.png,https://raw.githubusercontent.com/PokeAPI/sprites/master/sprites/pokemon/other/home/1025.png,https://raw.githubusercontent.com/PokeAPI/sprites/master/sprites/pokemon/other/official-artwork/1025.png,https://www.pokemon.com/us/pokedex/pecharunt,species-page,2026-04-13T11:45:21.940891-07:00,200,official_media_verified_link_generated,,pokemon.com page content is bot-protected; official page URL is attached for manual verification.
